battery,cycle_index,type,ambient_temperature,time,voltage_mean,voltage_min,voltage_max,voltage_std,current_mean,current_min,current_max,current_std,temperature_mean,temperature_min,temperature_max,temperature_std,duration,voltage_charge_mean,current_charge_mean,voltage_load_mean,current_load_mean,capacity,sense_current_mean,battery_current_mean,current_ratio_mean,battery_impedance_mean,rectified_impedance_mean,Re,Rct
B0005,0,charge,24,[2.0080e+03 4.0000e+00 2.0000e+00 1.3000e+01 8.0000e+00 1.7921e+01],4.187419504014827,3.479393559379272,4.2099486995035615,0.045764989123261914,0.6434546691871927,-4.030268477538787,1.5143932321982565,0.6254070302865201,25.32407901830568,24.167061880805868,27.445134031590747,1.011309693973562,7597.875,4.359486692015209,0.6384524714828897,,,,,,,,,,
B0005,1,discharge,24,[2.0080e+03 4.0000e+00 2.0000e+00 1.5000e+01 2.5000e+01 4.1593e+01],3.5298286688693397,2.612467347907089,4.191491807505295,0.2359570706808563,-1.8187019641679727,-2.0180146876333027,0.000728585272845447,0.593546181674474,32.572328114029,24.325993424022467,38.98218133148803,3.4869204762216834,3690.234,,,,,1.8564874208181574,,,,,,,
B0005,2,charge,24,[2.0080e+03 4.0000e+00 2.0000e+00 1.6000e+01 3.7000e+01 5.1984e+01],4.058826443375249,3.001950570776504,4.213016370444398,0.1773798660372038,0.9490426727251161,-3.361982908688226,1.5151784093535638,0.666259837238909,26.635622628116085,24.528515200437052,29.34194895777482,1.3577712018661738,10516.0,4.430904255319149,0.9417617021276596,,,,,,,,,,
B0005,3,discharge,24,[2.0080e+03 4.0000e+00 2.0000e+00 1.9000e+01 4.3000e+01 4.8406e+01],3.5373201277859714,2.587208728940726,4.189773213846608,0.23476492928592219,-1.8175598506612867,-2.016820542901454,0.002927403359080335,0.5951796218062511,32.72523522519307,24.685948163596,39.033397966787035,3.4267342264664666,3672.344,,,,,1.846327249719927,,,,,,,
B0005,4,charge,24,[2.0080e+03 4.0000e+00 2.0000e+00 2.0000e+01 5.5000e+01 4.0812e+01],4.058138828852896,3.0358785775794024,4.212788046609961,0.17528687641434834,0.9505286974657304,-3.384407789097242,1.5168939445650547,0.6669530273269925,26.778175507896698,24.600173786523015,29.553300732538816,1.371118399905783,10484.547,4.402618996798292,0.9431141942369264,,,,,,,,,,
B0005,5,discharge,24,[2.008e+03 4.000e+00 3.000e+00 0.000e+00 1.000e+00 6.687e+00],3.5437367282719,2.6519168938437794,4.188186735991303,0.22752543549673088,-1.8164865418840956,-2.016573862170142,0.0014836763652280672,0.5964980204475099,32.64286193755933,24.734266163954402,38.818796689817404,3.379475042762775,3651.641,,,,,1.8353491942234077,,,,,,,
B0005,6,charge,24,[2.0080e+03 4.0000e+00 3.0000e+00 1.0000e+00 1.2000e+01 3.8671e+01],4.058904789088504,3.0661450551857485,4.212924011950438,0.1726065412766279,0.9523115206216739,-3.4122633601213583,1.5175028479320207,0.6662704587130999,26.70320405781683,24.49334629714403,29.456340289732644,1.3750710881487294,10397.89,4.418978563772776,0.9447352625937836,,,,,,,,,,
B0005,7,discharge,24,[2008.       4.       3.       4.      16.      37.375],3.5436661072601456,2.592947964776547,4.188461118855572,0.23274431724182537,-1.8255891938692528,-2.0159359571668354,0.001547011952723541,0.5834624841611844,32.51487646204882,24.652243741292516,38.7623045063458,3.3865437316993527,3631.563,,,,,1.8352625275821128,,,,,,,
B0005,8,charge,24,[2008.       4.       3.       5.      27.      49.125],4.058329981003973,3.0637656606174013,4.2128738833616,0.17353550330211395,0.9477284862498987,-3.403625146732859,1.5169487474809897,0.6684150117614278,26.617004288392003,24.42016992589388,29.4813335075363,1.3863920147737276,10495.203,4.364055496264675,0.9403607257203841,,,,,,,,,,
B0005,9,discharge,24,[2008.       4.       3.       8.      33.      25.703],3.5423432526672167,2.547419651124539,4.188298524761055,0.2366885716567803,-1.8261139590277586,-2.017425579158831,0.001701454824503414,0.5834685498827803,32.38234901543077,24.518700434435164,38.66539257343368,3.3958806914600226,3629.172,,,,,1.8346455082120419,,,,,,,
B0005,10,charge,24,[2008.       4.       3.       9.      44.      35.078],4.059785107501149,3.0593224041262927,4.212763963219923,0.17408492131430156,0.9326606943848299,-3.3944513625869224,1.5165104184246716,0.6731501315206839,26.51849450408942,24.41186883829393,29.39582042914756,1.3697737752797174,10792.672,4.326279411764706,0.9256123949579832,,,,,,,,,,
B0005,11,discharge,24,[2008.       4.       3.      12.      55.      10.687],3.5413347346347575,2.5209480504077413,4.188815807948604,0.23931625998293235,-1.8168108743168803,-2.0162347618032066,0.0024899497555445145,0.5967015706365189,32.43418218230641,24.51442664842638,38.75169504640032,3.4173255675455376,3652.281,,,,,1.8356616600675495,,,,,,,
B0005,12,charge,24,[2008.       4.       3.      14.       6.      43.234],4.058914241429766,3.0533599221041614,4.213176751734383,0.17492119103637335,0.9322724824266048,-3.401390462320561,1.5149343200832288,0.6740521218860146,26.620706323978894,24.527457541863313,29.438424119486054,1.368754831634235,10789.985,4.287875,0.9251428571428572,,,,,,,,,,
B0005,13,discharge,24,[2008.       4.       3.      17.      17.      16.015],3.5410250495075215,2.487927319492314,4.18839163793879,0.2425153341196382,-1.816791144707133,-2.01583310669507,0.002314295882739856,0.5964919190059063,32.480416444757985,24.575581239008407,38.8207012322275,3.419542558294876,3650.828,,,,,1.8351461429226603,,,,,,,
B0005,14,charge,24,[2008.       4.       3.      18.      28.      47.125],4.053425643583468,3.048720950345317,4.212850577044761,0.1775571053031069,0.9653291698755072,-3.385806497377117,1.5160376811966019,0.6618959022597396,26.737918888901717,24.545714784434754,29.510810563981206,1.3633224155181507,10127.562,4.4560641304347826,0.9578858695652174,,,,,,,,,,
B0005,15,discharge,24,[2008.       4.       3.      21.      28.      14.718],3.554133296801584,2.6652049047458775,4.188927891511958,0.22731251096165395,-1.8443412120754061,-2.0166395518034546,0.002227616056915605,0.5573831672048897,32.41046186109587,24.71132429046902,38.51713023385634,3.3516161723228617,3572.453,,,,,1.8257567905665537,,,,,,,
B0005,16,charge,24,[2008.       4.       3.      22.      38.      27.453],4.055637707823975,3.0824222303522406,4.213141772335243,0.1735869632454472,0.9616213808811537,-3.43387007729948,1.5173922491512082,0.6639718144564338,26.74145703066146,24.51382202883513,29.668813794471543,1.3841787699624821,10147.952999999994,4.4105298588490776,0.9542204125950055,,,,,,,,,,
B0005,17,discharge,24,[2.0080e+03 4.0000e+00 4.0000e+00 1.0000e+00 3.8000e+01 1.5218e+01],3.5529355991467955,2.6038584726333673,4.189029250882121,0.2324538495076242,-1.853972745505648,-2.018357230695621,0.005401028321021492,0.5424840616663397,32.3461408313,24.628487294051176,38.526267904657,3.3724043396197616,3550.594,,,,,1.8247738529891333,,,,,,,
B0005,18,charge,24,[2.008e+03 4.000e+00 4.000e+00 2.000e+00 4.800e+01 6.156e+00],4.0551389874488235,3.075795646323062,4.212949842741421,0.17484391180363582,0.9608152867945828,-3.416543780338169,1.517754813457655,0.6641380078436662,26.7021703105932,24.435380667117133,29.779288735822295,1.4147510153022544,10162.094,4.418718783930511,0.9531161780673181,,,,,,,,,,
B0005,19,discharge,24,[2008.       4.       4.       5.      48.       8.609],3.5512057319376997,2.552853984885676,4.189223427076418,0.23672870147542147,-1.8535899338510957,-2.0160718378149842,0.0030191479674457028,0.5423346882876612,32.27679750791685,24.561560340089137,38.52698128472781,3.384318782535614,3551.25,,,,,1.824613268496936,,,,,,,
B0005,20,charge,24,[2.008e+03 4.000e+00 4.000e+00 6.000e+00 5.800e+01 2.960e-01],4.054491573689291,3.06985284508505,4.2132271723869295,0.17554945525461832,0.961954518108792,-3.4217714333372964,1.5160463401115014,0.6634398558389827,26.608132946993933,24.32273250630084,29.71100043300344,1.42477200092305,10119.375,4.4077847826086956,0.9543456521739131,,,,,,,,,,
B0005,21,discharge,24,[2008.       4.       4.       9.      57.      19.765],3.549292319740949,2.4724483018527317,4.188916055911241,0.2430973444996006,-1.863380178294828,-2.0160713863396573,0.002626400189938571,0.5267409991401001,32.15709350345252,24.43128509546442,38.54143406601644,3.4192563180601603,3530.25,,,,,1.8246195526864504,,,,,,,
B0005,22,charge,24,[2008.       4.       4.      11.       6.      50.375],4.0526146919932,3.0612589860161115,4.212826399381091,0.17729439023205582,0.9688176644385617,-3.4044907346629887,1.5169315449208305,0.6609868652694818,26.63314786563377,24.44909427715232,29.79634895864274,1.3970655679971646,10013.235,4.446259583789704,0.9611226725082148,,,,,,,,,,
B0005,23,charge,24,[2008.       4.       4.      15.       5.      59.906],4.076087195502948,3.34157125606709,4.212863906558764,0.1443924545276609,0.948479102987148,-3.78388997609184,1.517755800661927,0.6653019848519954,27.033644494333256,24.588334332873952,30.37677905152779,1.5543978163047227,9586.875,4.453830546265329,0.9409453734671126,,,,,,,,,,
B0005,24,discharge,24,[2008.       4.       4.      17.      56.      27.609],3.559759220648976,2.64956413267546,4.189876247266316,0.22886185175957943,-1.872968810287894,-2.016851865845563,0.00236452370176732,0.5116979707844124,32.36407129853099,24.74037188089418,38.52197451768004,3.3635991447660745,3491.016,,,,,1.8142019357673917,,,,,,,
B0005,25,charge,24,[2008.       4.       4.      19.       5.      19.234],4.054612747973269,3.092615790717664,4.212724851227894,0.17368701217979385,0.9671176035785914,-3.4380894291317374,1.5187305848630464,0.6616228729345399,26.870618187745674,24.582626408111885,30.05302011094364,1.4296559397124045,9952.359,4.433821271929825,0.9594374999999999,,,,,,,,,,
B0005,26,discharge,24,[2.0080e+03 4.0000e+00 4.0000e+00 2.2000e+01 1.0000e+00 5.4671e+01],3.558081969139198,2.5724981777366227,4.189286794768804,0.23460775776275253,-1.8826095043160833,-2.016393908986775,0.0018583785527610795,0.4942824152307196,32.3181954403762,24.733107699311514,38.582485834057856,3.3739283176724415,3470.281,,,,,1.8137521577549054,,,,,,,
B0005,27,charge,24,[2008.       4.       4.      23.      10.      25.421],4.059265909682025,3.082964486167869,4.213057848582499,0.17353544509135382,0.9281364622466176,-3.4334448239833244,1.516640506364978,0.67558220466249,26.738987031481408,24.46895730598046,30.168468843680714,1.5083652386093211,10758.031000000003,4.244855941114617,0.9207749737118822,,,,,,,,,,
B0005,28,discharge,24,[2.0080e+03 4.0000e+00 5.0000e+00 2.0000e+00 2.0000e+01 2.6703e+01],3.555692244172496,2.5249886697730286,4.188837765892728,0.237911318298918,-1.882536787636365,-2.0158117255163046,0.0022664654273509715,0.49428703573729343,32.15709029211502,24.44798340505406,38.520294134873915,3.426023279669047,3470.0,,,,,1.8134404914735822,,,,,,,
B0005,29,charge,24,[2008.       4.       5.       3.      28.      57.234],4.053495431054621,3.0770823404741723,4.213191057068328,0.1758569073795974,0.9687280220511734,-3.432001975216655,1.5169693958592914,0.6608500283156388,26.692190227813647,24.320043101365826,30.06078601207466,1.4804254427478445,9921.75,4.435383095499452,0.9609857299670691,,,,,,,,,,
B0005,30,discharge,24,[2.008e+03 4.000e+00 5.000e+00 6.000e+00 2.500e+01 1.890e+00],3.562746818017503,2.694621861688723,4.189110301768517,0.22392608690207388,-1.8817935155260215,-2.0193509920362724,0.001319946437255823,0.49541451927035984,32.04407000314609,24.463097121123557,38.21358592965045,3.360458061989185,3450.297,,,,,1.8025980036306504,,,,,,,
B0005,31,charge,24,[2008.       4.       5.       7.      33.      12.734],4.057009589497505,3.1099815648289453,4.212768567166564,0.17099975080956364,0.9622055340791629,-3.482051074636857,1.5155189973310466,0.6631283952602673,26.563313470921162,24.209464138213455,29.84105303532721,1.4715302557199637,10000.25,4.417856673960612,0.9545514223194749,,,,,,,,,,
B0005,32,discharge,24,[2008.       4.       5.      10.      30.      32.312],3.5614521756489204,2.64010141737067,4.18921207304098,0.22796979172772144,-1.8921861285036712,-2.0164420273602586,0.0030782527761262007,0.4770160473926998,31.931593674911532,24.32051139249706,38.1983618706913,3.385244667118977,3429.407,,,,,1.80210690024615,,,,,,,
B0005,33,charge,24,[2008.      4.      5.     11.     38.     22.14],4.056509050138727,3.1054460082871422,4.21291099996523,0.17191885180016153,0.9646896474341132,-3.4790104488850004,1.517095395882731,0.6617435115067636,26.52595276450022,24.162156462647953,29.90236309006016,1.4901263410527419,9936.031,4.464809001097694,0.9571701427003293,,,,,,,,,,
B0005,34,discharge,24,[2008.       4.       5.      14.      34.      41.468],3.5603420474985823,2.5739035098380962,4.188899969428112,0.23297600498562532,-1.9027629207037406,-2.016465255161054,0.0009018486465400538,0.4571130109358775,31.941655359029298,24.357321702352365,38.31926916027133,3.4008083552683144,3409.484,,,,,1.802579500826209,,,,,,,
B0005,35,charge,24,[2008.       4.       5.      15.      42.      11.531],4.055991881873581,3.098521142673477,4.213175415157681,0.1729293721049914,0.962272056961881,-3.461446831236046,1.5164629383150432,0.6627399317176162,26.591676949772925,24.228713761357017,30.108307461804788,1.506893350814015,9989.532,4.422258488499453,0.954698795180723,,,,,,,,,,
B0005,36,discharge,24,[2008.       4.       5.      18.      39.      25.218],3.5591189041401865,2.4942396831720126,4.188779799856791,0.23873643876806222,-1.9133470605822436,-2.0181069603406625,-0.00044812397487015555,0.4358942318853322,31.965008645476725,24.382419922756025,38.4787542519308,3.414795247499799,3390.422,,,,,1.8030683142834096,,,,,,,
B0005,37,charge,24,[2008.       4.       5.      19.      46.      36.125],4.056478346718693,3.089171188226161,4.212972694840331,0.17396574099359602,0.9537153567418096,-3.450379445041623,1.5161161861598926,0.6658522874612643,26.645032205307864,24.241843287727786,30.32132377942574,1.5512388467081693,10158.782,4.377891540130152,0.9463156182212581,,,,,,,,,,
B0005,38,discharge,24,[2008.       4.       5.      22.      46.      35.484],3.557886771846508,2.4556793246645583,4.189272591516219,0.24145031412156678,-1.9131602105481538,-2.0170254305215485,0.002337558709004184,0.43619046586394566,31.966241678512723,24.355030419469987,38.54659017774874,3.433369080629228,3390.281,,,,,1.8027776247196041,,,,,,,
B0005,39,charge,24,[2008.      4.     18.     17.     34.     22.89],4.079851333950047,3.235784344365443,4.212806303346363,0.14219594709490554,0.9411642330468534,-3.646980102654795,1.5167316228940972,0.6702007110685609,25.663244609650953,24.19543355059427,29.01875034428269,1.3382356450143664,10289.312,4.407660235798499,0.9334212218649518,,,,,,,,,,
B0005,40,impedance,24,[2008.       4.      18.      20.      55.      29.859],,,,,,,,,,,,,,,,,,,816.4267024624833,323.1039834618639,2.5672845748527484,0.20895020797607514,,0.04466870036616091,0.06945627304536996
B0005,41,discharge,24,[2008.       4.      18.      21.      10.      19.796],3.5520375235511907,2.632142800798914,4.187614060563439,0.23416563071224794,-1.8553455745575975,-2.01684718332263,0.005955165804640151,0.5400579358950733,32.37143341978575,24.549424447285215,38.44749852224995,3.358265608227543,3591.734,,,,,1.8470259949329193,,,,,,,
B0005,42,impedance,24,[2008.       4.      18.      22.      39.      16.312],,,,,,,,,,,,,,,,,,,815.0319260564542,323.62563296584096,2.577993338104437,0.21477161817685453,,0.04668700162486933,0.07627474098530587
B0005,43,charge,24,[2008.       4.      18.      22.      53.      58.343],4.057903790387567,3.0683685778510936,4.213442172806784,0.17012466194223858,0.9612867786553304,-3.398836643486512,1.5153264287158423,0.6650675616811264,26.015018000119397,24.71458123416169,29.356471957843606,1.278151867514506,10283.077999999994,4.438400215749731,0.9536472491909385,,,,,,,,,,
B0005,44,impedance,24,[2.0080e+03 4.0000e+00 1.9000e+01 2.0000e+00 1.4000e+01 2.7015e+01],,,,,,,,,,,,,,,,,,,815.7607203654292,323.7401647247099,2.5633442408895935,0.2087162071516686,,0.044843430573346096,0.0679720560130687
B0005,45,discharge,24,[2008    4   19    2   29    9],3.5525668436897124,2.5027764692056795,4.1876287811083985,0.2441722414090925,-1.8746995273150975,-2.016190951623346,0.0016182635202416972,0.5078881766945342,32.70024990461686,24.917503693363493,38.992275791716615,3.4144547200965945,3552.297,,,,,1.847417311283644,,,,,,,
B0005,46,impedance,24,[2008.       4.      19.       3.      57.      24.187],,,,,,,,,,,,,,,,,,,814.6736806203832,324.4263457076668,2.5666109097649072,0.2129473531393761,,0.04619468955099375,0.07453388918437964
B0005,47,charge,24,[2008.       4.      19.       4.      12.       6.343],4.056383883924776,3.062344528295997,4.212832102518414,0.17164404642546613,0.963212383695507,-3.4078891045691866,1.516710708987509,0.665728111520913,26.09181445728815,24.720199951723636,29.32754285404437,1.2294514976829733,10281.39,4.4329090909090905,0.9553798701298704,,,,,,,,,,
B0005,48,impedance,24,[2008.       4.      19.       7.      32.      33.656],,,,,,,,,,,,,,,,,,,816.2461883667588,323.0674710450523,2.5690406786621485,0.2092581728649849,,0.04510114851143001,0.06852832896000328
B0005,49,discharge,24,[2008.       4.      19.       7.      47.      15.703],3.556794038327039,2.617507742871704,4.187447226312926,0.23311973567394634,-1.873827212788385,-2.016760348146938,0.002519215784369448,0.5090210348494151,32.32266411829938,24.56596639952811,38.51424197364312,3.395181230789341,3531.578,,,,,1.8361774213478947,,,,,,,
B0005,50,impedance,24,[2008.       4.      19.       9.      15.      10.453],,,,,,,,,,,,,,,,,,,813.8002245891472,325.45005308141316,2.5583535487906635,0.2125279892780493,,0.04599074473076839,0.07342664108773311
B0005,51,charge,24,[2008.       4.      19.       9.      29.      52.703],4.058279288673889,3.0904138909445984,4.212770290752828,0.16755192439750516,0.9697506680439039,-3.464130250924988,1.5163150263089855,0.6628979584636324,25.709030057450274,24.33879447791203,28.938506516868497,1.2292595942620073,10081.797,4.443292122538293,0.9619234135667397,,,,,,,,,,
B0005,52,impedance,24,[2.008e+03 4.000e+00 1.900e+01 1.200e+01 4.700e+01 4.210e-01],,,,,,,,,,,,,,,,,,,816.2106388510329,323.21785861804847,2.5721523467186267,0.20964335653567567,,0.044172075577171746,0.06804449516996176
B0005,53,discharge,24,[2.0080e+03 4.0000e+00 1.9000e+01 1.3000e+01 1.0000e+00 4.2562e+01],3.5614100044534203,2.694074478000972,4.187344026387161,0.22484633144049296,-1.883193546754683,-2.0160230713598764,0.0037933120349866447,0.49304941109665107,31.98795810666763,24.21658146702539,38.165816144899125,3.404274898198559,3492.907,,,,,1.8257807475776242,,,,,,,
B0005,54,impedance,24,[2008.       4.      19.      14.      28.      58.984],,,,,,,,,,,,,,,,,,,814.4735219004697,324.67605210529206,2.5660148334284205,0.21329986947918667,,0.0452171085992494,0.07464778408413367
B0005,55,charge,24,[2008.       4.      19.      14.      43.      41.265],4.065739463308087,3.1140130371184864,4.213276766831537,0.16291791641482378,0.931056714150449,-3.4935571241981895,1.5169994248587462,0.6759588919178314,25.473631563964574,24.197877286536087,28.754789972770777,1.2257599584162504,10797.328,4.299253684210527,0.9236,,,,,,,,,,
B0005,56,impedance,24,[2008.       4.      19.      18.      12.      47.531],,,,,,,,,,,,,,,,,,,816.2051351626425,323.6141530549878,2.568100877295447,0.20928590344598322,,0.043786628196075913,0.06845021227072765
B0005,57,discharge,24,[2008.       4.      19.      18.      27.      29.828],3.5566107947817986,2.6237674644021887,4.187438187636325,0.23067449635182954,-1.873239184822504,-2.01719076462715,0.00343888873867598,0.51045002675325,31.894456524691385,24.054990657817566,38.16526203587147,3.436465900023053,3511.594,,,,,1.8251136435078368,,,,,,,
B0005,58,impedance,24,[2008.       4.      19.      19.      55.       5.296],,,,,,,,,,,,,,,,,,,814.0944469300438,325.3383029492804,2.5617997429128456,0.21279108647207748,,0.04490994541365791,0.07395687603254197
B0005,59,charge,24,[2008.      4.     19.     20.      9.     47.75],4.0611501521821065,3.108464373403045,4.212690151499114,0.16467211248478525,0.9648375330851495,-3.4951011322233136,1.5184741108182815,0.6638796146416811,25.427401199812184,24.107357999599078,28.688602374299098,1.2335771337537416,10099.218,4.447651746724891,0.9569312227074237,,,,,,,,,,
B0005,60,impedance,24,[2008.       4.      19.      23.      27.      13.343],,,,,,,,,,,,,,,,,,,816.2964766702971,323.0223718739734,2.5727601658868755,0.2097048351944546,,0.04463932198878524,0.0683410113732366
B0005,61,discharge,24,[2008.       4.      19.      23.      41.      55.687],3.5586742170266272,2.5010798299873738,4.18774138117799,0.23845858592777874,-1.9139593751505897,-2.0161148625656655,0.0012614422239159216,0.4336815885962881,31.78039681801023,24.024851602995685,38.27549578575718,3.4449494445307676,3431.9370000000054,,,,,1.8255815042203762,,,,,,,
B0005,62,impedance,24,[2.0080e+03 4.0000e+00 2.0000e+01 1.0000e+00 8.0000e+00 1.1406e+01],,,,,,,,,,,,,,,,,,,814.3610070435101,324.74823476745433,2.5649983075147986,0.213144763813216,,0.04717044086931744,0.07208112164479205
B0005,63,charge,24,[2.0080e+03 4.0000e+00 2.0000e+01 1.0000e+00 2.2000e+01 5.3953e+01],4.060647477294544,3.099532736693632,4.212873191810286,0.1657973281827175,0.9656310887431298,-3.4904911773797043,1.516919363258194,0.6633242133224594,25.37095530984966,24.033722015137002,28.633407089003214,1.2333213614768859,10078.719,4.455490710382514,0.9577846994535518,,,,,,,,,,
B0005,64,impedance,24,[2008.       4.      20.       4.      39.      59.296],,,,,,,,,,,,,,,,,,,816.4055434636157,323.69922891239395,2.5638109065145387,0.20877688529334773,,0.043558785775475374,0.06868237655872211
B0005,65,discharge,24,[2008.       4.      20.       4.      54.      41.734],3.564103182686905,2.6849988185249796,4.188261122540052,0.22371289710668404,-1.9030532722310995,-2.0168636304742815,0.0031353992245556606,0.45609178373993275,31.688747146342205,23.93622764909489,37.982160799183106,3.4231952488727075,3431.125,,,,,1.8140311275083907,,,,,,,
B0005,66,impedance,24,[2008.       4.      20.       6.      20.      57.125],,,,,,,,,,,,,,,,,,,813.5343382462119,325.804179635289,2.5549128777347034,0.21195149658699972,,0.04648969708635643,0.07102909339339247
B0005,67,charge,24,[2008.       4.      20.       6.      35.      39.765],4.067270138639281,3.133150786659082,4.213238259402031,0.16024694183880867,0.9343625511181636,-3.5331810156551415,1.5161717111709385,0.6738173379249738,25.273682170348483,23.947398698846445,28.589954117359028,1.234398837052272,10617.375,4.321113588110404,0.9267738853503185,,,,,,,,,,
B0005,68,impedance,24,[2.0080e+03 4.0000e+00 2.0000e+01 1.0000e+01 1.0000e+00 4.6156e+01],,,,,,,,,,,,,,,,,,,816.3768498754638,323.27989966228057,2.5672112609127535,0.20911689614998286,,0.04526547818261783,0.0681437253042456
B0005,69,discharge,24,[2008.       4.      20.      10.      16.      28.859],3.559588063594272,2.547109116468133,4.187338767288234,0.23399060506233524,-1.9134590742247914,-2.024643671910137,0.0011043615738374486,0.434873129767018,31.596747992569153,23.811534187517502,38.11100191887773,3.461139819499428,3412.406,,,,,1.8147691941158939,,,,,,,
B0005,70,impedance,24,[2008.       4.      20.      11.      42.      26.062],,,,,,,,,,,,,,,,,,,814.1873813652063,325.00273238116165,2.56421503142572,0.21281807867013133,,0.0463622366817154,0.07193029860543036
B0005,71,charge,24,[2008.       4.      20.      11.      57.       8.765],4.06627015738475,3.119641559381448,4.213312787594857,0.1619720658778782,0.9378723891405097,-3.513207367229806,1.5177899917802138,0.6725178421827402,25.188122631656277,23.841312817521448,28.50176643400805,1.2381246997665996,10564.157,4.347584664536741,0.9302843450479233,,,,,,,,,,
B0005,72,impedance,24,[2008.      4.     20.     15.     22.     22.64],,,,,,,,,,,,,,,,,,,816.0602136712378,323.74642291390654,2.5618533569325352,0.20863345859197513,,0.044483715777434665,0.06782555719716843
B0005,73,discharge,24,[2008.       4.      20.      15.      37.       5.281],3.556833231052199,2.471314764334132,4.187560306288175,0.23947202414141244,-1.913620909902553,-2.017291134571006,-3.060676830687782e-05,0.43491395027052004,31.565586498787077,23.754765330883426,38.18831137948753,3.480274215150429,3410.688,,,,,1.813969388710352,,,,,,,
B0005,74,impedance,24,[2.008e+03 4.000e+00 2.000e+01 1.700e+01 3.000e+00 1.140e+00],,,,,,,,,,,,,,,,,,,814.0559567557078,325.3006589654104,2.5603548529529117,0.2125483427978235,,0.04482791300205649,0.07288826952758304
B0005,75,charge,24,[2008.       4.      20.      17.      17.      44.031],4.063497194671534,3.117821882492223,4.212902355486726,0.16300985529340062,0.9583515841331876,-3.5054603250839507,1.5178105214785498,0.6650732230627389,25.208644345593083,23.875743075457656,28.530897709955585,1.2426747584413491,10143.984,4.433454248366013,0.9507788671023965,,,,,,,,,,
B0005,76,impedance,24,[2008.       4.      20.      20.      35.      56.187],,,,,,,,,,,,,,,,,,,816.0645446470699,323.50378066322514,2.5655690833558134,0.20912332812468937,,0.04441416485910045,0.06885805241213436
B0005,77,discharge,24,[2008.       4.      20.      20.      50.      38.921],3.5624410850948944,2.6613903306108773,4.18805176248713,0.22469381728284948,-1.9025819745719061,-2.01713712589233,0.0037901043107805275,0.45735642874148813,31.59124667045208,23.79410930748377,37.998541119085836,3.455173082508427,3410.718,,,,,1.802765665167823,,,,,,,
B0005,78,impedance,24,[2008.       4.      20.      22.      16.      35.078],,,,,,,,,,,,,,,,,,,813.1977076998731,326.0188230535403,2.55456949713139,0.21218710665889637,,0.04466450679894579,0.0727868237536811
B0005,79,charge,24,[2008.       4.      20.      22.      31.      18.046],4.070367166586395,3.148580175410883,4.212958241599311,0.15790616795717002,0.923985399312232,-3.5490719760595026,1.5192411400177066,0.6765461197456111,25.22309620072603,23.918406035072028,28.577658552419905,1.2409409519911916,10790.452999999994,4.29054478398314,0.9166269757639622,,,,,,,,,,
B0005,80,impedance,24,[2.0080e+03 4.0000e+00 2.1000e+01 2.0000e+00 0.0000e+00 1.9968e+01],,,,,,,,,,,,,,,,,,,816.0180115342195,323.4884656686245,2.5696585948066955,0.20946235387909926,,0.04453544590029642,0.06779434699116274
B0005,81,discharge,24,[2.008e+03 4.000e+00 2.100e+01 2.000e+00 1.500e+01 2.921e+00],3.5591407106855666,2.541762355407921,4.187667484260542,0.2337381121665522,-1.9130621638638965,-2.0159460285100574,0.0006901740069088986,0.4362089113558066,31.603485399391182,23.801300986918452,38.194201649765226,3.4825819327963465,3392.719,,,,,1.804077040117352,,,,,,,
B0005,82,impedance,24,[2008.       4.      21.       3.      26.      58.453],,,,,,,,,,,,,,,,,,,812.7456511788722,326.4404326008007,2.5501705536495773,0.21121462351612166,,0.04502135245555801,0.06940408185539676
B0005,83,charge,24,[2008.       4.      21.      17.      51.      26.312],4.0705017213426595,3.1580925982193535,4.213259231541884,0.15656270278016785,0.9376239238395178,-3.5621332354558053,1.5164571928267292,0.6712738001331469,25.60871637467594,24.401860458892934,28.9596644463361,1.2377312186650866,10442.891,4.357848034006377,0.9302763018065887,,,,,,,,,,
B0005,84,charge,24,[2008.       4.      22.      14.      15.      41.187],4.210968137972064,3.819395599301223,8.393141180564633,0.17456062627542243,0.0073240257131663026,-4.4796596195981975,1.4228266793053173,0.2223345997762896,23.904181418379917,23.822593390953838,24.01713143780734,0.053135482441130574,1674.484,0.14543298969072166,0.008161512027491408,,,,,,,,,,
B0005,85,discharge,24,[2008.       4.      22.      15.      33.      49.875],3.5573161327793144,2.628919415830567,4.2010701773378685,0.2244802327371113,-1.920618117118412,-2.0167372379007014,0.0008475435827522827,0.4205282536761078,31.91556385491565,23.78129749955371,38.45796400011448,3.5076959837591097,3470.672,,,,,1.8518025516704486,,,,,,,
B0005,86,impedance,24,[2008.       4.      22.      16.      33.       3.953],,,,,,,,,,,,,,,,,,,834.3467671339095,329.7605427096183,2.6088422157497924,0.204169244712495,,0.04610646564263781,0.07041083307756363
B0005,87,charge,24,[2008.       4.      22.      17.       4.      53.218],4.130785490934083,3.0915429116168727,4.209223108011576,0.12517681247433055,0.6962458837408647,-3.44733089940877,1.5196672384784107,0.6594351141293584,25.487835720020833,24.223983259170872,28.988708015070493,1.3151257231338371,10113.656,4.23631675321126,0.6908220825362121,,,,,,,,,,
B0005,88,impedance,24,[2008.       4.      22.      19.      54.      32.265],,,,,,,,,,,,,,,,,,,835.8887526465611,328.2512221429307,2.6221935585697858,0.20607170056390003,,0.04646251600050638,0.06993774302336724
B0005,89,discharge,24,[2008.       4.      22.      20.      26.      18.921],3.561870782772737,2.6312552691827045,4.1996223345495824,0.22326557144507364,-1.9298830859597569,-2.0183057226929555,0.0011650883880798665,0.399294272689169,32.081128118597164,24.2036410699716,38.49126351534004,3.3915014198167084,3414.109,,,,,1.8307038456739428,,,,,,,
B0005,90,impedance,24,[2008.       4.      22.      21.      24.      34.484],,,,,,,,,,,,,,,,,,,834.2855150530755,329.8020143497161,2.6077587955251857,0.2040874124417423,,0.04766732499763113,0.06870142026856427
B0005,91,charge,24,[2008.       4.      22.      21.      56.      21.406],4.1327876409997755,3.1353563535730373,4.2088651384450735,0.12194942377933946,0.6900210401744445,-3.4987231998771415,1.5173130409965125,0.6585178272881071,25.536147530542536,24.084338083873263,29.096040691287843,1.3829038980614003,10137.89,4.251123840698308,0.6842504091653028,,,,,,,,,,
B0005,92,impedance,24,[2008.       4.      23.       0.      46.      24.921],,,,,,,,,,,,,,,,,,,835.9033654230419,328.08140971307597,2.6220390123197603,0.2060690607295631,,0.04772385451119983,0.06950417544214327
B0005,93,discharge,24,[2.0080e+03 4.0000e+00 2.3000e+01 1.0000e+00 1.8000e+01 1.1796e+01],3.5617586337260088,2.654880745360911,4.199853323702163,0.22104596048351946,-1.9293005284805407,-2.016579511976592,0.0019472390588109682,0.4002852377219257,31.849792632896243,24.00078927251757,38.31473393357882,3.3803301579998144,3395.219,,,,,1.8199041089501267,,,,,,,
B0005,94,impedance,24,[2.008e+03 4.000e+00 2.300e+01 2.000e+00 1.600e+01 8.578e+00],,,,,,,,,,,,,,,,,,,834.2148141541592,329.935514342777,2.6038960934977515,0.20377959512994534,,0.04786769518725868,0.06782851501053842
B0005,95,charge,24,[2.0080e+03 4.0000e+00 2.3000e+01 2.0000e+00 4.7000e+01 5.5453e+01],4.137730987261442,3.1610721465158074,4.208915856299548,0.11740868773593058,0.652562076583841,-3.536407100583495,1.523723794437228,0.6579798364371167,25.116393283510156,23.62822541246626,28.801172039065204,1.4115746702015017,10651.657,4.035221298701299,0.6470267532467532,,,,,,,,,,
B0005,96,impedance,24,[2008.      4.     23.      5.     46.     32.89],,,,,,,,,,,,,,,,,,,835.690480880449,328.10890304564697,2.6226335608297795,0.20611772082053684,,0.04694022963323793,0.069661211991841
B0005,97,discharge,24,[2008.       4.      23.       6.      18.      19.921],3.5597307651083123,2.6749688422803803,4.199103467081427,0.21897224844365457,-1.923330987770314,-2.0193879194408373,0.0018372947715281892,0.4135159697940358,31.465690433362017,23.53999092882516,37.861934640176806,3.416430218751927,3386.0,,,,,1.8093079637028517,,,,,,,
B0005,98,impedance,24,[2008.       4.      23.       7.      16.       7.671],,,,,,,,,,,,,,,,,,,834.0595408643582,330.26931450496863,2.600334399106125,0.20338453108085908,,0.045613419083722975,0.0690386303340568
B0005,99,charge,24,[2008.       4.      23.       7.      47.      54.718],4.135482199390235,3.1817353485221376,4.209312403034285,0.11762864986273383,0.6894028487761957,-3.554660481050277,1.5168222482277545,0.6556763969349887,24.93654575305907,23.58982857337026,28.45707570576707,1.3551233438938937,10032.485,4.3193171404913056,0.6836146839635661,,,,,,,,,,
B0005,100,impedance,24,[2008.       4.      23.      10.      36.      13.156],,,,,,,,,,,,,,,,,,,837.0367820064852,327.06239852935647,2.6340292553347675,0.20753547154426574,,0.04702798243208013,0.07112946749607083
B0005,101,discharge,24,[2.008e+03 4.000e+00 2.300e+01 1.100e+01 8.000e+00 3.120e-01],3.5575937553540915,2.6159705726789904,4.199998536865001,0.22364252387843475,-1.9284469980320087,-2.015814483813837,0.0074961910680886356,0.40194096557758924,31.40934895665031,23.566095747572557,37.90665575786083,3.39766676229326,3368.187,,,,,1.80460990458052,,,,,,,
B0005,102,impedance,24,[2008.       4.      23.      12.       5.      30.437],,,,,,,,,,,,,,,,,,,834.6662312921793,329.2653727664951,2.6132401106462737,0.20482755511774373,,0.04672887233883059,0.06971129972921941
B0005,103,charge,24,[2008.       4.      23.      12.      37.      17.515],4.139326441744096,3.188736239230124,4.209847565954341,0.11487619905666822,0.6521290223116658,-3.559444964364823,1.518117505061806,0.6560886164539794,25.09997200587896,23.93100684906631,28.65264667440442,1.3130423944377392,10574.297,4.092517151086672,0.6467467923540193,,,,,,,,,,
B0005,104,impedance,24,[2008.       4.      23.      15.      34.      37.843],,,,,,,,,,,,,,,,,,,837.2074435995327,326.57125558295434,2.6396246570271606,0.20811245961818137,,0.047755380262671634,0.07167079612312527
B0005,105,discharge,24,[2008.       4.      23.      16.       6.      25.171],3.5597237883937995,2.658447162110498,4.19967522099872,0.22067304968852833,-1.9231439161693824,-2.019901495893039,0.001392374886299951,0.4145005123309109,31.902247475518077,23.9730227457941,38.34003238560517,3.4319633187951024,3368.266,,,,,1.7993770651972192,,,,,,,
B0005,106,impedance,24,[2008.       4.      23.      17.       3.      55.484],,,,,,,,,,,,,,,,,,,834.5727336797744,329.48423702974543,2.611752803658011,0.2045607718256385,,0.04691622519628201,0.06913343554751465
B0005,107,charge,24,[2008.       4.      23.      17.      35.      42.828],4.138977878664847,3.1995494512602285,4.208965362941993,0.11475870965797151,0.6568967324675313,-3.5612026877917553,1.5176979011522238,0.6561070828726375,25.238210571113736,23.807911838361818,28.898824039759212,1.406699769192976,10461.735,4.08774708994709,0.6513195767195767,,,,,,,,,,
B0005,108,impedance,24,[2008.      4.     23.     20.     31.     10.75],,,,,,,,,,,,,,,,,,,836.3738531047999,327.7284294737983,2.6254641167583936,0.2064938918732452,,0.047022939446838434,0.06976696183555635
B0005,109,discharge,24,[2.0080e+03 4.0000e+00 2.3000e+01 2.1000e+01 2.0000e+00 5.8296e+01],3.559061771422033,2.6979426084271156,4.1991847248803165,0.2174117074890921,-1.9170149640438081,-2.016522387288751,0.0025753372180031702,0.42729035615010547,31.649024294808623,23.755161868961988,38.0745950590744,3.429628733786301,3358.719,,,,,1.7884432335370462,,,,,,,
B0005,110,impedance,24,[2008.       4.      23.      22.       0.      19.218],,,,,,,,,,,,,,,,,,,834.2083630473444,329.79991862373186,2.609504988630543,0.20422985846356367,,0.046604793185003,0.06852215228822905
B0005,111,charge,24,[2008.       4.      23.      22.      32.       6.671],4.1375438860840354,3.2162013536262384,4.209292498751627,0.11471395022123528,0.6848687577377983,-3.5948737369966377,1.5179414843613923,0.653945401567138,25.076721129383717,23.586914187260792,28.633513419804633,1.39911068709533,9993.062000000005,4.335140915395285,0.6789608876560335,,,,,,,,,,
B0005,112,impedance,24,[2.0080e+03 4.0000e+00 2.4000e+01 1.0000e+00 1.9000e+01 4.6171e+01],,,,,,,,,,,,,,,,,,,836.9902317215368,327.4210166381997,2.6334596483175075,0.20729482849181524,,0.046245370477528074,0.0719248993978976
B0005,113,discharge,24,[2.008e+03 4.000e+00 2.400e+01 1.000e+00 5.100e+01 3.389e+01],3.557015527748059,2.6617272246516333,4.200012480335,0.2202112122344345,-1.922048805055383,-2.017112121704317,0.0011747056452339859,0.4161258984825695,31.48874626238971,23.51454265913581,38.07252758016199,3.4678195183884166,3339.5,,,,,1.7829230484252723,,,,,,,
B0005,114,impedance,24,[2.0080e+03 4.0000e+00 2.4000e+01 2.0000e+00 4.8000e+01 3.5687e+01],,,,,,,,,,,,,,,,,,,834.7697535531528,329.1304126308298,2.616020379413835,0.2050161808055928,,0.04683293993011124,0.06946896899621643
B0005,115,charge,24,[2008.       4.      24.       3.      20.      23.359],4.142130778874384,3.223928529991111,4.209583847791707,0.11124786528730699,0.6428013189320935,-3.6018235936716247,1.5176043900064717,0.6534665447866245,24.785407292651822,23.31379977040365,28.473512860821305,1.4300752293726726,10602.281,4.076143491897543,0.6371970726607423,,,,,,,,,,
B0005,116,impedance,24,[2008.       4.      24.       6.      18.      12.171],,,,,,,,,,,,,,,,,,,837.0955215795121,326.97942631027644,2.6372687394248437,0.20770584088431598,,0.04618610336751238,0.07193787056034481
B0005,117,discharge,24,[2.008e+03 4.000e+00 2.400e+01 6.000e+00 5.000e+01 3.100e-02],3.5562481933590964,2.699288287625812,4.1992373656547874,0.21711532049783672,-1.9162302821549877,-2.018009988339822,0.0023816748049826563,0.42893766203569794,31.329995610092634,23.27146353182613,37.80133585100446,3.5094402484809746,3331.265,,,,,1.7730337158018288,,,,,,,
B0005,118,impedance,24,[2008.       4.      24.       7.      46.      53.906],,,,,,,,,,,,,,,,,,,834.1564071579614,330.06769938462736,2.603097207056097,0.20368857515737882,,0.04624136663986422,0.06934916902797013
B0005,119,charge,24,[2008.       4.      24.       8.      18.      41.703],4.143752782064051,3.239300973000498,4.209668023401793,0.1095010867513141,0.6353957512752219,-3.629064335057617,1.517170258313206,0.6522459194835771,24.684734315899224,23.393305453671598,28.25409621799234,1.3745063973766771,10667.969,4.06388718481934,0.6301226930075384,,,,,,,,,,
B0005,120,impedance,24,[2008.       4.      24.      11.      17.      36.359],,,,,,,,,,,,,,,,,,,837.0665785543844,326.75009584247334,2.6386814565751457,0.20792006230482837,,0.04773737014313117,0.0703395836124857
B0005,121,discharge,24,[2008.       4.      24.      11.      49.      24.281],3.5532756526091784,2.6127932408838532,4.1993957811187075,0.2242097776623701,-1.9220800182578983,-2.017724236336294,0.0021374370347549054,0.4172895950868297,31.569551201845574,23.439367870877128,38.39873985476869,3.562748483599031,3321.188,,,,,1.773037755078937,,,,,,,
B0005,122,impedance,24,[2008.       4.      24.      12.      46.       8.171],,,,,,,,,,,,,,,,,,,835.8814687952621,327.90802208135676,2.6274729444938525,0.20653130195271105,,0.049427483436388156,0.0695498357572787
B0005,123,charge,24,[2008.      4.     24.     13.     17.     56.25],4.142407348200686,3.2364581942530544,4.209651256417474,0.11058160421198596,0.644943392264159,-3.6131518500912776,1.5211473138342544,0.6527017174819706,25.22288378016189,24.002283686284205,28.7817612001126,1.3356077230139227,10504.781,4.100032990234891,0.639825019794141,,,,,,,,,,
B0005,124,impedance,24,[2008.       4.      24.      16.      14.       7.906],,,,,,,,,,,,,,,,,,,837.0241797794938,326.66504174084383,2.636866726182641,0.2077385501958587,,0.04838334154876506,0.06973812701544792
B0005,125,discharge,24,[2008.       4.      24.      16.      45.      56.015],3.556266431640255,2.6637064901468075,4.1995786980260705,0.22065598640894563,-1.9162417890311958,-2.016792488625222,0.00151986195803867,0.42954821430451323,32.111426258867944,24.020578317587123,38.74929237918251,3.542509758652166,3321.844,,,,,1.7678721106662054,,,,,,,
B0005,126,impedance,24,[2008.       4.      24.      17.      42.      40.796],,,,,,,,,,,,,,,,,,,834.980705989275,328.7053828720068,2.619172523157122,0.20550142053667694,,0.04747841688797767,0.06488297170955903
B0005,127,charge,24,[2008.       4.      24.      18.      14.      28.937],4.140988175836148,3.24280663963839,4.208972610120855,0.11149608558788283,0.6592412796626481,-3.6294504437547443,1.5195838519202762,0.6527627542954524,25.651300573733486,24.271128751208252,29.239711164174615,1.3839164397797397,10246.781,4.192531385281385,0.6538460497835498,,,,,,,,,,
B0005,128,impedance,24,[2008.       4.      24.      21.       6.      22.828],,,,,,,,,,,,,,,,,,,837.0934832250264,326.72089630815884,2.637502096277194,0.2078583090140432,,0.048037510039299486,0.07012511424776673
B0005,129,discharge,24,[2008.       4.      24.      21.      38.      11.078],3.5563095420140822,2.6668454289754746,4.199546957512695,0.22086472080479183,-1.9158809823517762,-2.0172551326315866,0.0018244735178706453,0.4301866281036963,32.271676011112376,24.256086319320033,38.87275464755104,3.505491291733021,3311.828,,,,,1.7623150704093087,,,,,,,
B0005,130,impedance,24,[2008.       4.      24.      22.      34.      45.921],,,,,,,,,,,,,,,,,,,834.7036611656455,329.3255829490283,2.611493129040421,0.20466707273854842,,0.047703621105183044,0.06859813037774799
B0005,131,charge,24,[2008.       4.      24.      23.       6.      34.156],4.141220239838989,3.247480792255816,4.208924563756907,0.11100654132271684,0.6624066950520237,-3.6549536807328544,1.5176959368230498,0.651751480642412,25.56869332326285,24.06058870103416,29.20215112477588,1.4310380033754817,10166.218999999997,4.210253682487725,0.6568445171849427,,,,,,,,,,
B0005,132,impedance,24,[2.008e+03 4.000e+00 2.500e+01 1.000e+00 5.700e+01 7.593e+00],,,,,,,,,,,,,,,,,,,836.9084942173207,327.32505912084247,2.6295050832105784,0.2070292359294911,,0.048086960073381944,0.0697134641311117
B0005,133,discharge,24,[2008.       4.      25.      12.       3.      44.093],3.558950851054106,2.684431051981017,4.194091469340824,0.2248771520046519,-1.9114406265753041,-2.0159457514475405,0.0005228307091433465,0.43944109419390154,31.842291659678658,23.99270220171187,38.503541429116005,3.5341086843673057,3327.391,,,,,1.7676172924938447,,,,,,,
B0005,134,charge,24,[2.0080e+03 4.0000e+00 2.5000e+01 1.7000e+01 2.0000e+00 3.5703e+01],4.145471994664563,3.2325525653503906,4.209761448406007,0.10713976679692001,0.6261909523367005,-3.6698120760048636,1.51917586801601,0.6512449786953217,25.077792180591818,23.66068079402558,28.994866075880225,1.4652122619323085,10804.922,3.9844938461538466,0.6210964102564104,,,,,,,,,,
B0005,135,discharge,24,[2008.       4.      25.      20.       3.      55.921],3.5534418211598053,2.645224362345869,4.200715235801255,0.22263448201480376,-1.9158166997544155,-2.021877555086194,0.002427106886628309,0.4299853699579859,31.759815453754253,23.826487051861594,38.27009094548294,3.4611972406700215,3312.078,,,,,1.762668359743147,,,,,,,
B0005,136,impedance,24,[2008.       4.      25.      21.       0.      31.421],,,,,,,,,,,,,,,,,,,834.5372631868239,329.43297605822113,2.609660352803526,0.20445047127230884,,0.04815104655957722,0.06772207819825936
B0005,137,charge,24,[2008.       4.      25.      21.      32.      20.468],4.14506668505229,3.2460008786636303,4.2099926286120235,0.10824667019151632,0.6255590922646385,-3.663267101527155,1.5179081116326563,0.6501217805754638,24.88199584693937,23.416793639013417,28.689379753778315,1.4579062836255166,10758.985,3.99543019062339,0.6203753219989695,,,,,,,,,,
B0005,138,impedance,24,[2008.       4.      26.       0.      32.      46.968],,,,,,,,,,,,,,,,,,,838.204883617367,325.6358285001007,2.6494244318991953,0.20937215239750095,,0.04754728174038817,0.07318009891168203
B0005,139,discharge,24,[2.0080e+03 4.0000e+00 2.6000e+01 1.0000e+00 4.0000e+00 3.5718e+01],3.5510121537420285,2.6603527244917,4.1990980807180325,0.22130511019697496,-1.9151304155635374,-2.0169903181968984,0.0006158711833322257,0.4310379045239763,31.41911167391793,23.348558306380394,38.11684755251712,3.5319955005201416,3293.172,,,,,1.7517304870664143,,,,,,,
B0005,140,impedance,24,[2.0080e+03 4.0000e+00 2.6000e+01 2.0000e+00 0.0000e+00 5.2359e+01],,,,,,,,,,,,,,,,,,,835.2351155936667,328.59693050773376,2.6180238079728926,0.20544942988026269,,0.04759013382319219,0.06914272874669278
B0005,141,charge,24,[2.0080e+03 4.0000e+00 2.6000e+01 2.0000e+00 3.2000e+01 4.1093e+01],4.1439383443857984,3.258925472084767,4.20985882694637,0.10832053630624049,0.6488218351577303,-3.6630644097478386,1.517811940099476,0.6493203856205728,24.755786611089874,23.301627528103573,28.49879598287713,1.444168064078235,10317.515,4.173030653401453,0.6434511965582147,,,,,,,,,,
B0005,142,impedance,24,[2008.       4.      26.       5.      25.      46.234],,,,,,,,,,,,,,,,,,,837.6866589328711,326.01593443720213,2.647118135860392,0.20893730203876085,,0.04764092098948851,0.07165247326552959
B0005,143,discharge,24,[2008.      4.     26.      5.     57.     35.14],3.551317608213948,2.6926849789916263,4.199398534411534,0.21900720749034402,-1.9148485784393638,-2.016185456554963,0.0008035192993614022,0.43231390245118795,31.331626572312267,23.236214188565974,38.04152715355532,3.538620015044167,3275.328,,,,,1.7418496047960008,,,,,,,
B0005,144,impedance,24,[2008.       4.      26.       6.      53.      34.171],,,,,,,,,,,,,,,,,,,835.0510423249949,328.9049611936704,2.618392073864485,0.20542131272890884,,0.04764024061757782,0.06898277923910441
B0005,145,charge,24,[2008.       4.      26.       7.      25.      23.031],4.147603583681183,3.2692690512059093,4.209887230778187,0.10516275160178026,0.6152408363821585,-3.6848694124104724,1.517838583010628,0.6473426093315588,24.655846530387144,23.24672830817118,28.4799079867521,1.4496940361209274,10805.734,3.981580487804878,0.6102474967907574,,,,,,,,,,
B0005,146,impedance,24,[2008.       4.      26.      10.      26.      36.718],,,,,,,,,,,,,,,,,,,838.1514651929474,325.42545041170905,2.6507022663561446,0.20950228632722048,,0.04842436953177311,0.07249983749010006
B0005,147,discharge,24,[2008.       4.      26.      10.      58.      25.843],3.549003180550162,2.670544734728978,4.199122915612965,0.22112880899864104,-1.9144128654409127,-2.0170647431651068,0.0014889451776809062,0.4327839754033059,31.35934131425137,23.214801785728056,38.17980302242767,3.580882360514829,3265.016,,,,,1.7360913511847138,,,,,,,
B0005,148,charge,24,[2008.       4.      28.      17.      20.      47.859],4.144169219623314,3.3033140359155366,4.208756826791167,0.10476416449174628,0.6655584759744552,-3.750655264382395,1.5189958805966282,0.6512258469358677,25.34567237446073,24.00317674324543,29.03785527005412,1.4222500782577978,9946.391,4.219012831241284,0.6599860529986052,,,,,,,,,,
B0005,149,discharge,24,[2008.       4.      29.      12.      15.      56.953],3.5597648340955175,2.605158060541757,4.190409478081396,0.22690811654164278,-1.9388813849818083,-2.0168134548386294,0.002493114712392233,0.3772637665356265,34.31088483888259,26.647373946169793,40.71218198711114,3.3312911329320847,3328.937,,,,,1.7936240148573608,,,,,,,
B0005,150,impedance,24,[2008.       4.      29.      13.      12.      54.375],,,,,,,,,,,,,,,,,,,834.9877063220162,328.2033226432159,2.624590035157304,0.20616691583246205,,0.04893386185534073,0.06795990180113623
B0005,151,charge,24,[2008.       4.      29.      13.      44.      46.546],4.131849671664145,3.1336137688971912,4.209078075122493,0.12406593494866827,0.6848433296419463,-3.4572307856174196,1.5168233863953686,0.6587568566978673,27.394756753879477,25.84852294268604,31.187717740405038,1.4242211244081062,10063.547,4.169603789126853,0.679104887424492,,,,,,,,,,
B0005,152,impedance,24,[2008.       4.      29.      16.      33.      38.281],,,,,,,,,,,,,,,,,,,837.4499380047514,325.67066227873914,2.648272387038691,0.20914054423440273,,0.04943074564871873,0.0701407541984291
B0005,153,discharge,24,[2008.       4.      29.      17.       5.      27.781],3.5623454342368555,2.672012007453096,4.199933846791869,0.22196151611679193,-1.927509725704535,-2.0165540953857675,0.002858970104521588,0.40406682162522617,33.43585640373788,25.69911743242072,39.885261233152924,3.3758093419223836,3329.266,,,,,1.7831890223273275,,,,,,,
B0005,154,impedance,24,[2.0080e+03 4.0000e+00 2.9000e+01 1.8000e+01 2.0000e+00 2.1296e+01],,,,,,,,,,,,,,,,,,,835.4368356823937,327.8874077220492,2.6277505926245497,0.2065197118436457,,0.049323007176718225,0.06895642914528509
B0005,155,charge,24,[2008.       4.      29.      18.      34.      10.656],4.137762150724724,3.194525311567972,4.208951335685938,0.11673950892414117,0.6556671395283481,-3.5412440147431115,1.526713269764804,0.6562835243513245,26.62662742896046,24.96756846214276,30.582056460987562,1.5124758060883667,10376.172,4.035682036247335,0.6501194029850746,,,,,,,,,,
B0005,156,impedance,24,[2008.      4.     29.     21.     28.     15.14],,,,,,,,,,,,,,,,,,,837.6724268416374,325.6807647056669,2.647001790263301,0.20908769736022945,,0.04974822543014387,0.07112993844977841
B0005,157,discharge,24,[2008.      4.     29.     22.      0.      4.75],3.558336657621618,2.674271233724938,4.199365021329158,0.22116302424041023,-1.9267185977839403,-2.022483480851903,0.0012369720338688353,0.4055885131371584,32.66698125020078,24.833281081823134,39.18287352945846,3.410710826213734,3301.579,,,,,1.7673642076278957,,,,,,,
B0005,158,impedance,24,[2008.       4.      29.      22.      56.      30.656],,,,,,,,,,,,,,,,,,,835.383952686199,328.0591835909301,2.6241797144181738,0.20622278424570858,,0.04912202877042455,0.06890956847456893
B0005,159,charge,24,[2008.       4.      29.      23.      28.      20.218],4.136417646225786,3.222452894613076,4.208915493791651,0.11557633934639919,0.6916168312082189,-3.5744732232808083,1.5177850169451024,0.6526415908432532,26.046549681443857,24.48380885702922,29.82743733628493,1.4609151077158693,9756.858999999997,4.293933579335794,0.68565370422935,,,,,,,,,,
B0005,160,impedance,24,[2.008e+03 4.000e+00 3.000e+01 2.000e+00 1.200e+01 5.609e+00],,,,,,,,,,,,,,,,,,,838.3719419487073,324.94523940582604,2.6579539829192034,0.21021158755616112,,0.04988486594475391,0.07198302765125617
B0005,161,discharge,24,[2.0080e+03 4.0000e+00 3.0000e+01 2.0000e+00 4.3000e+01 5.5312e+01],3.554013138622869,2.6309416727017187,4.19902365945384,0.22441709628144815,-1.9261308349663746,-2.0168041459037114,0.0027115029184951785,0.4068434847542995,32.28423408691397,24.361616832363048,38.951564804030774,3.477296802755773,3283.563,,,,,1.7570177850353066,,,,,,,
B0005,162,impedance,24,[2008.      4.     30.      3.     40.      3.39],,,,,,,,,,,,,,,,,,,835.4196653315342,328.1857165867579,2.622169969684712,0.20599937367494722,,0.047859449246718755,0.06977255608528674
B0005,163,charge,24,[2008.       4.      30.       4.      11.      53.078],4.143293464486577,3.235623629031344,4.209049100025683,0.11038367830442401,0.6328237481397364,-3.61089870293044,1.517580419178102,0.6514725384402372,25.581948046823246,24.09436200073004,29.510756491862573,1.4739599080955075,10610.906,4.021474934725848,0.6274013054830287,,,,,,,,,,
B0005,164,impedance,24,[2008.       4.      30.       7.       9.      52.656],,,,,,,,,,,,,,,,,,,838.1173205536699,325.3876432688138,2.653283730384198,0.20974303729384602,,0.04921638093217895,0.07146374397937286
B0005,165,discharge,24,[2008.       4.      30.       7.      41.      42.578],3.552376095886298,2.6629725743154204,4.199432142144215,0.22204569380260106,-1.9202346781375206,-2.0172800396238526,0.003127245831423531,0.42017980834668417,32.00739178780946,24.019157444608588,38.607510759873634,3.5114636089072517,3275.125,,,,,1.7468706179837907,,,,,,,
B0005,166,impedance,24,[2008.       4.      30.       8.      37.      42.406],,,,,,,,,,,,,,,,,,,835.138010816961,328.38821352703764,2.6214512733998347,0.20583196117116084,,0.04887229013423192,0.06876809153866811
B0005,167,charge,24,[2008.       4.      30.       9.       9.      32.281],4.141204436224519,3.253161660922962,4.209569401740179,0.11072979816938283,0.668387782555242,-3.639611422840837,1.5186864794207853,0.6499664067494857,25.49138644694599,24.040154632459373,29.242612704276365,1.4335685053387879,9978.078,4.255867426347971,0.6628115619788773,,,,,,,,,,
B0005,168,impedance,24,[2008.       4.      30.      11.      56.      59.203],,,,,,,,,,,,,,,,,,,838.1219050686453,325.34434132788607,2.6516516293679318,0.20953068072606254,,0.04994593893656341,0.07088704261645878
B0005,169,discharge,24,[2008.       4.      30.      12.      28.      49.265],3.549618661283733,2.612942119873717,4.199640922827531,0.22622259329090488,-1.9201011498853633,-2.0159193745006387,0.0012894534058489268,0.4206076443839264,32.06387071886056,24.006646494284762,38.920359903369054,3.565622841015737,3265.656,,,,,1.7417172507457144,,,,,,,
B0005,170,impedance,24,[2008.       4.      30.      13.      24.      39.734],,,,,,,,,,,,,,,,,,,834.3920446133253,329.02914218872075,2.614291123691746,0.20496874230680703,,0.048296439195350184,0.0673151471016695
B0005,171,charge,24,[2008.       4.      30.      13.      56.      29.843],4.143218012656775,3.2592554494686565,4.209622938017622,0.10927559427291211,0.6491951599580638,-3.631031388483906,1.516864718731142,0.6495903363665416,25.701157771778043,24.340261894805117,29.462118812271356,1.4053182559325905,10246.984,4.160121819166215,0.6439580400649703,,,,,,,,,,
B0005,172,impedance,24,[2008.       4.      30.      16.      48.      25.875],,,,,,,,,,,,,,,,,,,838.0427104654187,324.93148965975416,2.6555039992762497,0.2100465940672698,,0.048969605147940264,0.07178168505217358
B0005,173,discharge,24,[2008.      4.     30.     17.     20.     16.14],3.54938103086703,2.6157198442661476,4.199305653118061,0.22644463175198204,-1.9144278105456467,-2.0206059195730015,0.0010352326876111328,0.43285900358177537,32.43754560319043,24.328038456694348,39.23273115358871,3.6022709283889247,3266.093,,,,,1.7364225056478186,,,,,,,
B0005,174,impedance,24,[2008.      4.     30.     18.     16.      7.25],,,,,,,,,,,,,,,,,,,835.1017439252818,328.5043308185183,2.6204832519740178,0.20571119806021265,,0.04814709226602492,0.0684158918231915
B0005,175,charge,24,[2008.      4.     30.     18.     47.     57.39],4.144865101412786,3.2649322937796708,4.209081297803344,0.10775614997397777,0.6352097009956666,-3.652558047852112,1.5169075519536304,0.6485044725063176,25.613934369346374,24.159479762800604,29.50834432489215,1.480023269406836,10437.047,4.083885197980336,0.629941270263088,,,,,,,,,,
B0005,176,impedance,24,[2008.       4.      30.      21.      43.       3.656],,,,,,,,,,,,,,,,,,,838.5425048797741,324.7277139950586,2.6600151196032606,0.21053645935093548,,0.05022937602514056,0.0718319241428618
B0005,177,discharge,24,[2008.       4.      30.      22.      14.      54.062],3.5472118680418956,2.6287695472774453,4.198949734540481,0.2256048866862126,-1.908340706503589,-2.017554048083073,0.002141440621650397,0.44542459211819263,32.16809876635083,24.121591093765634,38.964927068400804,3.563053000695821,3257.594,,,,,1.7263217239235826,,,,,,,
B0005,178,impedance,24,[2008.       4.      30.      23.      10.      36.859],,,,,,,,,,,,,,,,,,,835.5258201481756,328.16940989658747,2.6242221785483313,0.20617719668633425,,0.04845430020206581,0.06777935051052719
B0005,179,charge,24,[2008.      4.     30.     23.     42.     27.25],4.147948571482696,3.279483281471355,4.208974409503451,0.10474610975411942,0.6090395837543103,-3.6543670254141096,1.5184780957612627,0.6462526260630812,25.46355915016756,24.032037356605592,29.374561267657022,1.4682102533207066,10805.827999999994,3.9309835686777923,0.6041029525032093,,,,,,,,,,
B0005,180,impedance,24,[2.0080e+03 5.0000e+00 1.0000e+00 2.0000e+00 4.3000e+01 4.2562e+01],,,,,,,,,,,,,,,,,,,837.5929855221048,325.73706323676095,2.646691278369778,0.20897885383307346,,0.04971526662508074,0.07139027154395669
B0005,181,discharge,24,[2.008e+03 5.000e+00 1.000e+00 3.000e+00 1.500e+01 3.314e+01],3.5467052098640246,2.6655106679421823,4.19834220599025,0.22260946236691775,-1.902207182631691,-2.016416703030436,0.0017702200905978112,0.4575237574010793,32.05752645824972,23.971565610462942,38.83927283461771,3.580382906894387,3248.593,,,,,1.7158065389330133,,,,,,,
B0005,182,impedance,24,[2.008e+03 5.000e+00 1.000e+00 4.000e+00 1.100e+01 7.078e+00],,,,,,,,,,,,,,,,,,,834.4056267146894,329.135202877332,2.613272481278901,0.2048138930642506,,0.04868025293328389,0.06583444846364324
B0005,183,charge,24,[2.0080e+03 5.0000e+00 1.0000e+00 4.0000e+00 4.2000e+01 5.7703e+01],4.149201403617409,3.291206125801604,4.209555035163918,0.10344887949232187,0.6063799232898632,-3.671875049505212,1.5156642683871617,0.6444288410257628,25.33969655722996,23.889823068013925,29.242377848768914,1.4783352257239981,10805.375,3.964672232211662,0.6015283842794761,,,,,,,,,,
B0005,184,impedance,24,[2.0080e+03 5.0000e+00 1.0000e+00 7.0000e+00 4.4000e+01 1.2656e+01],,,,,,,,,,,,,,,,,,,837.907481450342,325.4096941510816,2.6484760813680603,0.2093215445421535,,0.04913216601843565,0.0724518691988788
B0005,185,discharge,24,[2.008e+03 5.000e+00 1.000e+00 8.000e+00 1.600e+01 3.343e+00],3.544629653883431,2.650495153350403,4.198995776266302,0.22441087883425337,-1.9020484449938713,-2.0170229987437884,0.0014307662327893813,0.45824944020161834,31.975920928072714,23.83541998401671,38.82796377704433,3.6137129639045322,3238.766,,,,,1.710533351135192,,,,,,,
B0005,186,impedance,24,[2.0080e+03 5.0000e+00 1.0000e+00 9.0000e+00 1.1000e+01 2.7593e+01],,,,,,,,,,,,,,,,,,,835.4399899480637,327.7816395040363,2.6272841373109643,0.2065523881625553,,0.049918728983506716,0.06876463309502395
B0005,187,charge,24,[2.0080e+03 5.0000e+00 1.0000e+00 9.0000e+00 4.3000e+01 1.8359e+01],4.149406779823055,3.2971153140129523,4.209137758018692,0.10294920663795408,0.6108325931216375,-3.672509218918276,1.5160037580001224,0.6435528074741731,25.31525129117544,23.949399827052787,29.194410076554547,1.4634228808497538,10685.968,4.032169438669439,0.6060384615384615,,,,,,,,,,
B0005,188,impedance,24,[2.0080e+03 5.0000e+00 1.0000e+00 1.2000e+01 4.2000e+01 3.4015e+01],,,,,,,,,,,,,,,,,,,838.3547763101793,325.05479827507725,2.6548819119959837,0.21006214963273992,,0.04920968322529824,0.07304025099509703
B0005,189,discharge,24,[2.0080e+03 5.0000e+00 1.0000e+00 1.3000e+01 1.4000e+01 2.4875e+01],3.5436291614253204,2.643236235233877,4.19916986492694,0.2251626394650501,-1.8964907679062355,-2.016783933430818,0.00490119980676573,0.4695119039783484,32.21689335291319,23.956923878018035,39.14007944734004,3.6809207416656733,3240.14,,,,,1.706014499648521,,,,,,,
B0005,190,impedance,24,[2.008e+03 5.000e+00 1.000e+00 1.400e+01 9.000e+00 5.064e+01],,,,,,,,,,,,,,,,,,,835.7553850725984,327.4254390430073,2.6315012124052983,0.20704343137890815,,0.04943664953959982,0.06892300885560772
B0005,191,charge,24,[2.0080e+03 5.0000e+00 1.0000e+00 1.4000e+01 4.1000e+01 4.1578e+01],4.149090663397314,3.300542688148963,4.209099895596076,0.10322109870333694,0.6146512973678119,-3.6974959048887244,1.5173442325188395,0.6438618908173377,25.828563716440225,24.512527942674893,29.65122582795794,1.4262585599953355,10588.64,4.041912929451875,0.6099627589824286,,,,,,,,,,
B0005,192,impedance,24,[2.0080e+03 5.0000e+00 1.0000e+00 1.7000e+01 3.9000e+01 2.0015e+01],,,,,,,,,,,,,,,,,,,838.5036314831835,324.6959987767135,2.6590445420057076,0.21044730527091374,,0.04950631616559385,0.07251082944035009
B0005,193,discharge,24,[2.0080e+03 5.0000e+00 1.0000e+00 1.8000e+01 1.1000e+01 1.0984e+01],3.5444946147995258,2.656450207001938,4.199246833083063,0.2250288003365719,-1.895971437908019,-2.0199829306240713,0.001796424269077256,0.4700220134159711,32.55632993697177,24.465118009505925,39.349611598028886,3.5876341260521625,3230.109,,,,,1.7003110272642588,,,,,,,
B0005,194,impedance,24,[2.0080e+03 5.0000e+00 1.0000e+00 1.9000e+01 6.0000e+00 2.6859e+01],,,,,,,,,,,,,,,,,,,835.4581645129338,327.64837361398355,2.629861809092603,0.20679636385259767,,0.04940333988784369,0.06864846238725138
B0005,195,charge,24,[2.0080e+03 5.0000e+00 1.0000e+00 1.9000e+01 3.8000e+01 1.7968e+01],4.150424193061779,3.3051034396902876,4.209853267385404,0.10195172768222024,0.6043008559339099,-3.6992236317763525,1.516620367139724,0.6423984850538522,25.734607118644377,24.318435980891074,29.592983253559662,1.4577446563750458,10736.094,3.981759120310479,0.5994996119016817,,,,,,,,,,
B0005,196,impedance,24,[2.0080e+03 5.0000e+00 1.0000e+00 2.2000e+01 3.8000e+01 2.4062e+01],,,,,,,,,,,,,,,,,,,838.3215761825096,325.00492930788454,2.6539525267058193,0.2098862488146859,,0.04865176277959679,0.07201762091170956
B0005,197,discharge,24,[2.0080e+03 5.0000e+00 1.0000e+00 2.3000e+01 1.0000e+01 1.5265e+01],3.5409201846556857,2.626177688152069,4.1992551886401595,0.22759267954042178,-1.8899648799839277,-2.016448312230377,0.004899013626111221,0.4809252461296192,32.40048085325998,24.267851748683743,39.29444535878087,3.6261445424786727,3229.7810000000027,,,,,1.6945798601797895,,,,,,,
B0005,198,impedance,24,[2.0080e+03 5.0000e+00 2.0000e+00 0.0000e+00 5.0000e+00 3.1015e+01],,,,,,,,,,,,,,,,,,,835.952403556923,327.73031384698584,2.6304424330149687,0.2069082060078075,,0.04915501980244644,0.06913086863703587
B0005,199,charge,24,[2.0080e+03 5.0000e+00 2.0000e+00 0.0000e+00 3.7000e+01 2.2234e+01],4.146085129079872,3.3082686726641857,4.2096673235964825,0.10478383287180827,0.661310694665889,-3.7091773352591484,1.5167330787937718,0.6418732382405267,25.76108296721704,24.200642061950155,29.51162108922301,1.482288768522114,9790.859,4.372941143019619,0.6559226613591129,,,,,,,,,,
B0005,200,impedance,24,[2.0080e+03 5.0000e+00 2.0000e+00 3.0000e+00 2.1000e+01 4.3218e+01],,,,,,,,,,,,,,,,,,,838.7284115568063,324.8002902240837,2.655990844905849,0.21029453614807772,,0.04916575568371288,0.07316993618002728
B0005,201,discharge,24,[2.0080e+03 5.0000e+00 2.0000e+00 3.0000e+00 5.3000e+01 3.4765e+01],3.541195668799061,2.6582230344240045,4.199610827671791,0.2253901682415922,-1.8893703824420507,-2.0264654916334726,0.002434406743192847,0.48225312231239975,32.29371860868794,24.14386556947967,39.10487658009542,3.637499367495382,3212.469,,,,,1.6849029086609286,,,,,,,
B0005,202,impedance,24,[2.0080e+03 5.0000e+00 2.0000e+00 4.0000e+00 4.8000e+01 3.3343e+01],,,,,,,,,,,,,,,,,,,835.5301954877526,328.11025130400844,2.623254734188945,0.20617489426658098,,0.04870161283727027,0.06859455507457586
B0005,203,charge,24,[2.0080e+03 5.0000e+00 2.0000e+00 5.0000e+00 2.0000e+01 2.4687e+01],4.1499193977728535,3.3175201646841104,4.209786575419923,0.10168087447173545,0.6265507198651841,-3.7157585852195676,1.5215190253817978,0.6402024193859684,25.571090931927195,24.03452719909137,29.367459158203413,1.4850567545335729,10274.359,4.210612571118939,0.6214532646979138,,,,,,,,,,
B0005,204,impedance,24,[2.0080e+03 5.0000e+00 2.0000e+00 8.0000e+00 1.2000e+01 4.9328e+01],,,,,,,,,,,,,,,,,,,838.8026521609039,324.42614877199827,2.6642964069140125,0.21094614096562822,,0.04923427342088277,0.07277120733743579
B0005,205,discharge,24,[2.0080e+03 5.0000e+00 2.0000e+00 8.0000e+00 4.4000e+01 4.0859e+01],3.540671044783382,2.695100237338448,4.1994453812630566,0.22200337643732754,-1.8776883243431417,-2.017330650607364,0.0014513205321675263,0.5029620620589579,32.136071448067796,23.934085583884677,39.0462609369598,3.654819125074113,3213.219,,,,,1.6744741591159717,,,,,,,
B0005,206,impedance,24,[2.0080e+03 5.0000e+00 2.0000e+00 9.0000e+00 3.9000e+01 4.0343e+01],,,,,,,,,,,,,,,,,,,836.0659801261996,327.44501119890305,2.6323410702800443,0.20708727466488105,,0.04885677345766941,0.06871570767989431
B0005,207,charge,24,[2.0080e+03 5.0000e+00 2.0000e+00 1.0000e+01 1.1000e+01 3.1921e+01],4.153218272900694,3.325912676457561,4.209876728572126,0.09871340017420037,0.5961783460440804,-3.740291077407621,1.5222178795747785,0.6377300580649239,25.430453941726714,24.08467376180721,29.23737726861414,1.4509713790243235,10711.063,4.023898727603221,0.5915188262788885,,,,,,,,,,
B0005,208,impedance,24,[2.0080e+03 5.0000e+00 2.0000e+00 1.3000e+01 1.1000e+01 1.3468e+01],,,,,,,,,,,,,,,,,,,839.5267513442935,324.0075445183608,2.6665298488810425,0.2114544501229989,,0.0505475864921389,0.07270866794574943
B0005,209,discharge,24,[2.008e+03 5.000e+00 2.000e+00 1.300e+01 4.300e+01 5.093e+00],3.5376048790268775,2.639091813583503,4.198991968341307,0.22747021165023182,-1.8831065986697755,-2.0225787607034706,0.005933998461667336,0.4936099038550067,32.38268549723498,24.080595341823642,39.398032192832,3.738665594798859,3203.578,,,,,1.6745692479879102,,,,,,,
B0005,210,impedance,24,[2.0080e+03 5.0000e+00 2.0000e+00 1.4000e+01 3.7000e+01 5.5109e+01],,,,,,,,,,,,,,,,,,,836.2502786029128,327.2319805954702,2.6346395950610133,0.20744952128901892,,0.0506497585783765,0.06853536104799454
B0005,211,charge,24,[2.0080e+03 5.0000e+00 2.0000e+00 1.5000e+01 9.0000e+00 4.6812e+01],4.153201426027839,3.3224316122949804,4.209530517872284,0.09895188248273458,0.5911635487881761,-3.7401919874760297,1.5163911369032863,0.637532647151642,25.88337057270213,24.517530315794897,29.660660346177963,1.4366257306967112,10806.015,3.9825876447876447,0.5864311454311455,,,,,,,,,,
B0005,212,impedance,24,[2.008e+03 5.000e+00 2.000e+00 1.800e+01 1.100e+01 3.593e+00],,,,,,,,,,,,,,,,,,,839.2569858821221,324.083080760236,2.6632966570424426,0.21105093526667204,,0.050118814742107526,0.07301041089661342
B0005,213,discharge,24,[2.0080e+03 5.0000e+00 2.0000e+00 1.9000e+01 7.0000e+00 4.8359e+01],3.538422485261741,2.6857210282450983,4.197785116892181,0.22445639503179138,-1.876359921441716,-2.0158674131052456,0.0034449440902895195,0.5045046007331752,32.30899951427637,24.428816535813286,39.10678394120843,3.573601688124995,3195.125,,,,,1.663716375981405,,,,,,,
B0005,214,charge,24,[2.0080e+03 5.0000e+00 2.0000e+00 2.0000e+01 2.8000e+01 2.5781e+01],4.152014646554812,3.323183986237931,4.208914229782625,0.10005437124964763,0.6076684839192972,-3.7337806887974363,1.5191168227671865,0.6379037080461591,25.87474661521862,24.32440498541706,29.685994740308107,1.5109638409039794,10481.047,4.101189907038513,0.6028371845949535,,,,,,,,,,
B0005,215,discharge,24,[2.0080e+03 5.0000e+00 2.0000e+00 2.3000e+01 2.4000e+01 1.7687e+01],3.53928626988912,2.69017866510873,4.201331130571617,0.2237217691429451,-1.8709550260104437,-2.016878594815316,0.0012286208011475699,0.5143997774045596,32.56636929496716,24.3288116844709,39.44448954135193,3.6987146279019267,3195.3129999999946,,,,,1.659013868748246,,,,,,,
B0005,216,impedance,24,[2008.       5.       3.       0.      18.      59.734],,,,,,,,,,,,,,,,,,,836.448594386316,327.4056088437735,2.6347630463247476,0.207384118992164,,0.04913242687695094,0.0693303248319639
B0005,217,charge,24,[2008.       5.       3.       0.      50.      52.187],4.151753271023818,3.334317071119612,4.20945720713541,0.09954430654926985,0.6238567212454819,-3.741021320410516,1.519260892518663,0.6363912704696514,25.80758127668049,24.205195780768218,29.59730563243775,1.527104531352379,10153.36,4.2752132857535,0.618925061762284,,,,,,,,,,
B0005,218,impedance,24,[2008.       5.       3.       3.      41.      16.453],,,,,,,,,,,,,,,,,,,839.3848130486011,324.12874548858485,2.666144293020278,0.21131936868945342,,0.049792567319026114,0.07343650361620202
B0005,219,discharge,24,[2008.       5.       3.       4.      13.       8.609],3.533690170241391,2.639895313359579,4.199339974904826,0.2284155018484487,-1.8705599868289542,-2.0190191551299326,0.0006759557151863035,0.5149956757914231,32.46542951751835,24.124885387020978,39.509602016775695,3.763161934375441,3186.297,,,,,1.6538540573335014,,,,,,,
B0005,220,impedance,24,[2008.       5.       3.       5.       7.      41.812],,,,,,,,,,,,,,,,,,,835.8853341053895,327.74562470146594,2.627094166507477,0.20663977636034056,,0.049633135916243465,0.06881429671018138
B0005,221,charge,24,[2008.       5.       3.       5.      39.      33.921],4.1547198806162084,3.334898622378469,4.2089346821451405,0.0970234240207896,0.5916282471450443,-3.7399805018111114,1.515339116708931,0.6340676698969907,25.5954074570814,24.04092804190746,29.46753663391266,1.534443853670155,10662.468,4.049670237784166,0.5868570681996342,,,,,,,,,,
B0005,222,impedance,24,[2008.       5.       3.       8.      38.      27.484],,,,,,,,,,,,,,,,,,,839.4421363862119,324.3574187768172,2.6636566383092233,0.21110547158917625,,0.049865378066600005,0.0732133898164959
B0005,223,discharge,24,[2008.       5.       3.       9.      10.      19.812],3.534367734544495,2.68991452927918,4.198916244859707,0.22401128563800174,-1.8640049795794804,-2.0179820220655023,0.0017286665299136564,0.5255367036226928,32.347056454418095,23.980294072799666,39.334865362245324,3.7686387838768005,3176.438,,,,,1.642653782130131,,,,,,,
B0005,224,impedance,24,[2008.       5.       3.      10.       4.      43.296],,,,,,,,,,,,,,,,,,,836.1026773880131,327.7372985393271,2.6313843181926226,0.20694316917886865,,0.048921290356402275,0.06883931362761586
B0005,225,charge,24,[2008.       5.       3.      10.      36.      35.781],4.154952006139018,3.3402795328318953,4.209707468094477,0.09645298508426232,0.5968690147321589,-3.754749438788794,1.5163991053235688,0.6332308804741311,25.55053773186138,24.019013487688376,29.380338854228082,1.5226910452388613,10494.625,4.079358545647558,0.592143577494692,,,,,,,,,,
B0005,226,impedance,24,[2008.       5.       3.      13.      32.      41.671],,,,,,,,,,,,,,,,,,,839.5871002813286,324.163169040436,2.6636165160887426,0.2111630362531068,,0.049811932785538866,0.07459618605206403
B0005,227,discharge,24,[2008.       5.       3.      14.       4.      34.187],3.5312941932103548,2.65935818848874,4.198537488587242,0.22709204592021853,-1.8636932149873204,-2.0158401305926343,0.0008822013179447034,0.5263075365065475,32.371538940646154,23.969183667109306,39.43723270017243,3.798378346405976,3167.593,,,,,1.6378578430223698,,,,,,,
B0005,228,impedance,24,[2008.       5.       3.      14.      58.      49.093],,,,,,,,,,,,,,,,,,,836.3060782441058,327.60871183793137,2.6314613994963922,0.20707652954006797,,0.04975125749803476,0.06863892419996058
B0005,229,charge,24,[2008.      5.      3.     15.     30.     41.64],4.155379997866793,3.3409888939684156,4.209731200087021,0.09621910494297574,0.5972973992880868,-3.752539379854498,1.519396061401668,0.6320909554897912,25.612623072192534,24.08064402627926,29.43349608540407,1.5191583402973081,10467.75,4.154835598188116,0.5926027178257394,,,,,,,,,,
B0005,230,impedance,24,[2008.       5.       3.      18.      26.      20.765],,,,,,,,,,,,,,,,,,,839.5593232895998,324.0835013087805,2.6671223253028535,0.21142364850636342,,0.04850673488997184,0.07458309776342148
B0005,231,discharge,24,[2008.       5.       3.      18.      58.      13.468],3.5309134771684274,2.6657030585650423,4.198943932259475,0.22674511548841458,-1.857820396301907,-2.0192083553177325,0.0032196054196979183,0.5360241740397207,32.45549347979197,24.037074564457942,39.51375235624076,3.806767841094206,3167.719,,,,,1.6327350407099108,,,,,,,
B0005,232,impedance,24,[2008.       5.       3.      19.      52.      28.578],,,,,,,,,,,,,,,,,,,836.5456888923045,327.265575769867,2.6327595227851095,0.20731832576505846,,0.04915918196298162,0.06906734479973246
B0005,233,charge,24,[2008.       5.       3.      20.      24.      21.312],4.153316766159906,3.3428891919042925,4.209073152424942,0.09772548355710171,0.6292572025313986,-3.756495517193588,1.5190833652609255,0.6319125147897192,25.748665763785176,24.133143852878685,29.478594943854127,1.5243121362928367,9904.406,4.390404788732394,0.624249014084507,,,,,,,,,,
B0005,234,impedance,24,[2008.      5.      3.     23.     10.     37.25],,,,,,,,,,,,,,,,,,,839.7874282039202,323.8743693320104,2.669926299196223,0.2116490066805469,,0.050023074203339506,0.0736638387977965
B0005,235,discharge,24,[2008.       5.       3.      23.      42.      30.093],3.5287226893409893,2.642986759012803,4.199579806494986,0.22927035359609077,-1.8572160981955346,-2.017754065523427,0.002329222708757339,0.5366022681919891,32.50017194695606,24.074008046047823,39.60170302810528,3.822022211269683,3159.077999999994,,,,,1.6277528915533617,,,,,,,
B0005,236,impedance,24,[2008.       5.       4.       0.      36.      36.703],,,,,,,,,,,,,,,,,,,836.6269198639442,327.32744966739716,2.631944337954916,0.2072477357055259,,0.04970808709656559,0.06830006146095657
B0005,237,charge,24,[2.0080e+03 5.0000e+00 4.0000e+00 1.0000e+00 8.0000e+00 2.9578e+01],4.157897041005441,3.3438818828882586,4.209596233803924,0.09398749288759839,0.5745464300808845,-3.744765382806153,1.5162463927934793,0.6283692440468136,25.6042633567313,24.074560998580367,29.485508821517058,1.5396865571881853,10805.656,4.039383066597831,0.5700363964894167,,,,,,,,,,
B0005,238,impedance,24,[2008.       5.       4.       4.       9.      47.078],,,,,,,,,,,,,,,,,,,839.9707138579415,323.6885846575516,2.667052264101448,0.21157679103357288,,0.05020469043786587,0.07371885821597624
B0005,239,discharge,24,[2008    5    4    4   41   40],3.52625493581969,2.6311169118893036,4.198782234828033,0.23073247098074154,-1.8568340008006827,-2.016206764491147,0.0036382151418645234,0.5375143566828329,32.50100298369444,24.043536678896338,39.687463597582074,3.84957926477219,3148.829,,,,,1.622125485521159,,,,,,,
B0005,240,impedance,24,[2008.       5.       4.       5.      35.      36.578],,,,,,,,,,,,,,,,,,,836.7188501773367,327.2781286095733,2.6332622803338617,0.20737797152784065,,0.048950660803835325,0.06963267386152323
B0005,241,charge,24,[2008.       5.       4.       6.       7.      29.546],4.158301579574542,3.3442903966987885,4.209613645729595,0.09358107950447873,0.5742692502982739,-3.7512382618887,1.5168725726720953,0.627295340707343,25.594290723516522,24.052271252523507,29.46840138001844,1.5434176221510787,10777.328,4.057552161532488,0.5696691690396065,,,,,,,,,,
B0005,242,impedance,24,[2008.       5.       4.       9.       8.      18.734],,,,,,,,,,,,,,,,,,,840.1680216416013,323.30219660460256,2.6757232413383782,0.2123683931071223,,0.04975857340773159,0.07465617760875586
B0005,243,discharge,24,[2008.       5.       4.       9.      40.      11.906],3.528684324337005,2.696157404617167,4.19910517813207,0.2247705585097621,-1.8448886500218815,-2.018425729441905,0.002409343074541808,0.5559145972091805,32.4728927422438,24.007622451152475,39.53535075538898,3.8316458393751693,3149.094,,,,,1.6113256603765849,,,,,,,
B0005,244,impedance,24,[2008.       5.       4.      10.      34.       8.906],,,,,,,,,,,,,,,,,,,836.4678477696458,327.0369554308565,2.638515684111436,0.20778793697810505,,0.049808396255372756,0.06902298762939403
B0005,245,charge,24,[2008.       5.       4.      11.       6.       2.078],4.159047289093139,3.348561399462872,4.209728406741538,0.09259376113439693,0.5719762498110235,-3.7608845310314725,1.5197613760247257,0.6259340775097436,25.571898601563962,24.039503680591842,29.445806473811558,1.543539197891433,10745.86,4.043841859257336,0.56728538042067,,,,,,,,,,
B0005,246,impedance,24,[2008.       5.       4.      14.       6.      20.031],,,,,,,,,,,,,,,,,,,840.161759158494,323.53751314070354,2.674275746489854,0.21221477216931628,,0.04968675503783295,0.07355425821939737
B0005,247,discharge,24,[2008.       5.       4.      14.      38.      13.359],3.525556939424901,2.6667596238241567,4.198510853141954,0.22779895158764976,-1.8444180038305806,-2.0200094988659028,0.0018183081167425818,0.5567175936954798,32.50480154634882,23.99346277596251,39.6502371632164,3.8641045055376444,3140.547,,,,,1.6065631397488385,,,,,,,
B0005,248,impedance,24,[2.008e+03 5.000e+00 4.000e+00 1.500e+01 3.200e+01 1.953e+00],,,,,,,,,,,,,,,,,,,836.7433175564938,327.0748059344892,2.63869471096548,0.20781501161827118,,0.05059411389974348,0.06858328460478416
B0005,249,charge,24,[2008.       5.       4.      16.       3.      55.281],4.159718967989124,3.349401479431822,4.208850308126176,0.09195046339354243,0.5667429941903227,-3.749853410240243,1.5194095619752201,0.6244262610326853,25.578913233960286,24.041840562196686,29.461354450795127,1.5504361356301162,10806.781,4.033983983466804,0.5624285714285714,,,,,,,,,,
B0005,250,impedance,24,[2008.       5.       4.      19.       5.      14.343],,,,,,,,,,,,,,,,,,,840.3200593099737,323.1759404561485,2.673288636141528,0.212296553796231,,0.04995005707049774,0.0746229428074614
B0005,251,discharge,24,[2008.      5.      4.     19.     37.      7.89],3.5226805646793737,2.6403185448373043,4.198732430468704,0.23050584047552053,-1.8438790389835118,-2.0160906793454063,0.0023945547129780136,0.557421835420678,32.51218336210202,23.977316018708777,39.69929058154853,3.885789404543481,3131.625,,,,,1.6015142233917594,,,,,,,
B0005,252,impedance,24,[2008.       5.       4.      20.      30.      47.687],,,,,,,,,,,,,,,,,,,837.1723217222221,326.5334442760286,2.643834876170254,0.20844825102518613,,0.04984421041201089,0.07014070107890119
B0005,253,charge,24,[2.0080e+03 5.0000e+00 4.0000e+00 2.1000e+01 2.0000e+00 4.1203e+01],4.160264481810484,3.3484111036158017,4.209548533406234,0.0914457415942526,0.5656098440223737,-3.7606437069615724,1.5164193361700227,0.6229235424729822,25.533341503049385,23.97698405313052,29.419371934150707,1.5602139065644895,10806.593999999997,4.065181959162575,0.5609700180925304,,,,,,,,,,
B0005,254,impedance,24,[2.008e+03 5.000e+00 5.000e+00 0.000e+00 4.000e+00 2.500e-01],,,,,,,,,,,,,,,,,,,840.3389833614729,323.2766354759185,2.6771204070647285,0.21250950406813954,,0.050282564251258356,0.07360391142336822
B0005,255,discharge,24,[2008.       5.       5.       0.      35.      53.968],3.524673458789008,2.69892986372897,4.198799630396931,0.22554614793423197,-1.83711254029409,-2.017218805788003,0.003459179478904217,0.5670761474198778,32.45692821941515,23.92726467831658,39.56076309770468,3.8707779902612707,3121.907,,,,,1.590369231400328,,,,,,,
B0005,256,impedance,24,[2.0080e+03 5.0000e+00 5.0000e+00 1.0000e+00 2.9000e+01 2.4203e+01],,,,,,,,,,,,,,,,,,,837.2166580464954,326.58497657238263,2.6438836578744205,0.2084941917140838,,0.05006270229203594,0.06979118038789997
B0005,257,charge,24,[2.008e+03 5.000e+00 5.000e+00 2.000e+00 1.000e+00 1.789e+01],4.159689082589737,3.3526814727062533,4.209155099660752,0.09166436779692953,0.5820893376953541,-3.7624796093415975,1.5188633359889865,0.6225459829567929,25.528501101408498,23.929686934786687,29.36719581714494,1.5629917931295791,10429.547,4.219894369973191,0.5771745308310993,,,,,,,,,,
B0005,258,impedance,24,[2008    5    5    4   56   20],,,,,,,,,,,,,,,,,,,840.2326270767984,323.2527863335741,2.6757660050308956,0.21247451333136194,,0.04992007781904663,0.074642062777058
B0005,259,discharge,24,[2008.       5.       5.       5.      28.      13.937],3.5213155754526824,2.6682466504352993,4.198753541225669,0.22838261270267754,-1.8315957075983758,-2.017576881832417,0.002911553978859486,0.5758422473114834,32.447059186431154,23.878754027011194,39.63708096307912,3.902676905350374,3122.125,,,,,1.5857889968242211,,,,,,,
B0005,260,impedance,24,[2008.       5.       5.       6.      21.      44.546],,,,,,,,,,,,,,,,,,,837.0903189950595,326.9268602616466,2.6351343282756603,0.2076850244274646,,0.04921445916482306,0.06990836301107425
B0005,261,charge,24,[2008.       5.       5.       6.      53.      38.406],4.161677857625895,3.3525209936945446,4.208909520868368,0.08978536958958352,0.5593668610796283,-3.75723296715059,1.5153752896307142,0.6196161975788204,25.343485567182306,23.69378736708197,29.297103402943527,1.6117824515437529,10807.094,4.05894257630626,0.5547715985514744,,,,,,,,,,
B0005,262,impedance,24,[2008.      5.      5.      9.     54.     58.25],,,,,,,,,,,,,,,,,,,840.9616563562191,322.6968838691559,2.6831914430894224,0.2132826906538187,,0.05007996435013632,0.07547710929281527
B0005,263,discharge,24,[2008.     5.     5.    11.    41.    31.5],3.51803386486462,2.6479207279724903,4.200309982421394,0.23117872316851204,-1.8311195242792309,-2.0163186530776205,0.001691287375631991,0.5758733468618624,32.32889654966259,23.90454749592773,39.43977047692484,3.8494187253951466,3121.672,,,,,1.5849430707374117,,,,,,,
B0005,264,charge,24,[2008.       5.       5.      17.      40.      16.687],4.162950996258241,3.3543970686874927,4.209146036373753,0.08733389215576615,0.5624551525691622,-3.7704870056407627,1.5169156949347895,0.6191764932929903,25.74425872850638,24.431735503792744,29.548289844330217,1.4664869519697803,10719.016,4.122405687451083,0.5578635533524655,,,,,,,,,,
B0005,265,discharge,24,[2008.       5.       5.      20.      40.       8.562],3.5236841955396794,2.6741633856529066,4.201124089732316,0.22917796003491905,-1.8432799764914718,-2.016322017667326,0.0031344620126884833,0.5581982237984048,32.84488475360107,24.472949639670766,39.839022256254516,3.7930289092436635,3120.86,,,,,1.5955263892495937,,,,,,,
B0005,266,impedance,24,[2008.      5.      5.     21.     33.     38.39],,,,,,,,,,,,,,,,,,,841.7954315657298,321.6180072876169,2.6933509934990063,0.21469764032208963,,0.054692185026359336,0.07464599360022733
B0005,267,charge,24,[2008.     5.     5.    22.     5.    32.5],4.161013971943199,3.3434425218637385,4.210057230429361,0.09076541422954656,0.5627679624873888,-3.7920672983852324,1.5156126384626312,0.6208711726308047,25.595338590346493,23.933925146816026,29.561095605794584,1.6031459998294237,10806.437000000005,4.053202636340139,0.5580069785474283,,,,,,,,,,
B0005,268,impedance,24,[2.0080e+03 5.0000e+00 6.0000e+00 1.0000e+00 6.0000e+00 5.2015e+01],,,,,,,,,,,,,,,,,,,845.123850059577,317.95247320147877,2.733161632929034,0.2194984497455659,,0.05487320211540928,0.07934403644117197
B0005,269,discharge,24,[2.0080e+03 5.0000e+00 6.0000e+00 1.0000e+00 3.8000e+01 4.6265e+01],3.519146638240668,2.6892528956736257,4.198150316653697,0.22719970590454205,-1.829798505957538,-2.0160583834613157,0.002214915830402201,0.577259511293026,32.31731555011648,23.81400684876703,39.41794949618613,3.864121159323799,3103.828,,,,,1.5747301747801037,,,,,,,
B0005,270,impedance,24,[2.0080e+03 5.0000e+00 6.0000e+00 2.0000e+00 3.1000e+01 5.9093e+01],,,,,,,,,,,,,,,,,,,841.7372128402643,321.6639810526565,2.6947302789609924,0.21482017271295858,,0.05415675281078651,0.07505843667743599
B0005,271,charge,24,[2008.      5.      6.      3.      3.     53.39],4.1629084383191435,3.3483684039657065,4.209716534256135,0.08851863651615083,0.5562210579029739,-3.780997640483466,1.5185579466100025,0.616876080106418,25.09978697110705,23.48287549077598,29.019647107560132,1.5928987812443822,10805.265,4.097984722941481,0.5516765924391507,,,,,,,,,,
B0005,272,impedance,24,[2008.       5.       6.       6.       5.      11.921],,,,,,,,,,,,,,,,,,,845.5703348567355,317.4280299855055,2.740733873402199,0.22020359679469603,,0.055240499862766274,0.08002359358228964
B0005,273,discharge,24,[2008.       5.       6.       6.      37.       6.296],3.516233648608237,2.688809122993162,4.198524048997099,0.2273324183483178,-1.8236746835609148,-2.0176016183677974,0.0026959062866318295,0.5868747718090098,32.06376130177751,23.405971076202263,39.262781682151214,3.943799041030261,3095.094,,,,,1.5649019950937946,,,,,,,
B0005,274,impedance,24,[2008.       5.       6.       7.      30.      10.578],,,,,,,,,,,,,,,,,,,842.740895816654,320.84429298186666,2.7068751654142496,0.21605874112871407,,0.054542809780562286,0.07592379199991395
B0005,275,charge,24,[2.008e+03 5.000e+00 6.000e+00 8.000e+00 2.000e+00 5.062e+00],4.161556080063684,3.350035915668947,4.209586501290089,0.08943868627789268,0.5854608883421437,-3.7785963302065984,1.5166826369414959,0.6171884220466958,25.10980717855015,23.555519720998255,28.88550118608269,1.5470138583117785,10208.062,4.355230304693935,0.5807631073291244,,,,,,,,,,
B0005,276,impedance,24,[2008.       5.       6.      10.      53.      26.531],,,,,,,,,,,,,,,,,,,845.873999795942,317.26255798655234,2.744221847336879,0.2204935089473179,,0.055080368328742545,0.08045008161921993
B0005,277,discharge,24,[2008.       5.       6.      11.      25.      21.031],3.514773138461639,2.6743555987897745,4.198840869468569,0.22847210016062755,-1.8176720770210877,-2.018404141903304,0.002592567167286657,0.5952075610841622,32.21997626855924,23.504268200620626,39.47237839941986,3.9798848350523506,3095.781,,,,,1.5597659473370362,,,,,,,
B0005,278,impedance,24,[2008.       5.       6.      12.      18.      26.171],,,,,,,,,,,,,,,,,,,842.1304393275119,321.0551806971193,2.7032423902376514,0.2157692365481696,,0.053398671864258646,0.07562889610038578
B0005,279,charge,24,[2008.       5.       6.      12.      50.      20.781],4.163963297107284,3.3513347692589686,4.2090401069219165,0.08725862833503079,0.5499619432864398,-3.7792507114042633,1.5161828106191497,0.6139033097597807,25.371319727334306,23.98131348180412,29.195907400785313,1.5135743341442445,10807.219,4.108718725718726,0.5457891737891738,,,,,,,,,,
B0005,280,impedance,24,[2008.       5.       6.      15.      51.      41.546],,,,,,,,,,,,,,,,,,,846.0806401439836,316.71779938908713,2.748525810548004,0.22114705935843534,,0.05484578494342528,0.08099527914390654
B0005,281,discharge,24,[2008.       5.       6.      16.      23.      36.296],3.5132992979150073,2.6430294964336345,4.198119631667182,0.2314217062849809,-1.8179238657973993,-2.016777852675889,0.0015197601976623138,0.5952405875017754,32.7120225448885,23.986241979219916,40.037541469513684,3.9976006239496304,3094.328,,,,,1.5594815668184234,,,,,,,
B0005,282,impedance,24,[2008.       5.       6.      17.      16.      40.109],,,,,,,,,,,,,,,,,,,842.0601639097746,320.8680866754169,2.705023763883942,0.21583622719595344,,0.055453259476974714,0.0748392292244765
B0005,283,charge,24,[2008.       5.       6.      17.      48.      34.906],4.163591474928629,3.3506128503723054,4.209243624615146,0.08792622414835523,0.5500855345895314,-3.7809289932617984,1.5232019688436385,0.6145722798656492,25.937420351426873,24.429165101741575,29.781642735382384,1.522841058561839,10805.906,4.088835059554635,0.5458922837907819,,,,,,,,,,
B0005,284,impedance,24,[2008.       5.       6.      20.      49.      54.421],,,,,,,,,,,,,,,,,,,847.0394564336362,315.73130388115027,2.75981706391419,0.22229097190562838,,0.05808949268604193,0.07900611376190819
B0005,285,discharge,24,[2008.       5.       6.      21.      21.      49.265],3.514484830704665,2.6584858447131823,4.198320288264955,0.23060759962593796,-1.817160673909645,-2.019500858990014,0.005375811737933425,0.5961269317003768,32.945022147355694,24.332016492731967,40.142730162011574,3.9422119635924115,3086.531,,,,,1.55468935359061,,,,,,,
B0005,286,impedance,24,[2008.       5.       6.      22.      14.      45.453],,,,,,,,,,,,,,,,,,,843.3712727757066,319.8033743395465,2.71528983497727,0.2171773991052416,,0.05703849864055661,0.07445419405660497
B0005,287,charge,24,[2008.       5.       6.      22.      46.      40.375],4.1634038590427345,3.350128688133216,4.209412194077453,0.08804993861224872,0.5559954002248091,-3.7769672465646154,1.5157894861057812,0.6142407177200284,25.854633339319907,24.280236469175204,29.71020972616952,1.5716585573451132,10655.937000000005,4.143748554913294,0.5516203363110878,,,,,,,,,,
B0005,288,impedance,24,[2.0080e+03 5.0000e+00 7.0000e+00 1.0000e+00 4.5000e+01 3.0125e+01],,,,,,,,,,,,,,,,,,,846.8126371368757,315.9708126989933,2.7560652358649507,0.2219523587214045,,0.05639999430512618,0.08181491967012575
B0005,289,discharge,24,[2.0080e+03 5.0000e+00 7.0000e+00 2.0000e+00 1.7000e+01 2.5156e+01],3.5109677353595243,2.629782173759164,4.1980467610750285,0.2329526759800367,-1.8110297241968543,-2.025028692484549,0.001299695920075446,0.6042377451924877,32.857549597381336,24.210935532035016,40.1165626728546,3.9688503842638565,3085.625,,,,,1.5488741079890418,,,,,,,
B0005,290,impedance,24,[2008.       5.       7.       3.      10.      20.671],,,,,,,,,,,,,,,,,,,844.1206917191836,319.2772117562526,2.7198606859559766,0.2178189930826988,,0.056951772502699796,0.07706935596260868
B0005,291,charge,24,[2008.      5.      7.      3.     42.     15.75],4.161977850610306,3.3508280926830882,4.208856368304407,0.08923934940137139,0.5846599146768487,-3.7814796718164394,1.5163584367988028,0.6147260011348973,25.787542115810904,24.141564850225944,29.58766933151088,1.5840310632651033,10117.172,4.398621846409759,0.579867479900194,,,,,,,,,,
B0005,292,impedance,24,[2008.       5.       7.       6.      32.       6.906],,,,,,,,,,,,,,,,,,,847.2021446589497,315.74857413636454,2.7614263388326505,0.22262748898305385,,0.057159147914507935,0.08086696623694065
B0005,293,discharge,24,[2008.       5.       7.       7.       4.       2.109],3.5109358749578012,2.6622967647315545,4.199047008209673,0.2307329830817022,-1.8094435644526072,-2.017188769565156,0.003654247255878711,0.605972691577863,32.629663328789654,24.000424305912805,39.87503330866132,3.951047957236267,3067.203,,,,,1.538236598942558,,,,,,,
B0005,294,impedance,24,[2008.      5.      7.      7.     56.     39.25],,,,,,,,,,,,,,,,,,,843.7974672343644,319.81652603193396,2.715644552281441,0.21736021304523465,,0.05595864562729926,0.07609569637070202
B0005,295,charge,24,[2008.       5.       7.       8.      28.      34.453],4.165623166892737,3.3506354280123993,4.2096723781735434,0.08557972282893608,0.5423706529012249,-3.7861373580329056,1.5170407216106059,0.6093435117785417,25.344864067680145,23.746378426752443,29.26425769721006,1.5995523315645577,10805.86,4.107607985480944,0.5379463313456053,,,,,,,,,,
B0005,296,impedance,24,[2008.       5.       7.      11.      29.      54.546],,,,,,,,,,,,,,,,,,,847.4548496558145,315.55468872020316,2.7632864361567893,0.22267794023276075,,0.056998793862942924,0.08250100764416027
B0005,297,discharge,24,[2.0080e+03 5.0000e+00 7.0000e+00 1.2000e+01 1.0000e+00 4.9906e+01],3.509393098217416,2.682380966742509,4.197669918520713,0.2288570136594319,-1.8026537331443495,-2.0203529496154493,0.0013741929346254653,0.6147018605615803,32.379859014262976,23.66809609847637,39.61961987024145,3.988147604013235,3058.157,,,,,1.527914258251028,,,,,,,
B0005,298,impedance,24,[2008.      5.      7.     12.     54.     18.25],,,,,,,,,,,,,,,,,,,844.0005297748048,319.0578205302282,2.7264714745194722,0.21839595646785073,,0.05699010907560385,0.07648289029638874
B0005,299,charge,24,[2008.       5.       7.      13.      26.      13.671],4.166393374523762,3.350922144041792,4.209166908560572,0.08448666945807902,0.5391223880182359,-3.7861841057200616,1.515911970809572,0.6077283173222767,25.2776605000605,23.83471956633808,29.166832065867634,1.5519736544128655,10806.328,4.094905885403163,0.5347697692507131,,,,,,,,,,
B0005,300,impedance,24,[2008.       5.       7.      16.      27.      34.437],,,,,,,,,,,,,,,,,,,847.6230762235236,315.5528109496972,2.7626580973718835,0.22282531249633689,,0.05791594677751306,0.08175057083151278
B0005,301,discharge,24,[2008.       5.       7.      16.      59.      29.937],3.5066782411556563,2.6401894768922713,4.197600624105256,0.2324429087783303,-1.8031542757366414,-2.016749317444538,0.0020536118932937353,0.6147768190719081,32.68215852457039,23.845674209557426,40.067324667444815,4.061372918664878,3058.812,,,,,1.5285252629756445,,,,,,,
B0005,302,impedance,24,[2008.       5.       7.      17.      51.      59.125],,,,,,,,,,,,,,,,,,,844.5955494946614,318.25360088045494,2.7327547964440195,0.2193801083640415,,0.057000769180639774,0.07741124519885696
B0005,303,charge,24,[2008.       5.       7.      18.      23.      54.687],4.165957512196699,3.35125780661867,4.208895457764258,0.0853060606126129,0.5425796127463848,-3.791529502108569,1.5162075461675972,0.6083181472869277,25.790973204291312,24.298480935023758,29.64168246762455,1.553088813540452,10744.828,4.154475867466736,0.5380967910253065,,,,,,,,,,
B0005,304,impedance,24,[2008    5    7   21   24   14],,,,,,,,,,,,,,,,,,,847.8517101425996,315.23692872783135,2.7654052876992026,0.22312034213842238,,0.0585831887959693,0.08269416457353587
B0005,305,discharge,24,[2008.       5.       7.      21.      56.       9.656],3.5109885623008092,2.693769409137257,4.197985718630326,0.2279824823099926,-1.7965666438696486,-2.016964364118414,0.002233821019065787,0.6225281437334834,32.99387423636739,24.23969113753901,40.24716716520102,4.008265788698764,3058.578,,,,,1.522647325284378,,,,,,,
B0005,306,impedance,24,[2008.      5.      7.     22.     48.     38.75],,,,,,,,,,,,,,,,,,,844.4720907978057,318.5017429669526,2.7295409008994027,0.2188801555160477,,0.05728256542976495,0.07692027721215688
B0005,307,charge,24,[2008.       5.       7.      23.      20.      34.515],4.166355420900779,3.3528581730372933,4.209632701272167,0.08483762793175716,0.5374246335843941,-3.793788356541067,1.5164047927068265,0.6072848482099295,25.936121509912226,24.375131164957217,29.84083319742673,1.5828822090407424,10804.797000000006,4.126739818417639,0.5330619974059663,,,,,,,,,,
B0005,308,impedance,24,[2.0080e+03 5.0000e+00 8.0000e+00 2.0000e+00 2.1000e+01 5.4109e+01],,,,,,,,,,,,,,,,,,,847.5661850202656,315.66706219861595,2.758484416346873,0.22245664816501387,,0.05684411239635824,0.082272625759776
B0005,309,discharge,24,[2.0080e+03 5.0000e+00 8.0000e+00 2.0000e+00 5.3000e+01 4.9937e+01],3.510305462695178,2.695787450704935,4.198164128530042,0.2281087434098021,-1.7959771394311956,-2.0177154474110517,0.0029663849324865874,0.6233048468787379,33.04539707211165,24.30453859448875,40.30253125568348,4.01550117256657,3049.328,,,,,1.5174859938489869,,,,,,,
B0005,310,impedance,24,[2008.       5.       8.       3.      46.       9.968],,,,,,,,,,,,,,,,,,,844.873918422057,318.64252078054386,2.727649200890967,0.21885979515437673,,0.0589529203196688,0.07735170203997428
B0005,311,impedance,24,[2008.       5.       9.      11.      53.      10.593],,,,,,,,,,,,,,,,,,,848.0469115799127,314.94925784831327,2.769597801372297,0.2233915833619056,,0.05667203462955093,0.08291573296417665
B0005,312,discharge,24,[2008    5    9   12   25    7],3.5222215314850214,2.6920548172137724,4.222920057935785,0.23455024881444192,-1.822916991757235,-2.017087516284557,0.0015450426899526494,0.5880606956486941,32.856295641052824,24.112523495131093,40.09418103142496,3.9810906805855084,3177.219,,,,,1.605818899130659,,,,,,,
B0005,313,impedance,24,[2008.       5.       9.      13.      19.      35.703],,,,,,,,,,,,,,,,,,,843.8644966909009,319.12751792886826,2.7244457860125983,0.2182454365651607,,0.058223361510524915,0.07615092115486195
B0005,314,charge,24,[2008.       5.       9.      17.      26.      51.968],4.165583011785556,3.354145458071941,4.209028477452613,0.08438865856438908,0.5455321253346221,-3.798804009542813,1.5163802437836211,0.6132877929480426,25.891013405303514,24.468551750717264,29.683647277202674,1.4573575292206138,10802.578,4.076266960124288,0.5413309166235111,,,,,,,,,,
B0005,315,discharge,24,[2008.       5.       9.      20.      28.       9.734],3.5163492154331264,2.629071246219689,4.200423045909808,0.2342514069587575,-1.8294275689587538,-2.0177115857667665,0.0029495288044011506,0.5790386830763732,33.33950238056361,24.719311536144843,40.52238496316615,3.9283338338688516,3082.937,,,,,1.5638491446744425,,,,,,,
B0005,316,impedance,24,[2008.       5.       9.      21.      21.       3.765],,,,,,,,,,,,,,,,,,,843.8913086288788,319.14511475844296,2.723927224122614,0.2180947777787554,,0.057798377106990255,0.07518971733166918
B0005,317,charge,24,[2.008e+03 5.000e+00 9.000e+00 2.100e+01 5.300e+01 2.810e-01],4.161450485098774,3.348015808348912,4.209763047586473,0.09033911389357027,0.5659145930808275,-3.7814302641150186,1.5158720115211686,0.6181164401997002,26.42800153627129,24.84324131711326,30.299187661483778,1.5686011377217046,10544.452999999994,4.135919957593427,0.5612735223959714,,,,,,,,,,
B0005,318,impedance,24,[2008.       5.      10.       0.      49.      59.984],,,,,,,,,,,,,,,,,,,847.1681194889597,316.00475913605607,2.7575115102615952,0.22217135511445982,,0.05869361561103209,0.08099673983388944
B0005,319,discharge,24,[2.008e+03 5.000e+00 1.000e+01 1.000e+00 2.100e+01 5.650e+01],3.5134397623234963,2.631343871050918,4.198372063670128,0.23338016528628605,-1.816317296828028,-2.0160877086861952,0.0016903309192767824,0.5967165768532282,33.35156485472646,24.73538913848975,40.56886357314186,3.951653441190732,3074.266,,,,,1.5480915247767786,,,,,,,
B0005,320,impedance,24,[2.0080e+03 5.0000e+00 1.0000e+01 2.0000e+00 1.4000e+01 4.2109e+01],,,,,,,,,,,,,,,,,,,843.5820664057874,319.317927504224,2.7185540875021315,0.2176766876503299,,0.0581005359089264,0.07604639902387582
B0005,321,charge,24,[2.0080e+03 5.0000e+00 1.0000e+01 2.0000e+00 4.6000e+01 3.8734e+01],4.163428705620306,3.3529759174446823,4.208874914689389,0.088256282512142,0.5517468859825273,-3.7704677067191414,1.5172764677295527,0.614324749214738,26.21556986443908,24.59947933106632,30.159651359558897,1.6094356529097038,10701.125,4.102669192579044,0.5472458845048341,,,,,,,,,,
B0005,322,impedance,24,[2008.       5.      10.       5.      46.      15.296],,,,,,,,,,,,,,,,,,,846.9982436201291,316.2522354265803,2.756071832187892,0.22199196390252565,,0.05687355099054793,0.08079234772463807
B0005,323,discharge,24,[2008    5   10    6   18   12],3.515137522009075,2.6983970036642315,4.198353213898968,0.22724285807568523,-1.8033689952639713,-2.0174325692631547,0.0017335297510131795,0.6138243789661205,33.147486361012966,24.494140877553082,40.27804845768325,3.9517570424024644,3066.0,,,,,1.5323755631868592,,,,,,,
B0005,324,impedance,24,[2008.       5.      10.       7.      10.      49.593],,,,,,,,,,,,,,,,,,,844.1898162379916,318.85026947755256,2.7240581091171587,0.21846636970933098,,0.057819391216989646,0.07620792252066097
B0005,325,charge,24,[2008.       5.      10.       7.      42.      46.312],4.165103475733391,3.3552183107405935,4.209803512518001,0.08621423047834023,0.5403687480973645,-3.7856876338390446,1.5173184400471975,0.6109029172673631,25.960695609651008,24.35439492458845,29.922619314028488,1.6136927076421475,10805.813,4.041686076604555,0.5359596273291926,,,,,,,,,,
B0005,326,impedance,24,[2008.       5.      10.      10.      44.       7.859],,,,,,,,,,,,,,,,,,,847.4324937097432,315.72183255096945,2.759752538845253,0.222385569162635,,0.058401226760293384,0.0816166339541188
B0005,327,discharge,24,[2008.       5.      10.      11.      16.       4.843],3.50830390643132,2.6338485871981514,4.197873789078739,0.2331667808997218,-1.802670753119494,-2.017976023705107,0.003201402568771493,0.6146945270651876,33.007275861749356,24.254986942423244,40.2921849196155,4.008284181289492,3056.437,,,,,1.5269528268489705,,,,,,,
B0005,328,impedance,24,[2008.       5.      10.      12.       8.      32.875],,,,,,,,,,,,,,,,,,,844.2459976906551,318.7534194629905,2.730128279602616,0.21883738897494434,,0.05729597585562558,0.07603115808018222
B0005,329,charge,24,[2008.      5.     10.     12.     40.     29.89],4.1653575923861625,3.3540567989886063,4.208872213190271,0.0859607110922193,0.5445908373365941,-3.7831325853036097,1.516995519615858,0.6097278156197965,25.838168915840225,24.223550520081194,29.789042272226812,1.6145598693198078,10693.438,4.12750144092219,0.5401351847000263,,,,,,,,,,
B0005,330,impedance,24,[2008.      5.     10.     15.     39.     59.14],,,,,,,,,,,,,,,,,,,847.562233967762,315.4924476232496,2.7628843709950615,0.2228931588263483,,0.05713926164978321,0.08203042743610463
B0005,331,discharge,24,[2008.       5.      10.      16.      11.      56.109],3.509190808443004,2.671566207861818,4.197955644238241,0.22983512055913674,-1.7958941337499832,-2.016684455267326,0.0012207622759792553,0.6233018675049735,32.91990812745461,24.1488106351578,40.184384347174266,4.0190435754293565,3048.219,,,,,1.5169573017136326,,,,,,,
B0005,332,impedance,24,[2008.       5.      10.      17.       4.      16.015],,,,,,,,,,,,,,,,,,,844.5403875809164,318.2867471357278,2.7341498811660814,0.21946771147988983,,0.057011915661303356,0.07793753101024108
B0005,333,charge,24,[2008.       5.      10.      17.      36.      13.062],4.166173127483916,3.3543202199580766,4.209853693640944,0.0849384347350953,0.5398317988996301,-3.792785768996613,1.518783977132163,0.6078339972200991,25.811823765569297,24.260138324507313,29.7396171935254,1.5942756396145412,10708.406,4.104102302459445,0.5354824699110413,,,,,,,,,,
B0005,334,impedance,24,[2008.       5.      10.      20.      35.      57.437],,,,,,,,,,,,,,,,,,,847.7641287764969,315.05817579382466,2.7657619606875996,0.22323201340655183,,0.056846750542401,0.08430934905296765
B0005,335,discharge,24,[2008.       5.      10.      21.       7.      54.625],3.5068097579555353,2.6540810507928123,4.197918434710392,0.23170359937392337,-1.795344963527795,-2.0185074328810417,0.0027177292470912523,0.624318776563091,32.99903328622305,24.205952380559673,40.320066232195046,4.044741656549233,3039.218,,,,,1.5118975960142693,,,,,,,
B0005,336,impedance,24,[2008.       5.      10.      22.       0.       5.781],,,,,,,,,,,,,,,,,,,844.2484527869195,318.6178535209128,2.7271128661776296,0.21878958996132833,,0.05739160457574554,0.07732083011265528
B0005,337,charge,24,[2008.       5.      10.      22.      32.       2.937],4.166879439346124,3.3538194889943185,4.2088630113100365,0.08426778519041934,0.5333558181112956,-3.8005026292725193,1.5172268211407054,0.6060941820734463,25.866599042915986,24.311321572473123,29.817451931587808,1.604361180063699,10805.297000000006,4.095446460980036,0.5290904848327717,,,,,,,,,,
B0005,338,impedance,24,[2.0080e+03 5.0000e+00 1.1000e+01 1.0000e+00 3.3000e+01 2.4437e+01],,,,,,,,,,,,,,,,,,,848.1465161948568,314.784644364426,2.7720013049295136,0.2239036904406566,,0.05971458306876328,0.08128077873787101
B0005,339,discharge,24,[2.0080e+03 5.0000e+00 1.1000e+01 2.0000e+00 5.0000e+00 2.1796e+01],3.50609090727422,2.656849703962618,4.197739340034368,0.23141529776276365,-1.7893518988259454,-2.0206154364574687,0.002966026743767936,0.6320325499876801,33.03772281691292,24.228213693022468,40.336505612651585,4.042950285126565,3039.047,,,,,1.5065638960681105,,,,,,,
B0005,340,impedance,24,[2.0080e+03 5.0000e+00 1.1000e+01 2.0000e+00 5.7000e+01 3.2984e+01],,,,,,,,,,,,,,,,,,,844.7754290000845,318.4617045876552,2.7306003089654296,0.21906698428330798,,0.05669401159445664,0.07756322518442982
B0005,341,charge,24,[2008.       5.      11.       3.      29.      30.359],4.16582569935258,3.3536880148349315,4.208838075023042,0.08519933990265645,0.5543234174406872,-3.7962708461734964,1.5170991688718933,0.6074069828358218,25.932238529516265,24.323302639088634,29.804974649979396,1.6048774224187783,10363.61,4.258237953438008,0.549844883595019,,,,,,,,,,
B0005,342,impedance,24,[2008.      5.     11.      6.     23.     30.25],,,,,,,,,,,,,,,,,,,848.1542096787824,314.62651686782584,2.768743517239249,0.22356739125636838,,0.057876489486257204,0.0827621596207595
B0005,343,discharge,24,[2008.       5.      11.       6.      55.      27.734],3.5037157727265953,2.6363048614501152,4.19785490446139,0.23345025331554517,-1.7883879159763685,-2.0174212119307557,0.0019690360203288167,0.6328913986760089,33.07740307192613,24.25745983903501,40.43267631588412,4.058632380945664,3030.375,,,,,1.5015453526671363,,,,,,,
B0005,344,impedance,24,[2008.       5.      11.       7.      47.      30.468],,,,,,,,,,,,,,,,,,,845.0892647838904,317.9169659373088,2.7364522649570477,0.21968639568241288,,0.05711363659055292,0.07889973426640497
B0005,345,charge,24,[2008.       5.      11.       8.      19.      27.953],4.16768143102544,3.353396374532837,4.209529411772671,0.08327745020187664,0.5293894058764592,-3.7967349999162745,1.5165247361360363,0.6037881702070622,25.8627841242131,24.3016313321181,29.81518660623584,1.6112111381679892,10805.094,4.094283195020747,0.525063796680498,,,,,,,,,,
B0005,346,impedance,24,[2008.       5.      11.      11.      20.      49.578],,,,,,,,,,,,,,,,,,,848.0763501138204,314.8021940253889,2.7714215699530826,0.22387272356642027,,0.057106052592570886,0.08389339159553517
B0005,347,discharge,24,[2008.       5.      11.      11.      52.      47.187],3.5067479961367156,2.69951692300468,4.197306756122815,0.22782166398290293,-1.7815447770741009,-2.0224772834102507,0.002722369357879482,0.6414356710358949,33.05467981523988,24.228985806758885,40.314538591575015,4.045827846714321,3021.0,,,,,1.4908444050400238,,,,,,,
B0005,348,impedance,24,[2008.       5.      11.      12.      44.      40.703],,,,,,,,,,,,,,,,,,,845.6183098866683,317.47855776700635,2.7435617572418316,0.22051606441575844,,0.058410674041032944,0.07787942798165798
B0005,349,charge,24,[2008.      5.     11.     13.     16.     38.64],4.168396588809721,3.354434207234332,4.209662720393985,0.08243346878734206,0.5259649128373239,-3.7954231603196398,1.5168608726403794,0.6019499961175884,25.876664410701412,24.324128928534705,29.836684573126362,1.6104659658980693,10805.5,4.100922917207371,0.5216301583181936,,,,,,,,,,
B0005,350,impedance,24,[2.008e+03 5.000e+00 1.100e+01 1.600e+01 1.800e+01 8.120e-01],,,,,,,,,,,,,,,,,,,848.186801618132,314.8729830334906,2.7681039164787733,0.22360948343633014,,0.05832440115222774,0.0823356083860003
B0005,351,discharge,24,[2008.       5.      11.      16.      49.      58.921],3.5058813026542324,2.698216006032282,4.197528212001444,0.22798452244418208,-1.7753115642966961,-2.0179249554704706,0.0006217348755526608,0.6486068932660061,33.11570360624461,24.27409668200787,40.386661855917744,4.056672478286734,3021.75,,,,,1.485868384561201,,,,,,,
B0005,352,impedance,24,[2008.       5.      11.      17.      41.      53.265],,,,,,,,,,,,,,,,,,,844.794851867158,318.3263295521395,2.7303086250455273,0.21907936175251166,,0.057206589538471034,0.07814181670188959
B0005,353,charge,24,[2008.       5.      11.      18.      13.      51.109],4.168735204362698,3.354272833395381,4.209010138135633,0.08196280004395208,0.5239037468586069,-3.790160126869453,1.519976718551429,0.6008846681071666,25.90081245653995,24.33304463599842,29.863474041359538,1.6186308301029624,10806.844,4.0973143005450305,0.5196781728523229,,,,,,,,,,
B0005,354,impedance,24,[2008.       5.      11.      21.      15.      14.843],,,,,,,,,,,,,,,,,,,848.300308726862,314.9722959708992,2.7684835424938004,0.2234089049419117,,0.05853988727737317,0.08259957408588693
B0005,355,discharge,24,[2008.       5.      11.      21.      47.      12.843],3.504168333530808,2.6911707598773864,4.19743662221161,0.22887754440273086,-1.7742377662318358,-2.018486701026112,0.002574506411845257,0.6498057454815246,33.12942148982364,24.26045465629052,40.43384612547835,4.070998143447877,3012.265,,,,,1.480413677976106,,,,,,,
B0005,356,impedance,24,[2008.       5.      11.      22.      38.      57.843],,,,,,,,,,,,,,,,,,,845.0644857188172,317.98134359200134,2.737199139595269,0.21972998770604935,,0.0568695950036647,0.07851971117292988
B0005,357,charge,24,[2008.       5.      11.      23.      10.      55.875],4.167738533245543,3.3532627894758096,4.209286321889628,0.08299534165220131,0.5448665166311562,-3.7995718720122174,1.5165653062177906,0.6023702162383164,25.961139619102717,24.31702368818605,29.847879865816882,1.626240941468001,10367.906000000003,4.276134615384616,0.5403393824485374,,,,,,,,,,
B0005,358,impedance,24,[2.008e+03 5.000e+00 1.200e+01 2.000e+00 5.000e+00 7.030e-01],,,,,,,,,,,,,,,,,,,848.8716460975479,313.9766202980257,2.781451435076818,0.22490891019793433,,0.057610002271573896,0.08361769407052744
B0005,359,discharge,24,[2.0080e+03 5.0000e+00 1.2000e+01 2.0000e+00 3.6000e+01 5.8921e+01],3.5030568931470634,2.690162319231471,4.197717228550219,0.22926505227297364,-1.773860289771637,-2.0172029187594718,0.002304044135428048,0.6507355272479427,33.130681310493344,24.246954155128837,40.44479269068758,4.079963844026956,3002.641,,,,,1.4752095869031632,,,,,,,
B0005,360,impedance,24,[2008.       5.      12.       3.      28.      34.484],,,,,,,,,,,,,,,,,,,845.5434999701366,317.8047565547476,2.736528617407007,0.21986404108838817,,0.05758927754908643,0.07858483851402417
B0005,361,charge,24,[2008.       5.      12.       4.       0.      32.718],4.169622465731045,3.353429498656367,4.20906168640711,0.08092133788842781,0.5200245527389034,-3.7990338355492006,1.5193340460529852,0.5982551030970332,25.847581583069786,24.25033773631123,29.817445053015998,1.6329284195470994,10806.719,4.123149273104881,0.5157510384215991,,,,,,,,,,
B0005,362,impedance,24,[2008.       5.      12.      12.      24.      36.453],,,,,,,,,,,,,,,,,,,848.8882082505553,314.10252681577373,2.7793380285364147,0.22462635833482247,,0.05687744083786221,0.08453629957179691
B0005,363,discharge,24,[2008.       5.      12.      12.      56.      34.781],3.4982324882487936,2.6355034454892072,4.192454851360723,0.23319573629206394,-1.7809702419814517,-2.017032616337778,0.0013818757062667917,0.6422230325919555,33.20069210329718,24.337824191545764,40.58499656066617,4.0996268557124855,3012.0,,,,,1.4859035988304024,,,,,,,
B0005,364,impedance,24,[2008.      5.     12.     13.     48.     19.89],,,,,,,,,,,,,,,,,,,845.3327960227467,317.3912330119223,2.742632220840728,0.22051835986533977,,0.05841225795718409,0.07816622903600336
B0005,365,charge,24,[2008.      5.     12.     16.     11.     11.14],4.1683659306021825,3.3525780744031093,4.209837365677117,0.08086414637837787,0.5639413599870164,-3.8037651552224965,1.5154296477693314,0.6027584088251645,26.343040591685405,24.963947757408594,30.0408863638767,1.5021991113723407,10043.172,4.456461387800784,0.5595791829882485,,,,,,,,,,
B0005,366,discharge,24,[2008.       5.      12.      18.      59.      59.453],3.5065859365661325,2.6594753656507684,4.202845001527377,0.2327793636251861,-1.7879098523188452,-2.020648432189961,0.003790346438351921,0.633757279790088,33.78697527817091,25.05068794027295,40.99869158762305,4.00137718412186,3020.11,,,,,1.4960918298136696,,,,,,,
B0005,367,impedance,24,[2008.       5.      12.      19.      51.      52.953],,,,,,,,,,,,,,,,,,,845.6854980334365,317.2281791506552,2.74411492660631,0.2207215545139809,,0.058982855797460765,0.07840869791471827
B0005,368,charge,24,[2008.       5.      12.      20.      23.      51.828],4.16712940529248,3.3528818658863946,4.2098269996566815,0.08417554375578455,0.5404870941917305,-3.7880092299940564,1.5160563377601,0.6039114282652731,26.57680877670008,24.94350924367004,30.484119019984476,1.622115913908199,10569.812,4.224972951471758,0.5361667992574914,,,,,,,,,,
B0005,369,impedance,24,[2008.       5.      12.      23.      21.      19.078],,,,,,,,,,,,,,,,,,,848.6806279120052,313.9923466686918,2.7781919492743667,0.22472345736803656,,0.06019789084807145,0.08377346645248043
B0005,370,discharge,24,[2008.       5.      12.      23.      53.      17.609],3.501457140697961,2.644554999824577,4.197952808231904,0.2335250205477887,-1.780229415660985,-2.018056806197647,0.0029141195307161565,0.6432393686749752,33.673365085761986,24.845214918132577,40.997807625227495,4.065518600867025,3002.172000000006,,,,,1.4808005946928984,,,,,,,
B0005,371,impedance,24,[2008.      5.     13.      0.     44.     53.25],,,,,,,,,,,,,,,,,,,845.7098427195275,317.1121510875971,2.7462761233045296,0.2208802101401859,,0.05843281496253658,0.07878612106344238
B0005,372,charge,24,[2.0080e+03 5.0000e+00 1.3000e+01 1.0000e+00 1.6000e+01 5.1859e+01],4.165918636441142,3.3549736761488096,4.209674359299608,0.08501541862823997,0.5700675452978637,-3.780497203202185,1.5179832296737448,0.6048563705614017,26.497126053434993,24.78426914005415,30.320993292587357,1.628435854238829,9917.203,4.457684791843671,0.5653293684508638,,,,,,,,,,
B0005,373,impedance,24,[2008.      5.     13.      4.      3.     26.64],,,,,,,,,,,,,,,,,,,849.6639458543723,313.31631888380235,2.786983233059454,0.22568136706356293,,0.05988352416265757,0.08361156763608181
B0005,374,discharge,24,[2008.       5.      13.       4.      35.      25.359],3.501658387162809,2.6719601666204564,4.198017952345714,0.23109365437747822,-1.7731015168894209,-2.017916668624779,0.0007844165488200334,0.6514705765655358,33.535818118317145,24.68293151974539,40.84213757482493,4.071805413255272,2992.703,,,,,1.4697543268466824,,,,,,,
B0005,375,impedance,24,[2008.       5.      13.       5.      26.      51.781],,,,,,,,,,,,,,,,,,,848.0647704229732,314.97446184676005,2.7721232043596675,0.2238418273509233,,0.06081675929565647,0.08038388778322308
B0005,376,charge,24,[2008.       5.      13.       5.      58.      50.796],4.167385475237739,3.353783910785033,4.209167062707327,0.08180384669643934,0.5366016791657899,-3.78354069112842,1.5189534232829114,0.6032177695614838,26.23246228056812,24.53728741962599,30.154996545118347,1.6555315542278926,10317.406,3.8823024891774893,0.532303841991342,,,,,,,,,,
B0005,377,impedance,24,[2008.      5.     13.      8.     52.      5.89],,,,,,,,,,,,,,,,,,,849.4205516464335,313.5530366102809,2.78395877849418,0.22531451289889057,,0.058875120497055886,0.08370562422038381
B0005,378,discharge,24,[2008.       5.      13.       9.      24.       4.718],3.4966186408455298,2.6598211033173382,4.192162800008929,0.23123114842947284,-1.7705879947441516,-2.027591717224413,0.005446235642757207,0.654212957890516,33.32269982188509,24.442107279152207,40.69012464267011,4.102402769286851,2964.468,,,,,1.4539012274845928,,,,,,,
B0005,379,impedance,24,[2008.       5.      13.      10.      15.       2.906],,,,,,,,,,,,,,,,,,,846.2053485579858,317.03975594781133,2.7471243642440637,0.22110971985956981,,0.058641305762534054,0.07856327599613487
B0005,380,charge,24,[2.008e+03 5.000e+00 1.300e+01 1.000e+01 4.700e+01 1.828e+00],4.1703511098068216,3.352797565070414,4.208855011933893,0.08002711160641886,0.5156965790545791,-3.786992198738482,1.5170145395214125,0.5957681386038078,26.000979471677365,24.4244017860353,29.97682928823835,1.6303890815650834,10806.109,4.10059257335757,0.5115959491041288,,,,,,,,,,
B0005,381,impedance,24,[2008.       5.      13.      13.      48.      25.875],,,,,,,,,,,,,,,,,,,849.362152664743,313.3712433350356,2.787949732623556,0.22577918158109722,,0.05844518592952695,0.0843513765148262
B0005,382,discharge,24,[2008.       5.      13.      14.      20.      24.937],3.4991645719433246,2.688360455508818,4.196993378341778,0.22947771879895953,-1.7600629827474803,-2.017344770444764,0.0015596672777035013,0.667000512961465,33.346230327490304,24.375162099510042,40.69938049882204,4.1187097532725945,2983.375,,,,,1.4541462067235693,,,,,,,
B0005,383,impedance,24,[2008.       5.      13.      15.      11.      42.234],,,,,,,,,,,,,,,,,,,846.7351877813022,316.0881322359862,2.757083819664061,0.22210857348853286,,0.05925711282693887,0.08002743252583437
B0005,384,charge,24,[2008.       5.      13.      15.      43.      41.296],4.1685257209213695,3.3534938324434367,4.2093630515127325,0.08189196421567045,0.5519868280845809,-3.779886472168926,1.5171631842182387,0.599053251706605,26.304406677546186,24.73456779554659,30.08507492258316,1.5776318998078673,10041.921,4.401309350503919,0.5477166853303471,,,,,,,,,,
B0005,385,impedance,24,[2008.       5.      13.      18.      32.      21.281],,,,,,,,,,,,,,,,,,,849.033001835419,313.552190483685,2.784527861249952,0.22544651221814585,,0.06055121054997781,0.08328051476741821
B0005,386,discharge,24,[2008.       5.      13.      19.       4.      20.531],3.496080777360074,2.6376728619288525,4.197603515102162,0.23426793601664392,-1.765575132998529,-2.017072416845675,0.002686593832583876,0.6607978776580166,33.64948900485925,24.70475717255037,41.06026204078849,4.130055203457506,2975.297,,,,,1.455023751906683,,,,,,,
B0005,387,impedance,24,[2008.       5.      13.      19.      55.      29.859],,,,,,,,,,,,,,,,,,,846.0403594261705,316.6010953709474,2.7511374222380502,0.22152321189372326,,0.05877801771423867,0.07918337546950212
B0005,388,charge,24,[2008.       5.      13.      20.      27.      29.109],4.170374029841988,3.351842602525664,4.2099281798934305,0.08001319372869227,0.5161189019622676,-3.795520340383196,1.514829872720934,0.595699682978725,26.488314685413716,24.93173080979104,30.388201652887467,1.5999742419537808,10719.281,4.083587388801675,0.5120536368393511,,,,,,,,,,
B0005,389,impedance,24,[2008.       5.      13.      23.      27.      26.625],,,,,,,,,,,,,,,,,,,849.0279956600052,313.8727916921682,2.779795171553951,0.22483747219532502,,0.05995025589217596,0.0831904359131708
B0005,390,discharge,24,[2008.       5.      13.      23.      59.      26.015],3.4959014526387993,2.645120521151077,4.196406678544622,0.23343364754226326,-1.7588271887545277,-2.0179388823247932,0.0031991265142638165,0.6677722505465497,33.79269513542102,24.851431185422516,41.19696040482682,4.127007891809572,2974.9850000000006,,,,,1.449042163761236,,,,,,,
B0005,391,impedance,24,[2008.      5.     14.      0.     50.     35.39],,,,,,,,,,,,,,,,,,,846.1426301113343,316.9292945006038,2.7496088538705883,0.22118883292228694,,0.05835227769750316,0.07964710418735362
B0005,392,charge,24,[2.0080e+03 5.0000e+00 1.4000e+01 1.0000e+00 2.2000e+01 3.4765e+01],4.171060912120711,3.352784743728,4.209625447385018,0.07936226654041331,0.5108698391293734,-3.7930416938652813,1.5175300717778244,0.593643239195866,26.360634597576503,24.69788139456726,30.35093185395905,1.663879383237733,10804.719,4.10397974025974,0.5067459740259741,,,,,,,,,,
B0005,393,impedance,24,[2008.       5.      14.       4.      23.      57.968],,,,,,,,,,,,,,,,,,,849.4042741410836,313.60178953762517,2.782860918292286,0.22512655419090777,,0.05956501303684226,0.08487011380929321
B0005,394,discharge,24,[2008.       5.      14.       4.      55.      57.453],3.49758697990267,2.698012437629632,4.197098662004674,0.229142139192038,-1.7516428147438297,-2.029098489464331,0.003781794323562663,0.6759686601230658,33.52446663707275,24.582992198113057,40.84446688602949,4.107121567467311,2966.25,,,,,1.4386709371480566,,,,,,,
B0005,395,impedance,24,[2008.       5.      14.       5.      46.      58.078],,,,,,,,,,,,,,,,,,,846.4076673050153,316.72138519150127,2.748861194489836,0.2213487397436619,,0.058938187317504366,0.07953792065559018
B0005,396,charge,24,[2008.       5.      14.       6.      18.      57.625],4.172102471144396,3.3525597572322092,4.209994497945742,0.07801240848480284,0.5067976189540666,-3.784631939017424,1.525757781015469,0.5911365742888971,26.01371119236736,24.437865455357734,29.97632430805407,1.6389509062149255,10805.687,4.112068607068608,0.5027429833679833,,,,,,,,,,
B0005,397,impedance,24,[2008    5   14    9   20   22],,,,,,,,,,,,,,,,,,,849.7307480347272,313.2305845836166,2.787745992899674,0.22583880017548755,,0.059853349010250065,0.08473917663733575
B0005,398,discharge,24,[2008.       5.      14.       9.      52.      22.062],3.4956989619989507,2.6928942772989077,4.196909312093871,0.2296125408087406,-1.7513097768253418,-2.025048878675005,0.0013123608369275883,0.6767833456075123,33.39042251934235,24.38167771883123,40.764203830749366,4.147556736723813,2956.359,,,,,1.433445432156979,,,,,,,
B0005,399,impedance,24,[2008.       5.      14.      10.      43.      12.953],,,,,,,,,,,,,,,,,,,846.2100631106478,316.84897868090496,2.749940227346904,0.2212824181008184,,0.0584896827626018,0.07964370546866237
B0005,400,charge,24,[2008.       5.      14.      11.      15.      12.671],4.169895005190017,3.3516897442147413,4.209645673539432,0.0801704326772523,0.5457592973240515,-3.7881526416328097,1.5171026096730862,0.5952267027693081,26.297723923750286,24.680897947030203,30.072488379955132,1.5989204876130152,10011.406,4.4114138318807985,0.5414852403710992,,,,,,,,,,
B0005,401,impedance,24,[2008.      5.     14.     14.      3.     22.75],,,,,,,,,,,,,,,,,,,849.9300544579736,312.79595819237596,2.7927506321439672,0.2262705132334912,,0.05874548029308314,0.08711721350349075
B0005,402,discharge,24,[2008.       5.      14.      14.      35.      22.515],3.492875380810072,2.6483923655058113,4.197105220217278,0.2334116463244922,-1.7511840784846122,-2.0170494375017745,0.0017334904566314662,0.6767869141766419,33.67370212742761,24.640411065560848,41.11212504270441,4.164046290316763,2956.344,,,,,1.4333958900838095,,,,,,,
B0005,403,impedance,24,[2008.       5.      14.      15.      26.      13.546],,,,,,,,,,,,,,,,,,,846.6492039289391,316.1684882503757,2.757076366321088,0.22212093174689654,,0.06134060755888107,0.07733665024296885
B0005,404,charge,24,[2008.       5.      14.      15.      58.      13.406],4.172224402561897,3.3517133635514114,4.2095192868246425,0.07779270583709609,0.5045087206649608,-3.787652905735484,1.515794267996922,0.5901433399576547,26.460055536819574,24.98138132377594,30.336671946542243,1.5811838027142917,10806.625,4.103768511301637,0.5006261366588723,,,,,,,,,,
B0005,405,impedance,24,[2008.      5.     14.     18.     59.     38.89],,,,,,,,,,,,,,,,,,,849.9894170387819,312.7975167999676,2.793170428508398,0.22615985092818822,,0.06083767084489383,0.08490902777488013
B0005,406,discharge,24,[2008.      5.     14.     19.     31.     39.39],3.49551076423368,2.6832134764261997,4.196244829545076,0.23026320374609258,-1.7446206812145286,-2.017587381204539,0.0022931157457021885,0.6838024379199837,33.91080564765892,24.932873139487384,41.27256611507568,4.130728324479157,2956.406,,,,,1.42806487344776,,,,,,,
B0005,407,impedance,24,[2008.      5.     14.     20.     22.     30.64],,,,,,,,,,,,,,,,,,,846.9080337623205,316.14704303603963,2.7568267252026266,0.22208170515033107,,0.05834271794334396,0.07994246159333938
B0005,408,charge,24,[2008.       5.      14.      20.      54.      30.671],4.172390702305611,3.3514036655318793,4.209686875098169,0.07762862896046595,0.5033829401421354,-3.7934031719292136,1.5183072117630427,0.5896038709310107,26.522125341707824,24.891340439590127,30.483128850170555,1.6480015620239041,10805.563,4.111454380036392,0.49924122693007544,,,,,,,,,,
B0005,409,impedance,24,[2008.       5.      14.      23.      55.      55.406],,,,,,,,,,,,,,,,,,,849.9175998137979,312.70151265998885,2.7946916502224677,0.22633930499969743,,0.05993762786815949,0.08479950183605617
B0005,410,discharge,24,[2008.       5.      15.       0.      27.      55.625],3.4942333590450834,2.684960445221862,4.1968026018066595,0.23051595773401903,-1.7436362428649814,-2.0245398824990146,0.0014033494395084456,0.6846051890564013,33.7850680599871,24.80325379769347,41.15574924454392,4.144241804988197,2947.266,,,,,1.4229203181741186,,,,,,,
B0005,411,impedance,24,[2.008e+03 5.000e+00 1.500e+01 1.000e+00 1.800e+01 3.789e+01],,,,,,,,,,,,,,,,,,,846.7561440987071,316.3723177528531,2.754860404857751,0.2218618651619312,,0.05979534226516758,0.07964682734703848
B0005,412,charge,24,[2.0080e+03 5.0000e+00 1.5000e+01 1.0000e+00 5.0000e+01 3.8062e+01],4.17292540089804,3.3518264434107543,4.209097023225327,0.076908528848614,0.5011750295574352,-3.7849188788658266,1.5303759036625788,0.5879122486717034,26.304507189511508,24.664228463609295,30.274856346189882,1.6614817567869204,10807.219,4.109927717108684,0.49696177847113887,,,,,,,,,,
B0005,413,impedance,24,[2008.       5.      15.       4.      52.       4.609],,,,,,,,,,,,,,,,,,,850.2466912455608,312.5202910140252,2.795074425228273,0.22655888826590487,,0.05959588691816853,0.08518775171680287
B0005,414,discharge,24,[2008.      5.     15.      5.     24.      4.89],3.491197414255986,2.669922120529456,4.196227405416926,0.23192515902293845,-1.7425325036061032,-2.01689808000431,0.00328323198086081,0.6854953037815841,33.61126807392732,24.578577776974136,41.03237216951879,4.1726745332912945,2937.984,,,,,1.417429032731308,,,,,,,
B0005,415,impedance,24,[2008.       5.      15.       6.      14.      38.093],,,,,,,,,,,,,,,,,,,846.9959032337015,315.8770905528775,2.760944793140833,0.22253774606009688,,0.05920398197966059,0.08007181105183933
B0005,416,charge,24,[2008.     5.    15.     6.    46.    38.5],4.173506980483201,3.3507643062775467,4.20966048778739,0.07619652688668208,0.4996699404165846,-3.7833729238324505,1.5163274901654349,0.5863697887532255,26.033862750089828,24.394109473614314,30.035870598156723,1.69114268833262,10805.547,4.128014311735623,0.49543429612282075,,,,,,,,,,
B0005,417,impedance,24,[2008.       5.      15.       9.      48.       3.453],,,,,,,,,,,,,,,,,,,850.5200392091583,312.1950510199115,2.7995591009468144,0.2270829744133651,,0.058400743519397356,0.08632938236969102
B0005,418,discharge,24,[2008.       5.      15.      10.      20.       3.875],3.4889094081576237,2.664105530655056,4.196558172556389,0.23255290311170276,-1.7419837011363046,-2.0197651300783948,0.0026192373361047815,0.6864030353770245,33.45598581472246,24.354940329833727,40.937269906716935,4.211566699707515,2929.125,,,,,1.412409228794446,,,,,,,
B0005,419,impedance,24,[2008.       5.      15.      11.      10.      28.328],,,,,,,,,,,,,,,,,,,847.8313429979418,315.3839026074084,2.7667184167596433,0.2232743180461169,,0.06134389439332634,0.07989290542746168
B0005,420,charge,24,[2008.       5.      15.      11.      42.      28.859],4.173120289801623,3.3505766058453985,4.209800153781022,0.07662892102787484,0.5119592557446062,-3.7783214303674972,1.515577852517811,0.5874229027299627,26.173877726061654,24.62832991178077,30.03736523711485,1.6142263528156302,10510.453,4.249806157965194,0.5078736278447121,,,,,,,,,,
B0005,421,impedance,24,[2008.       5.      15.      14.      38.      58.781],,,,,,,,,,,,,,,,,,,850.6173103075192,312.2985511115282,2.7983074355944506,0.22698311017821463,,0.06260506440345279,0.08502111899525971
B0005,422,discharge,24,[2008.       5.      15.      15.      10.      59.437],3.487376295811431,2.634098605983684,4.196870541112335,0.23502132753203192,-1.7421680980861822,-2.0182280835485455,0.0010338439367061337,0.686435308908867,33.723267448788484,24.616751003686066,41.240704611971786,4.224667834776898,2928.454,,,,,1.412578792940193,,,,,,,
B0005,423,impedance,24,[2.008e+03 5.000e+00 1.500e+01 1.600e+01 1.000e+00 2.339e+01],,,,,,,,,,,,,,,,,,,847.0615189357808,315.64762075033053,2.763068329222165,0.22275508393965285,,0.05881986188457543,0.07914854798469835
B0005,424,charge,24,[2008.       5.      15.      16.      33.      24.093],4.171960284239058,3.350429078451017,4.208986473959438,0.07802336267318837,0.5275401796076259,-3.7757654753765975,1.5153644485477458,0.5898026354803635,26.58087845459433,25.029870666747808,30.351591057822837,1.5832258457656108,10202.781,4.349462175593595,0.523431253451132,,,,,,,,,,
B0005,425,impedance,24,[2008.       5.      15.      19.      24.      46.593],,,,,,,,,,,,,,,,,,,850.3759399812602,312.22004124568184,2.799361756576088,0.2270248839557916,,0.06115195391732467,0.08485577620272611
B0005,426,discharge,24,[2008.      5.     15.     19.     56.     47.39],3.491994243745711,2.68378702970616,4.196795527524874,0.23071791602007982,-1.735841378420618,-2.0178512019397976,0.002279801917616979,0.6933478478788404,34.050076369857344,25.013633898401757,41.43649987692296,4.168989536988808,2929.375,,,,,1.4075983731469897,,,,,,,
B0005,427,impedance,24,[2008.       5.      15.      20.      47.      12.406],,,,,,,,,,,,,,,,,,,847.3659500300884,315.7039949970238,2.7619944634708866,0.22280223361050297,,0.060462461899175826,0.08092668356466791
B0005,428,charge,24,[2008.       5.      15.      21.      19.      13.234],4.171902834988741,3.3519051164645437,4.2094113854487585,0.078173646252923,0.5295981797881324,-3.784466502357455,1.516547010397619,0.5898123789144573,26.844678208638005,25.119039641870298,30.67648939138071,1.6534667166602164,10140.858999999997,4.393865352581899,0.5251160466407551,,,,,,,,,,
B0005,429,impedance,24,[2008.       5.      16.       0.       9.      33.937],,,,,,,,,,,,,,,,,,,850.2691081135168,312.8045306853792,2.7916168943465887,0.22621072208247237,,0.059630601199984506,0.0850345675980089
B0005,430,discharge,24,[2008.       5.      16.      16.      54.      59.812],3.491585878898649,2.660031949282934,4.189287343772767,0.2314340526179757,-1.7567879869499758,-2.017223089332264,0.0036040078454246437,0.6705438927885254,33.889346908026745,25.159494190646395,41.16703904201915,4.072979899996419,2946.031,,,,,1.4333920485221476,,,,,,,
B0005,431,charge,24,[2008.       5.      16.      18.      43.      58.906],4.1712738901121105,3.3517957395366507,4.209579923728784,0.07824174931476541,0.5301690858655698,-3.803491370652066,1.515350957800192,0.5944198189161697,26.650851656256684,25.198428049358593,30.448107672298725,1.5511709432979575,10340.672,4.307977977161501,0.5258811854268624,,,,,,,,,,
B0005,432,discharge,24,[2008.       5.      16.      21.      37.      39.671],3.495576227046425,2.650011641082063,4.201144545237731,0.23397367076765024,-1.7573176114092575,-2.0257290511470427,0.0022668920626443224,0.6694688446745368,34.067648550088656,25.21215090210571,41.36216559728765,4.085856241889734,2955.438,,,,,1.4382550176792908,,,,,,,
B0005,433,impedance,24,[2008.       5.      16.      22.      28.      31.078],,,,,,,,,,,,,,,,,,,847.8405435896599,315.1880888229146,2.770049861051392,0.22367918584904145,,0.06160738568225919,0.08020127504914304
B0005,434,charge,24,[2008.       5.      16.      23.       0.      32.515],4.171468491878122,3.351648116958036,4.208897768601187,0.07900228244161069,0.5117506163543526,-3.789079576736508,1.5195806950484343,0.5920720422310805,26.644530238931335,24.961686122528825,30.60906521554531,1.6770933873305838,10700.062999999995,4.158792705326687,0.5074434531618998,,,,,,,,,,
B0005,435,impedance,24,[2.0080e+03 5.0000e+00 1.7000e+01 2.0000e+00 0.0000e+00 1.2656e+01],,,,,,,,,,,,,,,,,,,851.0953047013969,311.3830252402087,2.8121077728321318,0.22843838103420713,,0.060986669920577066,0.08583976882422588
B0005,436,discharge,24,[2.0080e+03 5.0000e+00 1.7000e+01 2.0000e+00 3.2000e+01 1.3968e+01],3.4938988589692483,2.6936969083341418,4.196925753814179,0.22954405726334065,-1.7427628393326555,-2.01734921830549,0.003419658941394484,0.6856017380135446,33.75168100943646,24.8439113089274,41.02198772703674,4.104311380057595,2937.625,,,,,1.4173547174485526,,,,,,,
B0005,437,impedance,24,[2008.       5.      17.       3.      22.      47.796],,,,,,,,,,,,,,,,,,,848.4667536290603,314.77770238384784,2.776724524406333,0.22434963161771515,,0.060802701783849895,0.08185255727094856
B0005,438,charge,24,[2008.       5.      17.       3.      54.      49.125],4.172802234100528,3.3520081728180475,4.208949896486924,0.07709164408327812,0.5081028567646714,-3.772572137699855,1.5207341048328884,0.5884944828252696,26.22137188976638,24.55055716015307,30.19378282488405,1.6834807883704264,10628.938,4.197024061343205,0.5037741935483872,,,,,,,,,,
B0005,439,impedance,24,[2008.       5.      17.       6.      53.      18.328],,,,,,,,,,,,,,,,,,,851.3019068174627,311.83236016026484,2.8051627204561487,0.22772138787069784,,0.06100425704109886,0.08588436114872877
B0005,440,discharge,24,[2008.       5.      17.       7.      25.      19.906],3.49159162968384,2.697073130067154,4.196901090271507,0.22932881459420568,-1.7352637407600366,-2.016959683770622,0.0025963216962809578,0.6933146489933393,33.46482299584788,24.47190444990649,40.78818812957494,4.144480066638334,2929.078,,,,,1.406981663677643,,,,,,,
B0005,441,impedance,24,[2008.       5.      17.       8.      15.      45.265],,,,,,,,,,,,,,,,,,,849.0117795177504,313.9922336283819,2.7836014487212584,0.22538857648170732,,0.06147075614169803,0.08170752156365965
B0005,442,charge,24,[2008.       5.      17.       8.      47.      46.703],4.174124314497429,3.350690235802344,4.209016148652449,0.07528346015026652,0.49584719215020134,-3.7726433109881365,1.5197345840060683,0.5845543364110366,25.981908446070978,24.40562183448975,29.935657831042917,1.6550259003479924,10807.109,4.130865209471767,0.49164845173041893,,,,,,,,,,
B0005,443,impedance,24,[2008.       5.      17.      11.      49.      14.296],,,,,,,,,,,,,,,,,,,852.2468164519956,310.2930598834885,2.824439896023371,0.2298480024661584,,0.06232914782727364,0.08822161138920462
B0005,444,discharge,24,[2008.      5.     17.     12.     21.     15.89],3.4885729299834787,2.6806995515145213,4.196688955833435,0.23087953878001954,-1.7344350518111926,-2.0173176445033945,0.002009419144474731,0.6942236682134463,33.40210697922146,24.335820690902352,40.81506138506309,4.186006847766958,2918.375,,,,,1.4012037783587625,,,,,,,
B0005,445,impedance,24,[2008.       5.      17.      13.      11.      30.687],,,,,,,,,,,,,,,,,,,848.9894217176115,314.02394061433216,2.7836531624233274,0.22521497241143393,,0.062141039518508724,0.08177099146255969
B0005,446,charge,24,[2008.       5.      17.      13.      43.      32.281],4.174346392804098,3.3498557087920315,4.209823901420775,0.07498904237679517,0.4976780837881712,-3.77909637061834,1.5313014269745342,0.5838111901255477,25.957258610228184,24.3868318812725,29.8881671331284,1.6470186909012268,10722.515,4.155512988716873,0.49345132511151923,,,,,,,,,,
B0005,447,impedance,24,[2008.       5.      17.      16.      43.      35.437],,,,,,,,,,,,,,,,,,,852.3274198735853,310.53981647027126,2.8227716195999193,0.22965313128649098,,0.061502762788551504,0.0872699062901812
B0005,448,discharge,24,[2008.       5.      17.      17.      15.      37.281],3.4869021151089825,2.6695398084864568,4.196339302740304,0.23172009682163183,-1.7280392046289716,-2.0174893103299003,0.004647788990613573,0.7011017090448697,33.410688917712235,24.324432889352373,40.858374219876424,4.202402162925674,2919.812,,,,,1.3967008232726328,,,,,,,
B0005,449,impedance,24,[2008.       5.      17.      18.       5.      53.796],,,,,,,,,,,,,,,,,,,848.9053398599085,314.10450187568546,2.781076481036184,0.22510356995771427,,0.059631149799839814,0.08257600572707498
B0005,450,charge,24,[2008.       5.      17.      18.      37.      55.593],4.17489016638359,3.3487260291497885,4.209170290922202,0.07431246256295397,0.49302618507032236,-3.7805927268861135,1.5230131656868984,0.5820644352081136,25.910664889466272,24.332307216652737,29.861095412731405,1.6590367527231205,10772.969,4.14220276617954,0.4887713987473904,,,,,,,,,,
B0005,451,impedance,24,[2008.       5.      17.      21.      38.      49.296],,,,,,,,,,,,,,,,,,,852.1581929159192,310.70201928303663,2.8200923537796054,0.22937383540365688,,0.06141907994833745,0.08720378292525818
B0005,452,discharge,24,[2008.       5.      17.      22.      10.      51.218],3.4855485210036417,2.671695307817951,4.196181412764837,0.2320368945792356,-1.7326888725308258,-2.0162082324346313,0.0022916013939350667,0.6961086414901655,33.38984948261314,24.27764742305546,40.839876773287166,4.223993508985999,2900.422,,,,,1.391284788852726,,,,,,,
B0005,453,impedance,24,[2008.       5.      17.      23.       0.      48.453],,,,,,,,,,,,,,,,,,,849.0313756571304,313.86356664624054,2.783840029138242,0.22522808590873777,,0.061083512551729904,0.08239994758407483
B0005,454,charge,24,[2008.       5.      17.      23.      32.      50.468],4.17500186209585,3.3472982873443136,4.209747743387126,0.07394634610340657,0.4924938743507686,-3.7967496368002682,1.5186121346915984,0.5816014226626107,25.915316403584885,24.31919207887584,29.859618167527618,1.6615726787673326,10745.718999999997,4.102971727748692,0.4882366492146597,,,,,,,,,,
B0005,455,impedance,24,[2.0080e+03 5.0000e+00 1.8000e+01 2.0000e+00 3.3000e+01 1.7109e+01],,,,,,,,,,,,,,,,,,,852.3304942224286,310.94488517364806,2.816918095167464,0.22874326240931195,,0.06121665145307191,0.0872819262712242
B0005,456,discharge,24,[2008.       5.      18.       3.       5.      19.265],3.4838912547260388,2.661289185949965,4.195770804194879,0.23259470683920805,-1.7260735249920125,-2.0178551648279797,0.002276420033202403,0.7028749959302109,33.3700433438796,24.239023397259928,40.85376069244676,4.228319663198283,2901.375,,,,,1.3862287677978349,,,,,,,
B0005,457,impedance,24,[2008.       5.      18.       3.      55.      17.546],,,,,,,,,,,,,,,,,,,848.9967982403147,313.9757145325231,2.7836061187038204,0.2252379082717633,,0.06148387399714281,0.08269579716686087
B0005,458,charge,24,[2008.       5.      18.       4.      27.      19.656],4.175515479681168,3.346522932588962,4.209894860161395,0.0732828329879828,0.4881521312448845,-3.7808181797700295,1.5165697813872945,0.5797949942652985,25.80295172183165,24.198731993203996,29.76623045605718,1.6740568332411165,10807.094,4.09529679770893,0.48392918510804483,,,,,,,,,,
B0005,459,impedance,24,[2008    5   18    7   28   48],,,,,,,,,,,,,,,,,,,852.7999814398287,310.3380253296529,2.82457112785803,0.22980712470839362,,0.062704070176938,0.08679111809854424
B0005,460,discharge,24,[2008.       5.      18.       8.       0.      50.421],3.483198941484065,2.667817533540102,4.195456241846729,0.2320093486771037,-1.7195393742714093,-2.01649929452358,0.0016756334707971991,0.7094441800501549,33.27215987470977,24.12349712975845,40.74795214258888,4.234132939694458,2901.187,,,,,1.3804366761974138,,,,,,,
B0005,461,impedance,24,[2008.       5.      18.       8.      50.      48.718],,,,,,,,,,,,,,,,,,,849.4688702732059,313.59266010270926,2.7890555949683744,0.22582931570343315,,0.0617088861822979,0.08329169748855401
B0005,462,charge,24,[2008.       5.      18.       9.      22.      51.046],4.174292387595526,3.347387991583747,4.2090419862189705,0.0748159575818373,0.5207295046813237,-3.7726316335985777,1.5169251648594961,0.583058362999384,25.798431586046714,24.108821646456608,29.659062062043006,1.679610641358542,10113.641,4.402655509065551,0.5161040446304045,,,,,,,,,,
B0005,463,impedance,24,[2008    5   18   12   12   46],,,,,,,,,,,,,,,,,,,852.7375955457668,310.32290101645214,2.8219700343858194,0.2296745906880173,,0.06172613583587411,0.0883779260119075
B0005,464,discharge,24,[2008.       5.      18.      12.      44.      48.437],3.4836274447098883,2.684008069130594,4.19654355365607,0.23099757689946665,-1.7185829844462923,-2.0162911974216766,0.0022384407354535305,0.7104295747135849,33.222444215660225,24.053006415445992,40.68794001196382,4.243207916713656,2891.64,,,,,1.3752364150256224,,,,,,,
B0005,465,impedance,24,[2008.       5.      18.      13.      34.      37.281],,,,,,,,,,,,,,,,,,,849.2730179931135,313.64722081154304,2.7871228817458955,0.22547742748771385,,0.06088889899741356,0.08311038310685015
B0005,466,charge,24,[2008.       5.      18.      14.       6.      39.921],4.175643593578711,3.344476114789535,4.2091512370452655,0.07264726147740043,0.49324912975351554,-3.79156342857451,1.5205284054622616,0.5793014045035613,25.716243739071537,24.116005247670884,29.636312800311195,1.6664621278823024,10585.812,4.093889154704945,0.48902472089314203,,,,,,,,,,
B0005,467,impedance,24,[2008.       5.      18.      17.       4.      27.234],,,,,,,,,,,,,,,,,,,852.4620778276845,310.51729926793774,2.819022756603484,0.22929884457260855,,0.06185223703499693,0.08697922184678317
B0005,468,discharge,24,[2008.       5.      18.      17.      36.      29.734],3.480172442538601,2.6585256208771644,4.194357133255019,0.2328888860424913,-1.717672415155695,-2.0164165307282076,0.004913397668118928,0.7114589545468621,33.26207748383125,24.058082195374322,40.7810749453613,4.270669269535446,2882.906,,,,,1.3705128024895008,,,,,,,
B0005,469,impedance,24,[2008.       5.      18.      18.      26.      10.015],,,,,,,,,,,,,,,,,,,849.6191953583296,313.48525127005905,2.7873892898772716,0.22574000285882226,,0.06106743458543022,0.08375435203587812
B0005,470,charge,24,[2008.       5.      18.      18.      58.      12.609],4.176577322242164,3.345621909727096,4.2089344930633095,0.07195166805045973,0.483727693040275,-3.7824454903358253,1.5164980832411434,0.576059458730107,25.721597233349875,24.155488317346414,29.674942267630755,1.667000147749599,10806.562,4.151890539483972,0.4795045608548346,,,,,,,,,,
B0005,471,impedance,24,[2008.       5.      18.      21.      59.      40.796],,,,,,,,,,,,,,,,,,,853.3452019814886,309.4770485561825,2.831203473600181,0.2308122188204357,,0.06310358102659182,0.08852234569242505
B0005,472,discharge,24,[2008.       5.      18.      22.      31.      45.515],3.478452148610975,2.6372250579822927,4.195863681881766,0.2349115652478485,-1.7177080769362936,-2.0166833595676397,0.001179478056536671,0.7112700457368812,33.312029905516525,24.086387020526896,40.88159339768709,4.285594428971785,2883.265,,,,,1.3705085566270399,,,,,,,
B0005,473,impedance,24,[2008.       5.      18.      23.      21.      28.437],,,,,,,,,,,,,,,,,,,849.0784348219532,313.7754799565035,2.786319931309949,0.22565557301618103,,0.06084445004689351,0.08308225537417147
B0005,474,charge,24,[2008.       5.      18.      23.      53.      33.781],4.176790229876768,3.344250467904019,4.20956126773023,0.07173462762674963,0.4824487275661897,-3.794059988721768,1.516413295532032,0.5756046135261906,25.681959267638916,24.059654299557888,29.66255999018432,1.6900557165246772,10805.281000000003,4.135507042253521,0.47825247782994257,,,,,,,,,,
B0005,475,impedance,24,[2.008e+03 5.000e+00 1.900e+01 2.000e+00 5.500e+01 2.843e+00],,,,,,,,,,,,,,,,,,,852.8419227007477,309.75319409216854,2.8314334453611587,0.23061011570035328,,0.06228746060457266,0.08923087570947913
B0005,476,discharge,24,[2008.       5.      19.       3.      27.       7.765],3.4785782556105507,2.6514257735606432,4.1955845546644195,0.23371613114596132,-1.7109669363015376,-2.0156447128046424,0.0025249486819050103,0.7178817791871309,33.25287943255863,24.008188700976785,40.81191473576834,4.288549064319252,2882.969,,,,,1.3647355108681518,,,,,,,
B0005,477,impedance,24,[2008.       5.      19.       4.      16.      50.453],,,,,,,,,,,,,,,,,,,851.0071905221922,312.059015456729,2.803518414600862,0.2278150541485883,,0.06351594916063175,0.08411816433198452
B0005,478,charge,24,[2008.       5.      19.       4.      48.      55.437],4.176985790150989,3.3434587647361527,4.209087989190457,0.07138911138074433,0.48404447233967585,-3.7912686790666448,1.5175773762130336,0.5748756906648761,25.624925482393323,24.00221272849387,29.574918567388586,1.6818098296748067,10733.391,4.1695995273109245,0.4797389705882353,,,,,,,,,,
B0005,479,impedance,24,[2008.       5.      19.       7.      49.      12.843],,,,,,,,,,,,,,,,,,,852.8811938720811,309.9732022160286,2.8266520936356856,0.2301192139446131,,0.06270549893166993,0.08838724457648714
B0005,480,discharge,24,[2008.       5.      19.      15.      34.      33.625],3.4825195584604582,2.676384659108382,4.188483624251573,0.22996700565473227,-1.7184206130755166,-2.015672372070857,0.0023505638634883142,0.7104440687417272,33.745054045019884,24.719545529723796,41.11793533148924,4.196060981362627,2891.656,,,,,1.375392016895762,,,,,,,
B0005,481,charge,24,[2008.       5.      19.      17.      58.      12.687],4.177987238970751,3.3475444317933105,4.2096620077990865,0.06916805506439028,0.48598493306923507,-3.7875831610983974,1.5170864422653372,0.5751726479191475,26.214209031070983,24.84161297790473,30.038979775800122,1.5545776689880206,10805.547,4.239882659713168,0.4815535853976532,,,,,,,,,,
B0005,482,discharge,24,[2008.       5.      19.      20.      59.      48.437],3.4886823636752826,2.6949138502817815,4.200346502821317,0.2305166507714859,-1.7260471943596487,-2.01575998810726,0.0021180176276842364,0.7029280466636602,33.88841975386692,24.843079939814473,41.248795355864885,4.172985355606769,2901.25,,,,,1.3861115151535393,,,,,,,
B0005,483,charge,24,[2008.      5.     19.     22.      8.     37.25],4.173973017733684,3.346596249241444,4.20979896478687,0.07651057427153597,0.49112574705055223,-3.78304355444368,1.5167435703240357,0.5824021649450513,26.418135656045987,24.60561215609096,30.44925709999368,1.8187642370674746,10751.266000000003,4.109578713389122,0.48664853556485355,,,,,,,,,,
B0005,484,discharge,24,[2.0080e+03 5.0000e+00 2.0000e+01 1.0000e+00 1.6000e+01 4.2609e+01],3.4858502383832755,2.6973343716306273,4.1981749992980655,0.229689874761782,-1.712021613408506,-2.016014837696764,0.0015018865835744713,0.7169288800053295,33.7353756996425,24.576580515525826,41.16242984455477,4.220925520758632,2891.703,,,,,1.3698500035838939,,,,,,,
B0005,485,impedance,24,[2.0080e+03 5.0000e+00 2.0000e+01 2.0000e+00 6.0000e+00 3.2234e+01],,,,,,,,,,,,,,,,,,,842.2615951927613,320.79631972142164,2.7043367370248568,0.2157915797721683,,0.05609876336075707,0.0751803131352498
B0005,486,charge,24,[2.0080e+03 5.0000e+00 2.0000e+01 2.0000e+00 3.8000e+01 3.5343e+01],4.17659968208389,3.347969939170728,4.209588279991649,0.0720740660664868,0.48297491868712317,-3.76450226475426,1.5168421439044522,0.5763906456858165,26.041050682309145,24.406914338764295,30.051459766235475,1.706102761725296,10805.625,4.1276052631578946,0.4784580510682648,,,,,,,,,,
B0005,487,impedance,24,[2008    5   20    5   40    3],,,,,,,,,,,,,,,,,,,845.5178013929713,317.8786797607173,2.7344877186576455,0.21935089205633548,,0.053286381622558374,0.08156856568421471
B0005,488,discharge,24,[2008.       5.      20.       6.      12.       6.265],3.478794177297151,2.642540259937964,4.195715092938243,0.23415766646771544,-1.711022510206629,-2.0165238233233063,0.0014907630238953716,0.7178849800923008,33.59131052719714,24.340286688400784,41.16437554618679,4.292879138992345,2883.016,,,,,1.3647827949260758,,,,,,,
B0005,489,impedance,24,[2.008e+03 5.000e+00 2.000e+01 7.000e+00 1.000e+00 4.739e+01],,,,,,,,,,,,,,,,,,,842.2492127330858,320.901430177126,2.7024917604947194,0.21561544733353188,,0.05438777538615831,0.07604192318654494
B0005,490,charge,24,[2008.       5.      20.       7.      33.      50.828],4.177020484618747,3.3439377168826576,4.208963727299078,0.07143283714615302,0.4810830469866139,-3.787251026252032,1.5168162439768864,0.5746380587852054,25.78429991090836,24.102543062532398,29.83228995796081,1.746981133511794,10806.672,4.151132237871675,0.4764467918622848,,,,,,,,,,
B0005,491,impedance,24,[2008.       5.      20.      10.      35.      19.875],,,,,,,,,,,,,,,,,,,846.1829598034919,316.6221993411047,2.74656235580888,0.2208383633107132,,0.05293147474045376,0.08275693411495888
B0005,492,discharge,24,[2008.       5.      20.      11.       7.      23.453],3.4812826020756744,2.699226257883075,4.195755769877104,0.2296261723890385,-1.703421414006958,-2.0182163733141314,0.002981994184247595,0.7252203529345469,33.32366688599416,24.03013803682012,40.864216180205034,4.2977729880449305,2873.453,,,,,1.3543220466259964,,,,,,,
B0005,493,impedance,24,[2008.       5.      20.      11.      56.      55.343],,,,,,,,,,,,,,,,,,,842.5452585181101,320.7640524099746,2.7046881097252347,0.21592967650788472,,0.054476476622608364,0.07673140547029404
B0005,494,charge,24,[2008.       5.      20.      12.      28.      58.687],4.176949472748766,3.3440394085174,4.209722877884705,0.07133671334734507,0.4910575899778839,-3.790423978004734,1.5169850101386546,0.5753613285697761,25.89460433493637,24.386054393194264,29.749204122508385,1.624907345326223,10502.453,4.2358547651006715,0.4867044295302013,,,,,,,,,,
B0005,495,impedance,24,[2008.       5.      20.      15.      25.      23.625],,,,,,,,,,,,,,,,,,,846.2709515530141,316.44519711792367,2.7497721255360825,0.2211867204820158,,0.05588929297745871,0.08226321054006082
B0005,496,discharge,24,[2008.       5.      20.      15.      57.      27.312],3.480352041587074,2.676480329780849,4.195911764444989,0.23135076723711012,-1.703574708739156,-2.016150778973011,0.0015383602403595874,0.7250143495493764,33.691961507697364,24.392658600566655,41.25434553511566,4.308684792274605,2874.031,,,,,1.3546417018378962,,,,,,,
B0005,497,impedance,24,[2008.       5.      20.      16.      46.      59.765],,,,,,,,,,,,,,,,,,,842.6262858472572,320.2674196090054,2.7090759937053264,0.2163774464889273,,0.05599607903184257,0.07651440849093617
B0005,498,charge,24,[2008.       5.      20.      17.      19.       3.375],4.177167687873663,3.3441211905536,4.209676059278413,0.07126380586673657,0.4824992021317717,-3.7971023250598015,1.5232750856889004,0.5745596992164071,26.21291162607548,24.698094829009012,30.125015931862148,1.6528216542783025,10689.219,4.156157395201688,0.478214078565779,,,,,,,,,,
B0005,499,impedance,24,[2008.       5.      20.      20.      18.      35.187],,,,,,,,,,,,,,,,,,,846.2460746443472,316.71900298070756,2.7461531583729113,0.22074258913403622,,0.05841778368115902,0.08029809490533976
B0005,500,discharge,24,[2008.       5.      20.      20.      50.      39.015],3.4781127815565127,2.642142168479886,4.195824004004723,0.23421513644395944,-1.7034912994217157,-2.0176181286216193,0.0030940952671648994,0.7251866928085958,33.887639684793655,24.647812199908287,41.45023191903855,4.288100406630046,2874.234,,,,,1.3547039213192407,,,,,,,
B0005,501,impedance,24,[2008.       5.      20.      21.      40.      11.843],,,,,,,,,,,,,,,,,,,842.4033467451785,320.66526120475015,2.7040409594458237,0.21587232879541518,,0.052279965818119264,0.07486615123258515
B0005,502,charge,24,[2008.       5.      20.      22.      12.      15.984],4.176615170009566,3.342940481283274,4.209570995056534,0.07207047771533907,0.4948718422742959,-3.8053775528158647,1.517847900730875,0.5760642538591982,26.189195744166067,24.484611679990056,30.142009338201902,1.7214306520042326,10436.453999999998,4.277740810810811,0.4902,,,,,,,,,,
B0005,503,impedance,24,[2.008e+03 5.000e+00 2.100e+01 1.000e+00 7.000e+00 3.514e+01],,,,,,,,,,,,,,,,,,,846.4616780193952,316.391858394423,2.7501026716985444,0.22131614363924237,,0.056411433170262516,0.0819223123309917
B0005,504,discharge,24,[2.0080e+03 5.0000e+00 2.1000e+01 1.0000e+00 3.9000e+01 3.8968e+01],3.4765867130506125,2.644725254926797,4.196258226051591,0.23433904836584496,-1.7023383270190764,-2.017297732143782,0.0056941514906116535,0.726300026957014,33.67308060941856,24.39982529977077,41.27708509224051,4.3052968556355395,2864.984,,,,,1.349314997503458,,,,,,,
B0005,505,impedance,24,[2.008e+03 5.000e+00 2.100e+01 2.000e+00 2.900e+01 2.656e+00],,,,,,,,,,,,,,,,,,,842.704592789691,320.7797465964161,2.702221794441702,0.21579407926501,,0.05350804531294866,0.07610419438082021
B0005,506,charge,24,[2.008e+03 5.000e+00 2.100e+01 3.000e+00 1.000e+00 6.687e+00],4.176632324656065,3.3423355342925554,4.209447384056193,0.07191872467590049,0.5046731629853417,-3.795650309241255,1.5185294890466194,0.575746961980798,25.925635492800915,24.175956301411055,29.843375053160454,1.7330335679851907,10193.25,4.398357439733998,0.49989387642006095,,,,,,,,,,
B0005,507,impedance,24,[2008    5   21    5   52   23],,,,,,,,,,,,,,,,,,,846.4386975677029,316.34928592240294,2.75281936364953,0.22139871835549463,,0.05568015964086863,0.08177399086572994
B0005,508,discharge,24,[2008.       5.      21.       6.      24.      27.281],3.4733769291841643,2.632270655366611,4.196612664794988,0.23574646332423185,-1.7014238498912502,-2.017223266913469,0.0031481012336326926,0.7272134622451198,33.411988203265814,24.071743981632668,41.064605154983276,4.343168774264048,2855.093,,,,,1.3441891937970554,,,,,,,
B0005,509,impedance,24,[2008.      5.     21.      7.     13.     41.25],,,,,,,,,,,,,,,,,,,842.9639477520936,320.2668290545049,2.711348490459645,0.21663401458612863,,0.053892806183993766,0.07778309560578801
B0005,510,charge,24,[2008.       5.      21.       7.      45.      45.343],4.178482558143892,3.3409100193242898,4.208946514436026,0.06942816505269377,0.47658965552649,-3.7904734461204876,1.5181430673344265,0.5696080420851242,25.56161801380306,23.9033810697992,29.564480083595075,1.7305489513611545,10733.703,4.199393429697767,0.4722402102496715,,,,,,,,,,
B0005,511,impedance,24,[2.008e+03 5.000e+00 2.100e+01 1.000e+01 4.600e+01 1.953e+00],,,,,,,,,,,,,,,,,,,847.2025711327655,316.0272550558691,2.7535066776535966,0.22153344662171573,,0.056210257603528525,0.08328067168438782
B0005,512,discharge,24,[2008.       5.      21.      11.      18.       6.015],3.4726366397371127,2.6391006118876117,4.195850781215982,0.23483898171754727,-1.6950436046971957,-2.0197342717689364,0.0017629793721903892,0.7333519547642081,33.29926524979532,23.873389284419225,40.99284868101728,4.376203061199199,2855.625,,,,,1.3389913790695755,,,,,,,
B0005,513,impedance,24,[2008.       5.      21.      12.       7.      20.984],,,,,,,,,,,,,,,,,,,843.046494376444,320.0213101232176,2.7118223048629173,0.2167540234151791,,0.05500261254176024,0.0770552542641119
B0005,514,charge,24,[2008.       5.      21.      12.      39.      25.421],4.178606107587668,3.3419417446795183,4.2097116328585535,0.06926337292091958,0.4783950731989409,-3.7799207541995568,1.5178865356009956,0.5694468665401463,25.662187990962515,24.152834375680932,29.574314879183014,1.6649302579485001,10647.812,4.2239342872284045,0.4742599364069952,,,,,,,,,,
B0005,515,impedance,24,[2008.       5.      21.      15.      38.      16.546],,,,,,,,,,,,,,,,,,,846.7683560904565,316.34110249988777,2.752328017736998,0.22147038606908456,,0.05579452141186236,0.0829501208969064
B0005,516,discharge,24,[2008.       5.      21.      16.      10.      21.203],3.473439372740961,2.637841830893275,4.1960023929619235,0.23479831383576488,-1.695057731610264,-2.016896104476736,0.005009392491167575,0.7335626760276208,33.59980731390034,24.168977704033605,41.29040553417739,4.38509807605157,2855.594,,,,,1.3389145230206971,,,,,,,
B0005,517,impedance,24,[2008.      5.     21.     16.     59.     36.14],,,,,,,,,,,,,,,,,,,843.0231999793532,319.96021647803786,2.713870728573866,0.21692970755986277,,0.055477936916064945,0.07700167355105111
B0005,518,charge,24,[2008.       5.      21.      17.      31.      40.671],4.178293208291327,3.340993070052495,4.208975288401353,0.06977781072609418,0.48013952405225957,-3.7933352746466817,1.5177913034806534,0.5703977841634148,25.980230716549915,24.342600156037985,29.926917344820954,1.6996873172543971,10621.235,4.224223432518597,0.4757909139213603,,,,,,,,,,
B0005,519,impedance,24,[2008.       5.      21.      20.      30.       5.343],,,,,,,,,,,,,,,,,,,846.8445299183599,316.054570758969,2.755997631105304,0.22188457682509233,,0.057799714665998925,0.08190303229216056
B0005,520,discharge,24,[2.008e+03 5.000e+00 2.100e+01 2.100e+01 2.000e+00 9.781e+00],3.4754777099091454,2.668286095904868,4.196207586734141,0.23268564565922872,-1.6937809113323188,-2.0199925086996786,0.0025365511428236684,0.7343985203891996,33.61961195858585,24.28428480579148,41.22740227746052,4.3315046908749135,2847.437,,,,,1.3340066759761655,,,,,,,
B0005,521,impedance,24,[2008.       5.      21.      21.      51.      16.781],,,,,,,,,,,,,,,,,,,843.0493422849335,320.17894968716627,2.709574533916769,0.21663314994212915,,0.055131598162180676,0.07705565644815345
B0005,522,charge,24,[2008.       5.      21.      22.      23.      21.421],4.1770810163384215,3.3415110902495564,4.20900687681348,0.07109819646092512,0.5091449035270569,-3.7884468298188487,1.5187637743768865,0.5743985427740144,25.8806869522218,24.08509458776678,29.766294155994522,1.7414520341748425,9969.577999999994,4.3966079931972795,0.5044433106575964,,,,,,,,,,
B0005,523,impedance,24,[2.0080e+03 5.0000e+00 2.2000e+01 1.0000e+00 1.0000e+01 5.4593e+01],,,,,,,,,,,,,,,,,,,847.0107620444677,316.08156703543807,2.753916613008045,0.22169660244795616,,0.05577529472858128,0.08294674118422612
B0005,524,discharge,24,[2.0080e+03 5.0000e+00 2.2000e+01 1.0000e+00 4.2000e+01 5.9218e+01],3.4722884821666766,2.6490198126838553,4.195534582569042,0.23410417256729069,-1.6869434054016965,-2.0167450744074586,0.0028787153794497824,0.7406453707024624,33.3945201718652,24.00593985304127,41.04619550953222,4.355772728473297,2847.36,,,,,1.3286444309174914,,,,,,,
B0005,525,impedance,24,[2.008e+03 5.000e+00 2.200e+01 2.000e+00 3.200e+01 6.250e+00],,,,,,,,,,,,,,,,,,,843.4780212352034,319.7621462731843,2.713019115150496,0.2169290083856031,,0.05581143896033036,0.07655193817591452
B0005,526,charge,24,[2008.       5.      22.       3.       4.      11.015],4.1790092292724275,3.3394858458136367,4.209687609257486,0.06881927564087145,0.4825845214419318,-3.784529376109808,1.5159990878969725,0.5683917930905136,25.489728914515275,23.76888351150006,29.462747298392184,1.7452246403016494,10501.094,4.280150928167878,0.478092816787732,,,,,,,,,,
B0005,527,impedance,24,[2008.       5.      22.       6.       0.      35.953],,,,,,,,,,,,,,,,,,,847.5006644379479,316.06256570095275,2.753185562573545,0.22167198503385413,,0.056559391313402284,0.08237490117893426
B0005,528,discharge,24,[2008.       5.      22.       6.      32.      40.921],3.471373665098864,2.664058512378051,4.1957439573980455,0.23334669694409094,-1.6860649112944592,-2.0163628111205263,0.004270068564987734,0.7415168583920652,33.16734508187535,23.715060546682704,40.85874389007758,4.389640806041505,2837.328,,,,,1.3231708992276219,,,,,,,
B0005,529,impedance,24,[2008.       5.      22.       7.      21.      37.921],,,,,,,,,,,,,,,,,,,843.6299949126866,319.58832662883674,2.7175026590825397,0.2172569960349926,,0.05517339070760031,0.07730223904611441
B0005,530,charge,24,[2008.       5.      22.       7.      53.      42.703],4.179651289471171,3.338877397954293,4.209245312367315,0.06772616829075383,0.47672479393770617,-3.7821759620123343,1.5171763043828834,0.5659552275934312,25.273691508203626,23.608423034434207,29.271930927566483,1.7433574526442719,10570.735,4.268967923015237,0.47242261427425825,,,,,,,,,,
B0005,531,impedance,24,[2008.       5.      22.      10.      51.      17.265],,,,,,,,,,,,,,,,,,,847.2106487925554,315.3334489349406,2.7621745140531035,0.22243428643987587,,0.05334424687864744,0.08448562230827522
B0005,532,discharge,24,[2008.       5.      22.      11.      23.      22.187],3.4726160162875095,2.6883611693898826,4.19586805747139,0.2313300011614801,-1.6795829780331424,-2.0162121238671036,0.0023204014455349238,0.7474505249209339,33.10962161613893,23.563561594833335,40.79196924883506,4.41254377922931,2837.281,,,,,1.3181691588445197,,,,,,,
B0005,533,impedance,24,[2008.       5.      22.      12.      12.      19.453],,,,,,,,,,,,,,,,,,,844.3124096671286,318.6522215523834,2.726917610124488,0.2184944808494409,,0.05620338276580351,0.07843574895859332
B0005,534,charge,24,[2008.       5.      22.      12.      44.      24.687],4.180323596506419,3.340016083614076,4.209279196868547,0.06669999858690376,0.464030392449307,-3.7717655072479284,1.5161278732560692,0.563360080117524,25.44947305264886,23.965902802638546,29.36355715804258,1.655252599274491,10804.765,4.158064541416254,0.46008335510844006,,,,,,,,,,
B0005,535,impedance,24,[2008.       5.      22.      15.      45.      53.515],,,,,,,,,,,,,,,,,,,847.3350046628351,315.4213868505328,2.761610136508558,0.22248059078422666,,0.056262478978249195,0.0830662312193171
B0005,536,discharge,24,[2008.      5.     22.     16.     17.     58.89],3.4738146874457896,2.6869753836302124,4.195347750909715,0.23107179563833466,-1.679793840292355,-2.0168197393548124,0.004169727934917151,0.7476125202754746,33.46501751186519,23.955208980751504,41.14127834456325,4.41399055456936,2838.515,,,,,1.3184664436640334,,,,,,,
B0005,537,impedance,24,[2008.       5.      22.      17.       6.      57.515],,,,,,,,,,,,,,,,,,,843.8985823994223,318.839458416126,2.7241327595163547,0.2181815217547999,,0.054122848764169285,0.07853439066990606
B0005,538,charge,24,[2008.       5.      22.      17.      39.       2.953],4.178397414005577,3.3394210742343233,4.209621674026962,0.06940877327799631,0.5004880344037268,-3.7834249844961874,1.518521397037986,0.569971823440801,25.781794240772307,24.024873870778546,29.66310389082133,1.7299372087904865,10037.5,4.433005073280722,0.4960439684329201,,,,,,,,,,
B0005,539,impedance,24,[2008.       5.      22.      20.      27.      44.765],,,,,,,,,,,,,,,,,,,847.4360933617166,315.4360650775615,2.761101677593359,0.22259635468887148,,0.05339424998746291,0.08335635527903888
B0005,540,discharge,24,[2008.       5.      22.      20.      59.      50.203],3.4701426486639693,2.6507536817766586,4.196065828878837,0.23433499047226858,-1.6851739865098712,-2.0187637742643867,0.0033179608221933095,0.7426401126844396,33.4426191014044,23.967802824849826,41.14429319149828,4.405907457499604,2828.328,,,,,1.318293040102702,,,,,,,
B0005,541,impedance,24,[2008.       5.      22.      21.      48.      39.015],,,,,,,,,,,,,,,,,,,843.7861588847982,319.2257869254534,2.720767500315016,0.21786187732060144,,0.05545823824882687,0.07866069372174239
B0005,542,charge,24,[2008.      5.     22.     22.     20.     44.39],4.179704118943526,3.3399130661961682,4.209303699708371,0.067757703366229,0.475078474309667,-3.7779504832267983,1.5168556207671993,0.5657927297023502,25.68864253357384,24.05775731495699,29.609551859753193,1.7029164732323394,10555.125,4.237402997056463,0.470983409151726,,,,,,,,,,
B0005,543,impedance,24,[2008.       5.      23.      11.      41.      10.187],,,,,,,,,,,,,,,,,,,850.44788219252,312.1337380191365,2.798891096955046,0.22683549300566916,,0.05854525235071128,0.08836885185980756
B0005,544,discharge,24,[2008.       5.      23.      12.      13.      16.359],3.467523652225441,2.6646322789106516,4.184534803011309,0.22993104314578544,-1.6863812036302581,-2.016191969154752,0.0021406905839278507,0.7416010886402903,33.037928170775885,23.58968747789601,40.66184230912503,4.378936217766459,2838.265,,,,,1.323872422244268,,,,,,,
B0005,545,impedance,24,[2.0080e+03 5.0000e+00 2.3000e+01 1.3000e+01 2.0000e+00 1.5484e+01],,,,,,,,,,,,,,,,,,,846.2751931180679,316.5899958131538,2.750139526006624,0.2213105544646996,,0.057849417299627566,0.08078773867849699
B0005,546,charge,24,[2008.       5.      23.      17.      12.      57.796],4.183127253755657,3.3530063390337426,4.209605959425042,0.06101291690676733,0.4667767313325743,-3.81681034390481,1.5153428761454104,0.5582890017616114,25.5473433758295,24.204039274991032,29.24035466838343,1.5325990665334077,10807.328,4.362189479193928,0.4627296519235802,,,,,,,,,,
B0005,547,discharge,24,[2008.       5.      23.      20.      14.      29.875],3.4767525840839255,2.6400211837268666,4.201240476440081,0.23540364113204323,-1.715777469309528,-2.021651287065962,0.0028823561171506806,0.7135712492118176,33.4949493613756,24.237681569505874,41.046694544970684,4.298521877619114,2864.547,,,,,1.3601216766554785,,,,,,,
B0005,548,impedance,24,[2008.       5.      23.      21.       3.      54.921],,,,,,,,,,,,,,,,,,,846.8853143271525,316.26208912317026,2.7545694140134214,0.22189210936847595,,0.05861499608457943,0.0815465143150512
B0005,549,charge,24,[2.008e+03 5.000e+00 2.300e+01 2.100e+01 3.600e+01 7.500e-01],4.177677029642593,3.3407373419757564,4.2088907582184145,0.07065848686114716,0.4809565353388997,-3.7872296750349106,1.5168151961358265,0.5722797278684668,25.858105200686058,24.22728820817936,29.82861578831074,1.700906238969828,10790.062999999995,4.222864158829676,0.4768461337513062,,,,,,,,,,
B0005,550,impedance,24,[2008.       5.      24.       0.      37.      15.656],,,,,,,,,,,,,,,,,,,850.2449509555418,312.49832051554154,2.7955872646401523,0.2263680380648572,,0.06142385686894261,0.08496390395839584
B0005,551,discharge,24,[2.0080e+03 5.0000e+00 2.4000e+01 1.0000e+00 9.0000e+00 2.1562e+01],3.4758956827369127,2.674198661305034,4.195703567262997,0.23141450235644928,-1.7007216920098716,-2.017592416950431,0.0024155477323689854,0.7281444869556635,33.491363029025784,24.167374158398008,41.0462053156659,4.320694493018863,2846.39,,,,,1.3395306867947354,,,,,,,
B0005,552,impedance,24,[2.0080e+03 5.0000e+00 2.4000e+01 1.0000e+00 5.8000e+01 2.8718e+01],,,,,,,,,,,,,,,,,,,846.4911664004343,316.3412257020672,2.7544397048393594,0.22191919059570522,,0.05514590684509453,0.08131922130895523
B0005,553,charge,24,[2.0080e+03 5.0000e+00 2.4000e+01 2.0000e+00 3.0000e+01 3.4593e+01],4.178254104663735,3.3388847884627486,4.2096990171081545,0.06973317833255943,0.48250664989891084,-3.808680533557909,1.5158612073699478,0.5714354086070169,25.762271564177254,24.079210079675516,29.749012593536026,1.7338593523355312,10574.641,4.2160850666666665,0.47825946666666663,,,,,,,,,,
B0005,554,impedance,24,[2008.       5.      24.       5.      28.      14.078],,,,,,,,,,,,,,,,,,,850.3592276958021,312.36257287230904,2.799202383810256,0.22693742792027116,,0.05952338030179974,0.08720833121299235
B0005,555,discharge,24,[2008.       5.      24.       6.       0.      20.156],3.475812179626641,2.696427051131168,4.195744519551191,0.22982866330880042,-1.6928138295817332,-2.0171105982760715,0.004008579519805372,0.7355491829025723,33.329808599922345,23.987394863111092,40.868302643225604,4.3265778248452476,2837.969,,,,,1.3290286565120697,,,,,,,
B0005,556,impedance,24,[2008.       5.      24.       6.      49.      19.062],,,,,,,,,,,,,,,,,,,847.745978215965,315.28819225432477,2.764625615201364,0.22308757870015483,,0.060395218506932496,0.08118649064632041
B0005,557,charge,24,[2008.      5.     24.      7.     21.     25.14],4.1777864501467326,3.3382781008008675,4.208965703024872,0.07013174003532996,0.5029299771656236,-3.796248138024393,1.516633073147013,0.5724387112994467,25.665322106933754,23.914272854476017,29.560275150643996,1.7324546820669415,10074.109,4.427703620544484,0.4985470109458322,,,,,,,,,,
B0005,558,impedance,24,[2008.       5.      24.      10.      10.      44.312],,,,,,,,,,,,,,,,,,,850.8810779353956,311.9314043069721,2.8026147341657257,0.22723058811572847,,0.05926159085880675,0.08777868669454861
B0005,559,discharge,24,[2008.       5.      24.      10.      42.      50.484],3.4746554404904435,2.6928340297696836,4.196363050482315,0.23034104902999514,-1.6861104874993165,-2.0165753451036377,0.003616989953114752,0.7415448385525264,33.27302769298771,23.87546148452671,40.85283588259973,4.342373783875506,2838.156,,,,,1.3236741274998955,,,,,,,
B0005,560,impedance,24,[2008.       5.      24.      11.      31.      49.718],,,,,,,,,,,,,,,,,,,847.465071050643,315.3640368138788,2.7644705277942037,0.2229787498801333,,0.05837332151817875,0.08168688613354813
B0005,561,charge,24,[2008.       5.      24.      12.       3.      55.937],4.179042925040038,3.338955474315249,4.209701588831816,0.06834650805624096,0.4830613994014529,-3.7867692993890456,1.5167523788162582,0.5683263054618128,25.533014977562825,23.844720965021104,29.475615420352657,1.7252519827196457,10423.047,4.257939024390244,0.47879566395663953,,,,,,,,,,
B0005,562,impedance,24,[2008.       5.      24.      14.      59.       4.171],,,,,,,,,,,,,,,,,,,850.736980523492,311.8337104090962,2.801094017729825,0.227168946239192,,0.05952378458944331,0.08843007755224046
B0005,563,discharge,24,[2008.       5.      24.      15.      31.      10.593],3.472301781313945,2.681747855329962,4.1957929878569455,0.23135728351469487,-1.685043785043406,-2.0157688095228656,0.0028522205733032915,0.7425021379234665,33.229879126701434,23.800482246729,40.85270645265791,4.372506036726199,2829.843,,,,,1.318633896753293,,,,,,,
B0005,564,impedance,24,[2.008e+03 5.000e+00 2.400e+01 1.600e+01 2.000e+01 1.515e+00],,,,,,,,,,,,,,,,,,,847.1733478426437,315.6335072453123,2.7611854379413896,0.22259648895388148,,0.058915317530095296,0.08242888973447615
B0005,565,charge,24,[2008.       5.      24.      16.      52.       7.875],4.1796653012106955,3.3390304483662616,4.209653239010418,0.06759452843548691,0.47627891863461846,-3.7781113837561264,1.5163355073761509,0.5663684248494137,25.460985558962392,23.81123435990613,29.414812446477324,1.723979126921512,10534.046,4.221377747989276,0.4721345844504022,,,,,,,,,,
B0005,566,impedance,24,[2008.       5.      24.      19.      49.       7.109],,,,,,,,,,,,,,,,,,,850.5353649890479,312.01454078435825,2.8010041483523094,0.22690271881567292,,0.05967664811705819,0.08584374973711092
B0005,567,discharge,24,[2008.       5.      24.      20.      21.      13.437],3.4729305773503527,2.696791414385091,4.195797286482793,0.23009227143713637,-1.678524839793589,-2.016274841649268,0.0012910201456034266,0.7485063258578094,33.20860833999321,23.75244046991811,40.8263251809212,4.375591656512413,2829.625,,,,,1.3134751321324272,,,,,,,
B0005,568,impedance,24,[2008.       5.      24.      21.      10.       4.265],,,,,,,,,,,,,,,,,,,847.0066915196522,315.81681930021614,2.7593936129577776,0.2224893158138023,,0.05679308055986898,0.08277241951062583
B0005,569,charge,24,[2008.      5.     24.     21.     42.     10.75],4.179397929492487,3.338754457820943,4.2089086808202625,0.06793672464829403,0.48753508913297783,-3.7777342736682513,1.518953414289241,0.5670122266811239,25.497401087996412,23.83833720671868,29.395124167825006,1.7149514985151353,10266.812000000005,4.363574538440342,0.48325709561862773,,,,,,,,,,
B0005,570,impedance,24,[2008.      5.     25.      0.     34.     43.14],,,,,,,,,,,,,,,,,,,850.3659584741796,312.4696168656697,2.794081540191961,0.22652666652106804,,0.05975988463048883,0.08662483639594361
B0005,571,discharge,24,[2.0080e+03 5.0000e+00 2.5000e+01 1.0000e+00 6.0000e+00 4.9828e+01],3.4696192030612285,2.664695973142795,4.196349384378125,0.23314646442584394,-1.6839115230941766,-2.016821101865832,0.004289580699201413,0.7436617614037866,33.236115055926255,23.770683336009036,40.90308836809665,4.397428370935168,2819.437,,,,,1.3132020634442203,,,,,,,
B0005,572,impedance,24,[2.0080e+03 5.0000e+00 2.5000e+01 1.0000e+00 5.5000e+01 3.0531e+01],,,,,,,,,,,,,,,,,,,848.8121186281265,313.8895186480563,2.7820531647861864,0.2248757432781104,,0.061548802456462645,0.08166650115809095
B0005,573,charge,24,[2.008e+03 5.000e+00 2.500e+01 2.000e+00 2.700e+01 3.725e+01],4.1801193410650805,3.337604125308679,4.209046572142359,0.0668676135799919,0.4722817576490998,-3.7874714491552637,1.517023783944142,0.5640245041661294,25.448154568524693,23.792341331859067,29.410028325661973,1.7231606469653562,10568.109,4.217568181818182,0.46812219251336895,,,,,,,,,,
B0005,574,impedance,24,[2008.       5.      25.       5.      25.      11.093],,,,,,,,,,,,,,,,,,,850.553410637801,312.1856845909299,2.796760949541197,0.22655619133977323,,0.05950259165745283,0.08636882918668189
B0005,575,discharge,24,[2008.      5.     25.      5.     57.     17.89],3.470018470757559,2.679191623358613,4.195609431921248,0.2319010543734744,-1.6773783325850857,-2.0165933442123594,0.0019608791198133632,0.749467869640777,33.18660088296571,23.69874029857621,40.84337405460518,4.3975602464184975,2819.579,,,,,1.3077959946944353,,,,,,,
B0005,576,impedance,24,[2008.       5.      25.       6.      45.      59.203],,,,,,,,,,,,,,,,,,,846.9486377240714,316.062853208251,2.754022237216405,0.22197638816826792,,0.05815785715365463,0.08076638409033879
B0005,577,charge,24,[2008.       5.      25.       7.      18.       6.015],4.180905341006991,3.338014963877101,4.209046904080791,0.065714653141311,0.4601208745029174,-3.775235730316498,1.5173889983839928,0.5610719594082091,25.331277760037743,23.729492865589098,29.31427764174688,1.715703350294892,10798.344,4.127400104602511,0.45617468619246865,,,,,,,,,,
B0005,578,impedance,24,[2008.       5.      25.      10.      19.      30.093],,,,,,,,,,,,,,,,,,,851.2154153683517,311.441105333117,2.8055645459192977,0.22774500137999423,,0.05955598055289399,0.08821831541627395
B0005,579,discharge,24,[2008.       5.      25.      10.      51.      37.015],3.470762691935287,2.699983457940659,4.195339917236225,0.23041567165870697,-1.676425373206175,-2.018075144841628,0.001890284329441244,0.7504749213693337,33.174058099115534,23.681325932299053,40.81792110626284,4.403923127546659,2810.672,,,,,1.3030329186405918,,,,,,,
B0005,580,impedance,24,[2008.       5.      25.      11.      40.       9.609],,,,,,,,,,,,,,,,,,,847.2819689652015,315.456193674173,2.763847408614941,0.2229176387060162,,0.05998242374388253,0.08040837607181418
B0005,581,charge,24,[2008.       5.      25.      12.      12.      16.578],4.180026342503464,3.3370508249552584,4.209068843248563,0.06690385577899856,0.48226181054869705,-3.783803356862587,1.5152369268741754,0.5648869585353476,25.474169291837303,23.801865326750633,29.362572362769285,1.7109873243949552,10279.047,4.303129884424877,0.47802916895982395,,,,,,,,,,
B0005,582,impedance,24,[2.008e+03 5.000e+00 2.500e+01 1.500e+01 5.000e+00 1.687e+00],,,,,,,,,,,,,,,,,,,850.9744353650531,311.6799953725146,2.8066344542236172,0.22768734563945836,,0.05949136479118529,0.08873029794077426
B0005,583,discharge,24,[2008.      5.     25.     15.     37.      8.89],3.468111467035994,2.666300786624286,4.1954020570061195,0.232919708838876,-1.67627880896028,-2.018091528339797,0.0024103529115243262,0.7506572509412427,33.253984518546055,23.748579260944844,40.946993847659506,4.4204604450448715,2811.485,,,,,1.3033573559038205,,,,,,,
B0005,584,impedance,24,[2008.      5.     25.     16.     25.     42.25],,,,,,,,,,,,,,,,,,,847.4430761311054,315.4542246629439,2.7609285710383276,0.22264748034560963,,0.06032121649663735,0.080340961111739
B0005,585,charge,24,[2008.       5.      25.      16.      57.      49.359],4.180051194279357,3.3372940334795382,4.209469599722886,0.0669697600499785,0.4817078695645897,-3.784137389052248,1.5155574937679006,0.5644496180937892,25.517578140682183,23.859742223126126,29.411970172612595,1.7167076727485553,10299.39,4.3242414835164835,0.4775008241758242,,,,,,,,,,
B0005,586,impedance,24,[2008.       5.      25.      19.      50.      54.953],,,,,,,,,,,,,,,,,,,851.0860660551549,311.48468508182594,2.8058857169520763,0.22762495433433147,,0.06052114924707915,0.08753623977970666
B0005,587,discharge,24,[2008.       5.      25.      20.      23.       4.453],3.4648625780221494,2.6308501373847837,4.195685302232799,0.2358919511891503,-1.6817992883033976,-2.0177167019715503,0.0043239362691777465,0.7455663662944304,33.3198093248819,23.789078897860136,41.074938058306316,4.448685891734653,2802.422,,,,,1.3034100438655642,,,,,,,
B0005,588,impedance,24,[2008.       5.      25.      21.      11.      31.515],,,,,,,,,,,,,,,,,,,847.3494012588011,315.09173241563417,2.767491979370982,0.22322897747668216,,0.05960681398165175,0.08219508357127864
B0005,589,charge,24,[2008.       5.      25.      21.      43.      40.953],4.180646937833196,3.336178999164467,4.20895331166291,0.06626299320000786,0.47029194969752847,-3.779054819049973,1.5196697389409588,0.5621950206370708,25.507755071863212,23.871670304325445,29.44296145322608,1.7187454212864044,10543.077999999994,4.241817498658079,0.4662045088566827,,,,,,,,,,
B0005,590,impedance,24,[2008.       5.      26.       0.      40.      52.859],,,,,,,,,,,,,,,,,,,851.3226892698543,311.29049323424465,2.8086738117132426,0.22797320063013693,,0.05982677899726283,0.08853801860235527
B0005,591,discharge,24,[2.008e+03 5.000e+00 2.600e+01 1.000e+00 1.300e+01 2.796e+00],3.467864133752208,2.673348140468748,4.195561297751176,0.23263190858264068,-1.6750812261110137,-2.0160479224870884,0.002138526794169908,0.7514866168761039,33.33765795318198,23.827460066666994,41.02476444658572,4.4180440266599135,2801.625,,,,,1.2978870806495706,,,,,,,
B0005,592,impedance,24,[2.0080e+03 5.0000e+00 2.6000e+01 2.0000e+00 1.0000e+00 2.9328e+01],,,,,,,,,,,,,,,,,,,848.0275315977057,314.86560320125017,2.7721271896072737,0.2237576469473538,,0.061154671315268125,0.0812995137183745
B0005,593,charge,24,[2.0080e+03 5.0000e+00 2.6000e+01 2.0000e+00 3.3000e+01 3.9031e+01],4.180771276246327,3.336674870115192,4.2096978774496145,0.06610669792205459,0.47308079044000406,-3.7792479031045296,1.5165147756345532,0.5618217742771701,25.501142838576612,23.8160849001954,29.42301028796411,1.7280101822253384,10430.109,4.305479511533243,0.4692754409769336,,,,,,,,,,
B0005,594,impedance,24,[2008.       5.      26.       5.      28.      58.109],,,,,,,,,,,,,,,,,,,851.1963078803427,311.55154275900924,2.8030101634239486,0.22727990497284697,,0.057944393691446945,0.08890519876854222
B0005,595,discharge,24,[2.008e+03 5.000e+00 2.600e+01 6.000e+00 1.000e+00 8.171e+00],3.464021404592563,2.632763831012711,4.196066962029683,0.2358468286065869,-1.675366426273468,-2.017067096348242,0.0014821450901276818,0.7513142100782045,33.29076744042025,23.738230385656273,41.06214198725253,4.452871364364479,2802.031,,,,,1.2980735056918902,,,,,,,
B0005,596,impedance,24,[2008.       5.      26.       6.      49.      35.046],,,,,,,,,,,,,,,,,,,847.4236583510764,315.40628837729867,2.7619607099808587,0.22279836596607286,,0.05499483450370441,0.08325251281361706
B0005,597,charge,24,[2008.       5.      26.       7.      21.      44.953],4.1803289001653905,3.33596846652155,4.208913317260355,0.06668587816867107,0.4851420945408185,-3.780306641791635,1.5160053819650112,0.5631190246649885,25.47614046458346,23.78512800142468,29.346694244289665,1.722911443211082,10154.094,4.429645242070117,0.48122259321090705,,,,,,,,,,
B0005,598,impedance,24,[2008.       5.      26.      10.      12.      28.125],,,,,,,,,,,,,,,,,,,851.5570531482075,311.3932850422769,2.8111973236641337,0.22811377813621977,,0.06175931225184275,0.0847212726764891
B0005,599,discharge,24,[2008.       5.      26.      10.      44.      38.468],3.4664623858156745,2.6687371180046218,4.196640912532072,0.23332688158658493,-1.6744879201095209,-2.018208092691312,0.0016645655980570856,0.7524291600776425,33.27568841807217,23.73611267134457,40.98366325567302,4.4397651815234,2793.39,,,,,1.293463613844243,,,,,,,
B0005,600,impedance,24,[2008.       5.      26.      11.      32.      56.968],,,,,,,,,,,,,,,,,,,847.8735549243341,315.22259971957766,2.7652785414262158,0.2230128347180006,,0.058456129317427746,0.08270193673891646
B0005,601,charge,24,[2008.       5.      26.      12.       5.       7.078],4.18089241375241,3.336460166393717,4.209819008906641,0.06590326142752344,0.47651105486530104,-3.77660287617465,1.515719101727346,0.5615270448646312,25.50648704649774,23.852881647088775,29.392476256063365,1.7161073598638876,10316.906,4.333941806203678,0.472509195717815,,,,,,,,,,
B0005,602,impedance,24,[2008.       5.      26.      14.      58.      33.218],,,,,,,,,,,,,,,,,,,851.1478186095651,311.7364355110835,2.806517711018636,0.22752754556676405,,0.05898908039586478,0.08573621892771217
B0005,603,discharge,24,[2008.       5.      26.      15.      30.      43.968],3.46850906693551,2.696396337945361,4.1956235749123225,0.2310130188837717,-1.6674467270234996,-2.018933300007017,0.0026884191804450396,0.7584698210792726,33.32067807371405,23.80026564355092,40.98234242711097,4.41924833390441,2793.39,,,,,1.288003392619118,,,,,,,
B0005,604,impedance,24,[2008.       5.      26.      16.      19.       2.828],,,,,,,,,,,,,,,,,,,847.8021161237979,315.13483067490057,2.765346267938701,0.2233148526513338,,0.05880084419395591,0.08236983437565949
B0005,605,charge,24,[2008.       5.      26.      16.      51.      13.375],4.181591749623686,3.336584283248343,4.209558826223893,0.06486770045303904,0.46321750047156923,-3.7731541894181793,1.516568142177722,0.5585506406569293,25.517452651606238,23.89563625496925,29.451852683469095,1.7151725999263219,10571.39,4.252484743040686,0.4593193254817987,,,,,,,,,,
B0005,606,impedance,24,[2008.       5.      26.      19.      48.      54.421],,,,,,,,,,,,,,,,,,,851.3006250443062,311.7507277111083,2.8032734638458088,0.2275124638983589,,0.05763029720163586,0.08742389347930328
B0005,607,discharge,24,[2008.       5.      26.      20.      21.       4.921],3.466806213058136,2.6794834862925194,4.195862008850563,0.2324429767597101,-1.6674702882406252,-2.0237906818969758,0.0026918488897051404,0.7586689544577084,33.37314972896719,23.849121770252687,41.06375085817118,4.432728785638638,2792.485,,,,,1.2874525221379407,,,,,,,
B0005,608,impedance,24,[2008.      5.     26.     21.      9.     22.89],,,,,,,,,,,,,,,,,,,847.549600525951,315.1063222696663,2.7649831788201866,0.22313503804342827,,0.05898388938334406,0.08252211755101288
B0005,609,charge,24,[2008.       5.      26.      21.      41.      33.468],4.180124598026874,3.335029160031238,4.209585024954352,0.06676938658151559,0.4939321363212388,-3.7907306154894886,1.5171069702248974,0.5641873691463531,25.664855251476258,23.93246011851219,29.48700718737772,1.7206356692507476,9892.375,4.423386311569302,0.48972880870561286,,,,,,,,,,
B0005,610,impedance,24,[2008.       5.      27.       0.      27.      55.562],,,,,,,,,,,,,,,,,,,851.2304275430721,311.679587472951,2.807343993397193,0.22763309020370995,,0.057823749393303175,0.08975687046479841
B0005,611,discharge,24,[2008.       5.      27.      15.      52.      41.359],3.471070722008039,2.6787137407179737,4.18482689434833,0.2297938191642851,-1.6888978346592105,-2.017308526034403,0.001335599326393533,0.739392013708175,33.71351889594897,24.92195746617458,41.047029587744966,4.153195340111811,2802.016,,,,,1.3090153642307354,,,,,,,
B0005,612,charge,24,[2008.       5.      27.      17.      53.      59.765],4.180701556427969,3.3377109352902776,4.2097142451021625,0.06521925486530877,0.48985729035199777,-3.788459846791776,1.517059141115189,0.5651134156831853,25.433646971948875,23.89014914936938,29.072715879630877,1.517914170996131,10212.234,4.431493618201998,0.4860638179800222,,,,,,,,,,
B0005,613,discharge,24,[2008.       5.      27.      20.      45.      42.125],3.475472204020004,2.655378369801326,4.201968615940368,0.23559285682799622,-1.6979281889133206,-2.017696449416675,0.003306917134878647,0.7314040443688112,33.86531768239223,25.09329713312876,41.051007697556734,4.009191205685926,2820.39,,,,,1.3250793286429356,,,,,,,
B0005,614,impedance,24,[2008.      5.     27.     21.     34.     28.64],,,,,,,,,,,,,,,,,,,839.1988516521187,324.0596561447456,2.665704397353284,0.21131004176739307,,0.05003573195803179,0.07479234613687553
B0005,615,charge,24,[2008.       5.      28.      11.       9.      42.046],2.8846037057332743,0.003365244223881807,4.985136965640462,2.2761056822136934,-0.0009532872533643702,-0.003484426276184136,0.0005056082535335901,0.001471307204111507,23.380012214093995,23.369433909575033,23.386983256936325,0.007641659650505766,12.656000000000002,2.8478000000000003,-0.0008,,,,,,,,,,
B0006,0,charge,24,[2.0080e+03 4.0000e+00 2.0000e+00 1.3000e+01 8.0000e+00 1.7921e+01],4.178545536777291,3.4691133844121107,4.204084967565013,0.047040297495399175,0.6797346123174812,-4.05918455376202,1.5169940262727513,0.6277388618566522,25.318868966701046,24.127074981147754,27.35587045298397,0.9850066810883039,7597.875,4.356475285171102,0.6771634980988593,,,,,,,,,,
B0006,1,discharge,24,[2.0080e+03 4.0000e+00 2.0000e+00 1.5000e+01 2.5000e+01 4.1593e+01],3.556946061827572,2.4757677568281857,4.179823027658306,0.2260193210975841,-1.990533350635129,-2.015537581193984,0.00043376246575117864,0.2014980448792201,32.142777859921516,24.27707330832413,39.16298653238707,3.4516879795744755,3690.234,,,,,2.035337591005598,,,,,,,
B0006,2,charge,24,[2.0080e+03 4.0000e+00 2.0000e+00 1.6000e+01 3.7000e+01 5.1984e+01],4.0402737940086615,2.8896839546328406,4.207016122080002,0.19009108644799114,0.9988238278422329,-3.1989875752087076,1.519546173582518,0.6483180913211214,27.09775038276125,24.534226793090447,31.874973194517526,1.7091289742698288,10516.0,4.386374468085106,0.9946617021276596,,,,,,,,,,
B0006,3,discharge,24,[2.0080e+03 4.0000e+00 2.0000e+00 1.9000e+01 4.3000e+01 4.8406e+01],3.56147580138708,2.35152551190002,4.177288238505559,0.23141504289722925,-1.990277542145709,-2.0149020169266376,-0.00020764608327879694,0.2019092784154672,32.29307515705474,24.63823886086074,39.2462026826329,3.3954199016861684,3672.344,,,,,2.0251402460314116,,,,,,,
B0006,4,charge,24,[2.0080e+03 4.0000e+00 2.0000e+00 2.0000e+01 5.5000e+01 4.0812e+01],4.038932794121953,2.902852620346504,4.207290616886043,0.18986222320684534,1.001249154853667,-3.218414661139416,1.5181998900195781,0.6478396733337412,27.243309503530377,24.581584157373555,32.149172607204065,1.7570694502447501,10484.547,4.42559658484525,0.9970021344717183,,,,,,,,,,
B0006,5,discharge,24,[2.008e+03 4.000e+00 3.000e+00 0.000e+00 1.000e+00 6.687e+00],3.5667524696413215,2.4404797151065436,4.1781213228922995,0.22354896090021636,-1.9899467848963859,-2.014434345552428,-0.0006575492150127537,0.20247271551126877,32.24414709253608,24.704057719023776,38.999202460252846,3.3498112511075084,3651.641,,,,,2.013326371345464,,,,,,,
B0006,6,charge,24,[2.0080e+03 4.0000e+00 3.0000e+00 1.0000e+00 1.2000e+01 3.8671e+01],4.041573195545713,2.954283687556596,4.2067161669272375,0.18450098846171628,1.0020170134935378,-3.292338720611327,1.5187139306884796,0.6471338025578213,27.173138796303842,24.487028198630743,32.01707420321111,1.751768770859224,10397.89,4.463773847802787,0.997667738478028,,,,,,,,,,
B0006,7,discharge,24,[2008.       4.       3.       4.      16.      37.375],3.5687953371516272,2.4791558539003917,4.1785623580417175,0.22097908742082084,-1.9896009282099438,-2.0142051662535234,0.0001981188152475248,0.202976043273228,32.14711742429942,24.648384924528084,38.843627771866515,3.34097552798371,3631.563,,,,,2.0132846655407413,,,,,,,
B0006,8,charge,24,[2008.       4.       3.       5.      27.      49.125],4.044519343833571,2.987838916965929,4.207282925709644,0.1806901435180049,0.9944556109904055,-3.3364609367943845,1.5191620385729852,0.6501946864269159,27.058181783567154,24.355134462587262,31.921070464263895,1.7717001210447312,10495.203,4.521508004268943,0.990042689434365,,,,,,,,,,
B0006,9,discharge,24,[2008.       4.       3.       8.      33.      25.703],3.563970503289941,2.280187848173442,4.17824995156942,0.23503509475204634,-1.9895483606575701,-2.013995769332238,-0.0011423311186216645,0.20279390598185937,32.06687277315468,24.634206199911688,38.97798888258284,3.335733628730513,3629.172,,,,,2.000528337624771,,,,,,,
B0006,10,charge,24,[2008.       4.       3.       9.      44.      35.078],4.047097190632797,2.97043974861278,4.206904703786746,0.181460417651465,0.9793026142533058,-3.3137967168040245,1.5191966203239775,0.6551979313808377,27.010664589975644,24.359099278540004,32.03240226041504,1.8015409076871935,10792.672,4.5174747899159655,0.9751922268907565,,,,,,,,,,
B0006,11,discharge,24,[2008.       4.       3.      12.      55.      10.687],3.5735512387791406,2.4392842568466446,4.193216523251186,0.22547907676393128,-1.9901040351037365,-2.0151519685741275,-0.0015410535505561715,0.2022953831615659,32.03447836207717,24.343399604359956,38.83989920742278,3.4066857624064704,3652.281,,,,,2.0138990759931645,,,,,,,
B0006,12,charge,24,[2008.       4.       3.      14.       6.      43.234],4.049439686105663,3.008689176717321,4.206930372632538,0.1774784866808857,0.9753626814919587,-3.3744527275705107,1.5179240541064642,0.65675824240599,27.092063790042364,24.46080271632806,32.00263278190103,1.7955458227443635,10789.985,4.517212184873949,0.9713918067226892,,,,,,,,,,
B0006,13,discharge,24,[2008.       4.       3.      17.      17.      16.015],3.5711391343785897,2.2812068449406446,4.193732603145628,0.2359700655161548,-1.9900886222380372,-2.0145081864690626,-0.0031490941234930576,0.20215665889240747,32.11157496697372,24.430946389444678,39.04610837498471,3.418111771999715,3650.828,,,,,2.013101105626967,,,,,,,
B0006,14,charge,24,[2008.       4.       3.      18.      28.      47.125],4.042873827434288,2.998519886214339,4.207160698723091,0.17877891759795078,1.0069463747004401,-3.351699173864526,1.518427066526674,0.6450957473511926,27.295000789108386,24.56507642502122,32.2043613029437,1.777106606804978,10127.562,4.402735869565217,1.0027695652173914,,,,,,,,,,
B0006,15,discharge,24,[2008.       4.       3.      21.      28.      14.718],3.5681507462163036,2.366410527029613,4.176826628115461,0.22690300607421549,-1.9891170520197212,-2.0146816699579064,-0.0008455879137331849,0.20448152340391518,32.112576242471775,24.650435471431692,38.87507521022778,3.361489124744099,3572.453,,,,,1.9687898262728398,,,,,,,
B0006,16,charge,24,[2008.       4.       3.      22.      38.      27.453],4.044418810558217,3.0207768260705348,4.207043942482234,0.176233885754529,1.0030931855410699,-3.3881796770645662,1.5191659409130356,0.6472122269097629,27.231094729512908,24.550438202539294,32.08909051113987,1.7573813850283946,10147.952999999994,4.343343105320304,0.9989826275787189,,,,,,,,,,
B0006,17,discharge,24,[2.0080e+03 4.0000e+00 4.0000e+00 1.0000e+00 3.8000e+01 1.5218e+01],3.5692834155812436,2.436020049578708,4.176369138969733,0.2225588245195615,-1.9892116643905464,-2.015071955488147,-0.0009662247647393986,0.20469906582242786,32.03566207329278,24.564976908542672,38.7260539826455,3.3625006565584763,3550.594,,,,,1.9681661764334244,,,,,,,
B0006,18,charge,24,[2.008e+03 4.000e+00 4.000e+00 2.000e+00 4.800e+01 6.156e+00],4.046394243580996,3.0390725721586085,4.2067449161458885,0.17415728737538394,0.9990995986808431,-3.411369813597988,1.518590584643815,0.6478319640149932,27.153987730434693,24.454044357988955,31.997731444743632,1.7587399538043464,10162.094,4.3751954397394135,0.9951357220412596,,,,,,,,,,
B0006,19,discharge,24,[2008.       4.       4.       5.      48.       8.609],3.563388513484579,2.1864377487643725,4.176897989902666,0.24025262256048352,-1.989191243247005,-2.0155176072270926,0.00013882260841396987,0.20487136240289794,31.99527968872302,24.515019617858613,38.98629728904917,3.385578589102732,3551.25,,,,,1.9572307917560536,,,,,,,
B0006,20,charge,24,[2.008e+03 4.000e+00 4.000e+00 6.000e+00 5.800e+01 2.960e-01],4.047522733576512,3.0195588850622266,4.20701033665878,0.17413933421997962,1.0009096025947493,-3.3838900306758117,1.517645142822274,0.6461760542203427,27.145539720170813,24.32077832074309,32.16534007453746,1.835648396919277,10119.375,4.413079347826088,0.9967391304347826,,,,,,,,,,
B0006,21,discharge,24,[2008.       4.       4.       9.      57.      19.765],3.566658719765511,2.3406023605912454,4.177579509962451,0.2287529216435241,-1.9891317699701738,-2.014079047237871,-0.0021060459646946015,0.20545737080452486,31.874127571841353,24.40648205159496,38.65978861919643,3.3793205188021544,3530.25,,,,,1.9455991514129352,,,,,,,
B0006,22,charge,24,[2008.       4.       4.      11.       6.      50.375],4.0473136788819035,3.049543603683721,4.206923833684555,0.17212858285268842,1.0032423236761796,-3.429242732135411,1.5200438907219018,0.6460246612381888,27.105127508769446,24.456705953696208,31.93681506588346,1.7425648494573194,10013.235,4.367774370208106,0.9991533406352684,,,,,,,,,,
B0006,23,charge,24,[2008.       4.       4.      15.       5.      59.906],4.085066306035491,3.3621186037175903,4.204804954593547,0.13031782334353897,0.9460815685793387,-3.877677512722722,1.5184590788469419,0.659130333167056,27.100618830315568,24.567942593063545,30.352216278441432,1.5618821391713034,9586.875,4.403257525083612,0.9425139353400223,,,,,,,,,,
B0006,24,discharge,24,[2008.       4.       4.      17.      56.      27.609],3.5687035970122842,2.4263021374140443,4.177996110793395,0.2245021597962224,-1.9887805507702212,-2.0134697854511865,-0.000990785360248984,0.20658439837520928,32.120959708576166,24.666067568688486,38.84979195732924,3.3808182139223475,3491.016,,,,,1.9347505044841131,,,,,,,
B0006,25,charge,24,[2008.       4.       4.      19.       5.      19.234],4.051166664155547,3.074752946320282,4.2069602632522045,0.16869253551933927,0.9991850155707778,-3.4683026218266377,1.5185037625942268,0.6461787919158379,27.346430051525438,24.560524858807945,32.18060237026164,1.8045064786462552,9952.359,4.525565789473684,0.9951502192982458,,,,,,,,,,
B0006,26,discharge,24,[2.0080e+03 4.0000e+00 4.0000e+00 2.2000e+01 1.0000e+00 5.4671e+01],3.569207084156356,2.4753697700007034,4.176316409477926,0.22161053340015757,-1.9887320866401275,-2.0148749194363664,-0.00032364926356916147,0.20729429121144527,32.11021168908644,24.819105859024557,38.75128344015104,3.3388085030048718,3470.281,,,,,1.9232799539368028,,,,,,,
B0006,27,charge,24,[2008.       4.       4.      23.      10.      25.421],4.058254218359525,3.0848317935933975,4.206292828423885,0.16664305608612068,0.9570804534580898,-3.4889576433629683,1.5185480415776587,0.6617692484766317,27.13044941257913,24.359926850380607,32.076511477048484,1.8660614271342566,10758.031000000003,4.51682334384858,0.9531850683491062,,,,,,,,,,
B0006,28,discharge,24,[2.0080e+03 4.0000e+00 5.0000e+00 2.0000e+00 2.0000e+01 2.6703e+01],3.5659271296109383,2.342364523655007,4.1779924550101715,0.22991046226842987,-1.9887200290368634,-2.0144081790374893,-0.0004261867664927878,0.20720696558261123,31.989061278918154,24.627666776864352,38.76853764058789,3.374254229146447,3470.0,,,,,1.911889930948487,,,,,,,
B0006,29,charge,24,[2008.       4.       5.       3.      28.      57.234],4.052641062554042,3.07803209783664,4.206565620992792,0.16748317957918,0.996111327563789,-3.4845820081431578,1.519304676079667,0.6461070786021988,27.16494621497475,24.32321308786259,32.07848903390586,1.8337404991513255,9921.75,4.441450054884741,0.9920658616904502,,,,,,,,,,
B0006,30,discharge,24,[2.008e+03 4.000e+00 5.000e+00 6.000e+00 2.500e+01 1.890e+00],3.5612417270649486,2.188400081882664,4.177439981618572,0.24035876978340462,-1.9887874042287874,-2.014472686005532,-0.0010580730504302503,0.2076990497369646,31.878814448635442,24.450913129560714,38.84686112344348,3.4094253817648514,3450.297,,,,,1.9010667141979305,,,,,,,
B0006,31,charge,24,[2008.       4.       5.       7.      33.      12.734],4.054775482005672,3.070798895292604,4.2066154337879675,0.16517717493672884,0.9898858302355602,-3.4637426876418322,1.5195277815148243,0.6492901132987778,27.122265060515833,24.25321343846984,32.105341901779,1.8776566359542792,10000.25,4.35914113785558,0.9859573304157551,,,,,,,,,,
B0006,32,discharge,24,[2008.       4.       5.      10.      30.      32.312],3.557881987836072,2.1206980945954057,4.17561570814845,0.24452370921534203,-1.9885910895930397,-2.0146756268214814,-0.0037766213378683127,0.20803603116200292,31.767450711024402,24.26604433063594,38.865889781652804,3.442042131356067,3429.407,,,,,1.8891989948061458,,,,,,,
B0006,33,charge,24,[2008.      4.      5.     11.     38.     22.14],4.057168542660257,3.073146565986219,4.206175319196726,0.1638294441367078,0.9915567197284344,-3.4648259352010413,1.5188857807864504,0.6463144356952117,27.091186922536306,24.171546994828933,32.085857911982885,1.8991093796734182,9936.031,4.477003293084523,0.9876081229418223,,,,,,,,,,
B0006,34,discharge,24,[2008.       4.       5.      14.      34.      41.468],3.56282437243777,2.369981457799298,4.177602520456299,0.22899254958827592,-1.9884892463229662,-2.015931347705288,0.0009547908042232252,0.20896148657331484,31.78991634963658,24.34725293029431,38.647578733807656,3.4218510147625074,3409.484,,,,,1.878278372248849,,,,,,,
B0006,35,charge,24,[2008.       4.       5.      15.      42.      11.531],4.057851780907196,3.0971641571799156,4.205939141240403,0.1633676938387827,0.9838409640545818,-3.499632013614532,1.5181278042542183,0.6495673038246422,27.064754224863968,24.219016662384483,31.9088312502423,1.8446154676010642,9989.532,4.451852135815991,0.9799058050383351,,,,,,,,,,
B0006,36,discharge,24,[2008.       4.       5.      18.      39.      25.218],3.5591953280168633,2.247991649924625,4.176354539745044,0.2362539061879907,-1.9883474274444874,-2.01432419683381,0.0003362560415229371,0.20936627777425315,31.82883467218067,24.380274264917215,38.79218188173866,3.438861518594519,3390.422,,,,,1.8675697161520206,,,,,,,
B0006,37,charge,24,[2008.       4.       5.      19.      46.      36.125],4.060600437907517,3.0902358811238777,4.206072421466277,0.16322731597597986,0.9733033796140876,-3.4835006927291863,1.5188514374619642,0.6523619014766403,27.096833265509154,24.203020540129586,32.042697066607694,1.9002204129053928,10158.782,4.52763557483731,0.96936442516269,,,,,,,,,,
B0006,38,discharge,24,[2008.       4.       5.      22.      46.      35.484],3.5580906165580983,2.4115317107898875,4.177450270459645,0.23248821605250242,-1.9774549866256104,-2.015920256743369,-0.0022772410696178776,0.2555143974441181,31.890449470827843,24.455293448252306,38.77022223929529,3.452471732465585,3390.281,,,,,1.8675892574453767,,,,,,,
B0006,39,charge,24,[2008.      4.     18.     17.     34.     22.89],4.080872787384854,3.2980447898876015,4.205991716092305,0.12951034425286087,0.9594710456638,-3.8084806397361795,1.5196718103476223,0.6618491652365818,25.621036972906786,24.30918300344722,28.597753861232963,1.2213506696788385,10289.312,4.203546623794212,0.9551907824222938,,,,,,,,,,
B0006,40,impedance,24,[2008.       4.      18.      20.      55.      29.859],,,,,,,,,,,,,,,,,,,812.3086227702124,353.12168210448,2.402107242381217,0.19084076848849163,,0.06123359021000344,0.0785415394665875
B0006,41,discharge,24,[2008.       4.      18.      21.      10.      19.796],3.565899462157853,2.2033558468593775,4.174584178175673,0.23666435566343638,-1.9892347833261184,-2.0202081897757225,0.0009741380235390647,0.20388604102481026,31.51177053595285,24.511611712923585,37.54320599748628,3.103623335557848,3591.734,,,,,1.979626548250818,,,,,,,
B0006,42,impedance,24,[2008.       4.      18.      22.      39.      16.312],,,,,,,,,,,,,,,,,,,801.706706275004,334.6524509002458,2.5098831596055433,0.25191748115242046,,0.06561684946388616,0.0886832084583472
B0006,43,charge,24,[2008.       4.      18.      22.      53.      58.343],4.045174541374003,2.9623560721618856,4.2067372007029835,0.17893463988270425,1.0002208792099214,-3.3106686864075936,1.5182841537225407,0.6476404277224211,26.018916084630686,24.81843787146904,28.999939091310562,1.179074639502919,10283.077999999994,4.420058252427185,0.9960388349514564,,,,,,,,,,
B0006,44,impedance,24,[2.0080e+03 4.0000e+00 1.9000e+01 2.0000e+00 1.4000e+01 2.7015e+01],,,,,,,,,,,,,,,,,,,811.4134324587261,353.8960720322957,2.3915241300711423,0.18776225704423855,,0.06062991544979002,0.07802409378290423
B0006,45,discharge,24,[2008    4   19    2   29    9],3.570814209348872,2.35887751155593,4.175224020262452,0.22578171830729027,-1.9890474874073771,-2.0141161810049812,-0.0003149484747221053,0.2051049765214555,31.874488497680712,24.910587532936997,37.90362577530197,3.1350663437202995,3552.297,,,,,1.9575499080884022,,,,,,,
B0006,46,impedance,24,[2008.       4.      19.       3.      57.      24.187],,,,,,,,,,,,,,,,,,,801.9864924586585,339.21718460991815,2.427829999782482,0.20312429535778473,,0.0626250732462495,0.08533725531470857
B0006,47,charge,24,[2008.       4.      19.       4.      12.       6.343],4.051548873709219,3.038201994743769,4.206267337538965,0.16981028146463406,0.9960569215894778,-3.425996614065579,1.5199279623491042,0.6494273837022254,26.11363000720855,24.70479102180534,28.954767078368718,1.1247844924152508,10281.39,4.530025974025975,0.9913419913419916,,,,,,,,,,
B0006,48,impedance,24,[2008.       4.      19.       7.      32.      33.656],,,,,,,,,,,,,,,,,,,812.663549041367,352.8994306413474,2.3980167143933078,0.1844623487324668,,0.0608598716542857,0.07840240203025303
B0006,49,discharge,24,[2008.       4.      19.       7.      47.      15.703],3.5666817833633124,2.218672914041916,4.177217300859919,0.23460941833641036,-1.988682950523383,-2.014039356997488,-0.0012008977604898057,0.2054837524109853,31.53911453638972,24.567665011550126,37.6701605139887,3.1381261956274136,3531.578,,,,,1.9458150170787551,,,,,,,
B0006,50,impedance,24,[2008.       4.      19.       9.      15.      10.453],,,,,,,,,,,,,,,,,,,811.412491854171,351.94216100305977,2.4137376208223973,0.2086697163497482,,0.062249571082343746,0.08440849663820382
B0006,51,charge,24,[2008.       4.      19.       9.      29.      52.703],4.054876346836675,3.074718038034267,4.207142843027727,0.16409175813528581,1.001375175349596,-3.4762145944957377,1.5189837157329604,0.6461098027381276,25.760828939548123,24.342703183301214,28.573880662844978,1.117115028562504,10081.797,4.522310722100657,0.9965109409190372,,,,,,,,,,
B0006,52,impedance,24,[2.008e+03 4.000e+00 1.900e+01 1.200e+01 4.700e+01 4.210e-01],,,,,,,,,,,,,,,,,,,812.0985491797657,353.68246887751457,2.396848800721194,0.18476685606188445,,0.06006450818180178,0.07807093382204865
B0006,53,discharge,24,[2.0080e+03 4.0000e+00 1.9000e+01 1.3000e+01 1.0000e+00 4.2562e+01],3.5668392745025836,2.339723057947995,4.176681511062203,0.2275721037589103,-1.9885447318884866,-2.014851230713757,0.000529325755565477,0.20672257429749546,31.220866832188786,24.224319222372547,37.34166959188387,3.158169521103049,3492.907,,,,,1.9242461121680094,,,,,,,
B0006,54,impedance,24,[2008.       4.      19.      14.      28.      58.984],,,,,,,,,,,,,,,,,,,817.298393963341,348.3643331262302,2.437596306386974,0.19029272014341278,,0.062201023860373954,0.08437084638397113
B0006,55,charge,24,[2008.       4.      19.      14.      43.      41.265],4.0652768150256735,3.1166539987988418,4.206429877497038,0.15744992127711868,0.9596250760722719,-3.5210925208592174,1.5189930467165789,0.6603820304190615,25.50924394673222,24.139940653330882,28.35410437907863,1.1264105200118415,10797.328,4.528101052631579,0.9550978947368421,,,,,,,,,,
B0006,56,impedance,24,[2008.       4.      19.      18.      12.      47.531],,,,,,,,,,,,,,,,,,,814.8629258571015,351.049369148136,2.4100160583875208,0.18600192615052433,,0.05913130853407464,0.07795570757873038
B0006,57,discharge,24,[2008.       4.      19.      18.      27.      29.828],3.571051969392875,2.3997508208942735,4.190384318239257,0.22747354651355792,-1.9885639445355097,-2.013606338093071,-0.0023840361465472604,0.205949863235092,31.119005145018026,24.029961629396936,37.28979017254232,3.191016881727366,3511.594,,,,,1.9459811331421641,,,,,,,
B0006,58,impedance,24,[2008.       4.      19.      19.      55.       5.296],,,,,,,,,,,,,,,,,,,799.443405246926,341.833876422573,2.4021223665045075,0.20251828863204668,,0.06207350175489952,0.0838418603746595
B0006,59,charge,24,[2008.      4.     19.     20.      9.     47.75],4.063843033634871,3.145175850676279,4.206921564718665,0.15365855986465396,0.987788647953209,-3.5736937240670366,1.5180552220883505,0.649169425728249,25.50074158941563,24.10636372934038,28.29238390325409,1.115059449354145,10099.218,4.526179039301311,0.9832358078602621,,,,,,,,,,
B0006,60,impedance,24,[2008.       4.      19.      23.      27.      13.343],,,,,,,,,,,,,,,,,,,812.9835567386826,352.46979323428286,2.4061683883829716,0.185674261240904,,0.06059698754511872,0.07938182566133384
B0006,61,discharge,24,[2008.       4.      19.      23.      41.      55.687],3.5666308474029793,2.491410879472442,4.176973413125379,0.22068728350290212,-1.9880563928902786,-2.014324216253238,-0.0016423681986834993,0.2082194776973129,31.033244078156734,24.015743593007034,37.16794481484507,3.1782747530407116,3431.9370000000054,,,,,1.901407930553079,,,,,,,
B0006,62,impedance,24,[2.0080e+03 4.0000e+00 2.0000e+01 1.0000e+00 8.0000e+00 1.1406e+01],,,,,,,,,,,,,,,,,,,799.0217281210512,341.9691503510798,2.4037057835424425,0.2034512562353429,,0.06200595535926761,0.08243346882486241
B0006,63,charge,24,[2.0080e+03 4.0000e+00 2.0000e+01 1.0000e+00 2.2000e+01 5.3953e+01],4.066132819284077,3.165288926552873,4.204812324834961,0.14961572984186575,0.9825181788426087,-3.600475741470342,1.5188124461127854,0.651707951091985,25.44745403999636,24.079229381047313,28.21188042033004,1.1020291713962205,10078.719,4.365275409836065,0.9778404371584701,,,,,,,,,,
B0006,64,impedance,24,[2008.       4.      20.       4.      39.      59.296],,,,,,,,,,,,,,,,,,,811.8614492361856,353.7497888721885,2.3945229390446325,0.1933030683838691,,0.0604355089729667,0.07949409294266127
B0006,65,discharge,24,[2008.       4.      20.       4.      54.      41.734],3.5527392240854914,2.1387303309558976,4.1734521552365464,0.24761140866112302,-1.9772969675547487,-2.0138293357975146,-0.0013483637694533895,0.254357010276143,31.001249222460967,23.89771458163466,37.51577848501052,3.2517471075044155,3431.125,,,,,1.878674213680085,,,,,,,
B0006,66,impedance,24,[2008.       4.      20.       6.      20.      57.125],,,,,,,,,,,,,,,,,,,800.79056983382,340.6048739606919,2.4131157705753172,0.20338121413898316,,0.06251817310661875,0.08413790663872997
B0006,67,charge,24,[2008.       4.      20.       6.      35.      39.765],4.0717924890729655,3.1585999408445216,4.206162698014965,0.1489831621576841,0.9547502569896177,-3.5916260454245297,1.518910836919328,0.6602945331375979,25.351655963419258,23.883716986547146,28.181745758886848,1.1364789095481134,10617.375,4.531429936305733,0.9501443736730362,,,,,,,,,,
B0006,68,impedance,24,[2.0080e+03 4.0000e+00 2.0000e+01 1.0000e+01 1.0000e+00 4.6156e+01],,,,,,,,,,,,,,,,,,,812.501811190312,353.3008265415704,2.3969089912436656,0.18519245784411806,,0.0598822703747387,0.07871218357298479
B0006,69,discharge,24,[2008.       4.      20.      10.      16.      28.859],3.5560959755046615,2.346064498302046,4.1764585468168685,0.23504747924467745,-1.9771693646864965,-2.022139165928567,-0.00026012091102195506,0.25515829145991487,30.921434744041356,23.81688709830912,37.24165964092258,3.2514088568578026,3412.406,,,,,1.8683061328264219,,,,,,,
B0006,70,impedance,24,[2008.       4.      20.      11.      42.      26.062],,,,,,,,,,,,,,,,,,,797.961309611405,343.15748163686726,2.390828070276736,0.20179580530673458,,0.060953270532872306,0.08269288603896705
B0006,71,charge,24,[2008.       4.      20.      11.      57.       8.765],4.07421858176447,3.1800787857828134,4.205381133772882,0.14640291630101196,0.952456875355821,-3.6158836080589976,1.5192072800408396,0.6598394250065283,25.2638879248557,23.79854593419858,28.075949119303758,1.140808375577937,10564.157,4.533758253461129,0.9479510117145902,,,,,,,,,,
B0006,72,impedance,24,[2008.      4.     20.     15.     22.     22.64],,,,,,,,,,,,,,,,,,,813.2577981827327,352.3351644429633,2.4057673073649806,0.1869842615377275,,0.06058721482266893,0.07989533922911993
B0006,73,discharge,24,[2008.       4.      20.      15.      37.       5.281],3.5504500858303394,2.327337743316428,4.17626102066065,0.24060676598781225,-1.9660385076397233,-2.019521715890847,0.00022521118946577974,0.2937138458930206,30.929360248207214,23.762584263292904,37.27233216178077,3.2941943415901576,3410.688,,,,,1.8560244070082998,,,,,,,
B0006,74,impedance,24,[2.008e+03 4.000e+00 2.000e+01 1.700e+01 3.000e+00 1.140e+00],,,,,,,,,,,,,,,,,,,799.8468858133501,341.2860453060369,2.4106353289594566,0.20440683392454925,,0.06236564071812447,0.08389054593182355
B0006,75,charge,24,[2008.       4.      20.      17.      17.      44.031],4.072241149512793,3.187272499172172,4.205003143801726,0.1449575777783167,0.968693120821915,-3.634273988175265,1.5216390490077822,0.6546006229309298,25.323443940163475,23.923408396473842,28.099632347736115,1.1202859575260702,10143.984,4.384029411764706,0.9641318082788672,,,,,,,,,,
B0006,76,impedance,24,[2008.       4.      20.      20.      35.      56.187],,,,,,,,,,,,,,,,,,,812.4086745692163,352.8454997508011,2.4053294674871593,0.19579668464963662,,0.06090836519034555,0.0797490751361702
B0006,77,discharge,24,[2008.       4.      20.      20.      50.      38.921],3.546007083640312,2.4863117233366316,4.172855540858831,0.23544926884929754,-1.9445990482746272,-2.0145859231710013,0.0012030807811573936,0.35770783733733696,31.00810965793079,23.77382410040801,37.207134503019795,3.341032131000837,3410.718,,,,,1.8451997961855777,,,,,,,
B0006,78,impedance,24,[2008.       4.      20.      22.      16.      35.078],,,,,,,,,,,,,,,,,,,799.7936174248957,341.44634527068894,2.4086315763960577,0.20383930064448116,,0.0623876560738503,0.08427447476572261
B0006,79,charge,24,[2008.       4.      20.      22.      31.      18.046],4.079543683954575,3.2020554560840377,4.203251704766414,0.14237657326840045,0.9346191387122413,-3.6429691233258272,1.5257311251432188,0.6637335766868373,25.304305905815063,23.852175139094733,28.15103439695118,1.155051254003616,10790.452999999994,4.530973656480506,0.9303319283456271,,,,,,,,,,
B0006,80,impedance,24,[2.0080e+03 4.0000e+00 2.1000e+01 2.0000e+00 0.0000e+00 1.9968e+01],,,,,,,,,,,,,,,,,,,816.2935208552684,349.2084021440605,2.428410585238329,0.1903727044918495,,0.060369152473069135,0.08014506815871338
B0006,81,discharge,24,[2.008e+03 4.000e+00 2.100e+01 2.000e+00 1.500e+01 2.921e+00],3.554257954720065,2.2921663510920895,4.1881878017349035,0.24271286255725477,-1.9769156942357176,-2.01454229289152,0.0017843402447845862,0.25589338077612045,30.96779499306422,23.756892194026193,37.49607769896255,3.31669361949765,3392.719,,,,,1.857228890885317,,,,,,,
B0006,82,impedance,24,[2008.       4.      21.       3.      26.      58.453],,,,,,,,,,,,,,,,,,,816.5817355749692,347.4097759171091,2.450626894570785,0.18590295327703918,,0.06209144685667864,0.08164302964777198
B0006,83,charge,24,[2008.       4.      21.      17.      51.      26.312],4.085586906504731,3.2786859289990593,4.203363907045535,0.13159310929940318,0.9440877605274541,-3.7674957269955622,1.5204054693297506,0.6594624935507414,25.322091423663814,23.96206480978499,28.39475478203679,1.270430911782509,10442.891,4.540736450584485,0.9400371944739639,,,,,,,,,,
B0006,84,charge,24,[2008.       4.      22.      14.      15.      41.187],4.205390789780383,3.77264930301967,8.083343544866112,0.1620927353825531,0.08668101145677445,-4.480833764270697,1.4831469913620094,0.23237097291775,23.82084266180423,23.750518773197207,23.941020332727746,0.0505111402959417,1674.484,4.244020618556702,0.08693470790378006,,,,,,,,,,
B0006,85,discharge,24,[2008.       4.      22.      15.      33.      49.875],3.555857469677978,2.4343006861812118,4.189991619197343,0.22078536256948547,-1.9997552547832569,-2.015096988943597,-0.002790026577360228,0.14700435354987934,31.10097217303459,23.74029655014346,37.250073961181094,3.2531629586518043,3470.672,,,,,1.9247760889090635,,,,,,,
B0006,86,impedance,24,[2008.       4.      22.      16.      33.       3.953],,,,,,,,,,,,,,,,,,,817.8283597384919,348.0486866311203,2.4440304631890264,0.192133995852693,,0.06356536156604609,0.08150834385680611
B0006,87,charge,24,[2008.       4.      22.      17.       4.      53.218],4.129876207718454,3.1093763412324615,4.202120861189459,0.1162531499949139,0.7198667502052504,-3.5040748331325484,1.5231873158824103,0.6474180899854886,25.536564067789637,24.19117406480852,28.482333092467393,1.2123953691737406,10113.656,4.4834162339437,0.7170267832741186,,,,,,,,,,
B0006,88,impedance,24,[2008.       4.      22.      19.      54.      32.265],,,,,,,,,,,,,,,,,,,817.2833066349552,348.4996554141488,2.4354953381901265,0.1912010401198778,,0.06232003183337441,0.08021169162372531
B0006,89,discharge,24,[2008.       4.      22.      20.      26.      18.921],3.5537306734803207,2.472619908000758,4.186982490201218,0.22368965836687763,-1.9884344406296768,-2.0246589334484746,0.000219946169021966,0.20901478223207898,31.307368922041046,24.18583594954418,37.39699052067588,3.156544785963643,3414.109,,,,,1.8822317526092551,,,,,,,
B0006,90,impedance,24,[2008.       4.      22.      21.      24.      34.484],,,,,,,,,,,,,,,,,,,817.6671767687167,348.22544691942295,2.439762861853803,0.19173413700832106,,0.06294168193775251,0.08199172562670037
B0006,91,charge,24,[2008.       4.      22.      21.      56.      21.406],4.1333834302816355,3.1626443017597925,4.201864317666194,0.11120629039737205,0.7069779186756157,-3.56856401225435,1.526956018024411,0.6461997637587177,25.56741667631952,24.049963706820325,28.58710834674342,1.2919755346173258,10137.89,4.481319967266776,0.703879159847245,,,,,,,,,,
B0006,92,impedance,24,[2008.       4.      23.       0.      46.      24.921],,,,,,,,,,,,,,,,,,,817.4555687023912,348.23066923147303,2.436756210363667,0.19145988429617097,,0.06189122330035962,0.08120805787615462
B0006,93,discharge,24,[2.0080e+03 4.0000e+00 2.3000e+01 1.0000e+00 1.8000e+01 1.1796e+01],3.5452650003621513,2.403422072720937,4.1864831065416155,0.23215332099258618,-1.9771310999966942,-2.014540253971324,-0.0013831277471471597,0.25597312110332004,31.131339987164562,23.96227406279053,37.2852066420257,3.2111654279221145,3395.219,,,,,1.855276687885587,,,,,,,
B0006,94,impedance,24,[2.008e+03 4.000e+00 2.300e+01 2.000e+00 1.600e+01 8.578e+00],,,,,,,,,,,,,,,,,,,817.3484300334093,348.295077139204,2.4412890756720995,0.19177156743012735,,0.0628654066217946,0.08144682676052387
B0006,95,charge,24,[2.0080e+03 4.0000e+00 2.3000e+01 2.0000e+00 4.7000e+01 5.5453e+01],4.138693587672253,3.1806077746197734,4.2028686021710415,0.1068153139780613,0.667202105081877,-3.5974004749593367,1.5202790759235252,0.6447552011030221,25.15735403314838,23.602941740381677,28.294010828400918,1.3372421570496176,10651.657,4.4678818181818185,0.6640885714285716,,,,,,,,,,
B0006,96,impedance,24,[2008.      4.     23.      5.     46.     32.89],,,,,,,,,,,,,,,,,,,818.0882950824088,347.83238343404463,2.442180264051586,0.19215055941728465,,0.06171642129064926,0.08150165216580176
B0006,97,discharge,24,[2008.       4.      23.       6.      18.      19.921],3.538408778928339,2.4006679782182205,4.187721936001791,0.23624667070508096,-1.965705768920947,-2.0140910758505797,0.0011594939858130299,0.29518219456583883,30.828713779105055,23.520157783193987,37.080390421974414,3.273173572550457,3386.0,,,,,1.8392508917181876,,,,,,,
B0006,98,impedance,24,[2008.       4.      23.       7.      16.       7.671],,,,,,,,,,,,,,,,,,,818.3586593436252,347.5808211169494,2.4459481208546165,0.19250904018814027,,0.06291524637705144,0.08277116642147596
B0006,99,charge,24,[2008.       4.      23.       7.      47.      54.718],4.137278474891531,3.192399897100915,4.2020080862057165,0.10628742305013346,0.6988085786346139,-3.6237143492909194,1.5188192685377937,0.643027392816192,24.989538945227892,23.583238208092606,27.970800137688457,1.2656928031238597,10032.485,4.399414021529119,0.6957270218051339,,,,,,,,,,
B0006,100,impedance,24,[2008.       4.      23.      10.      36.      13.156],,,,,,,,,,,,,,,,,,,817.8353068449511,347.6848414890549,2.444679811955444,0.1922860692695388,,0.06199878481176484,0.08138761044036787
B0006,101,discharge,24,[2.008e+03 4.000e+00 2.300e+01 1.100e+01 8.000e+00 3.120e-01],3.5297688311332673,2.3194299432177345,4.184171356892756,0.2439099480182485,-1.9542494702422435,-2.0132183154407977,0.0012199865224596935,0.3301024928060525,30.761533072057244,23.52943289153009,36.98024266357476,3.26325912224477,3368.187,,,,,1.8185396073994429,,,,,,,
B0006,102,impedance,24,[2008.       4.      23.      12.       5.      30.437],,,,,,,,,,,,,,,,,,,818.477724887733,347.69253761997294,2.4439139236391783,0.19237000783909655,,0.06307762333013402,0.08287146905081498
B0006,103,charge,24,[2008.       4.      23.      12.      37.      17.515],4.1414571010246455,3.1982284720629224,4.201677900975037,0.10320369422786439,0.6608854225730668,-3.6170718429558018,1.5223461586785663,0.6417182432874162,25.180745399490828,23.9171450653088,28.158791899243404,1.2308201404343384,10574.297,4.466800733176224,0.6580052369730296,,,,,,,,,,
B0006,104,impedance,24,[2008.       4.      23.      15.      34.      37.843],,,,,,,,,,,,,,,,,,,818.4314505116948,347.29500834952415,2.445719039774327,0.19261360023978658,,0.06250406054880163,0.08169124692338582
B0006,105,discharge,24,[2008.       4.      23.      16.       6.      25.171],3.5300676840423306,2.3401731734980076,4.186779863144672,0.244307450843308,-1.9490605727432448,-2.0142775706959855,0.000712613725765745,0.3456683188151143,31.30305692941581,23.947667716448013,37.598741245467004,3.3257051599027356,3368.266,,,,,1.8134770059567056,,,,,,,
B0006,106,impedance,24,[2008.       4.      23.      17.       3.      55.484],,,,,,,,,,,,,,,,,,,818.4830805943884,347.58049365521856,2.447536780841701,0.19271349019825634,,0.0627995855607608,0.0818468337271938
B0006,107,charge,24,[2008.       4.      23.      17.      35.      42.828],4.141645479496477,3.2055381729712327,4.20163878277163,0.10277397761475247,0.6634816539120677,-3.6184452044994417,1.5224694324672676,0.6409948920299761,25.292235216630523,23.76597618084918,28.40104385792931,1.3439269769459146,10461.735,4.468743121693122,0.6603558201058201,,,,,,,,,,
B0006,108,impedance,24,[2008.      4.     23.     20.     31.     10.75],,,,,,,,,,,,,,,,,,,817.9025751563727,347.9090018345803,2.439979449135073,0.19188446036734394,,0.06201388686472383,0.08131610081343171
B0006,109,discharge,24,[2.0080e+03 4.0000e+00 2.3000e+01 2.1000e+01 2.0000e+00 5.8296e+01],3.5248882875629555,2.3829603510808774,4.186482965601712,0.24375960384087478,-1.9373547119632697,-2.014866249205715,0.0010041973417186346,0.3750698159946979,31.06432144678013,23.724670891624807,37.33680914521836,3.3542974150774905,3358.719,,,,,1.7971018450305436,,,,,,,
B0006,110,impedance,24,[2008.       4.      23.      22.       0.      19.218],,,,,,,,,,,,,,,,,,,818.4554705094948,347.4277416931174,2.447188127878292,0.19269603901447022,,0.06308360062643197,0.08264257683503572
B0006,111,charge,24,[2008.       4.      23.      22.      32.       6.671],4.14089223010424,3.2128516923673693,4.201778926311602,0.10247515296862875,0.688201244296354,-3.636268181299368,1.5228534841248562,0.6389294181362369,25.12354763553037,23.571367879080572,28.132231098068214,1.3230846458850267,9993.062000000005,4.48021997226075,0.6848918169209433,,,,,,,,,,
B0006,112,impedance,24,[2.0080e+03 4.0000e+00 2.4000e+01 1.0000e+00 1.9000e+01 4.6171e+01],,,,,,,,,,,,,,,,,,,817.9461607323298,347.9923846312942,2.4375396111369128,0.19166264157464563,,0.06183019217410585,0.08120435160553863
B0006,113,discharge,24,[2.008e+03 4.000e+00 2.400e+01 1.000e+00 5.100e+01 3.389e+01],3.5190926887152725,2.351855540704836,4.184741677172267,0.24666463745510467,-1.9312604088713479,-2.014036681172477,0.0009279755162790197,0.38980058555195723,30.96654665282149,23.509674105704782,37.39499820465976,3.4007883405434325,3339.5,,,,,1.7810046294120476,,,,,,,
B0006,114,impedance,24,[2.0080e+03 4.0000e+00 2.4000e+01 2.0000e+00 4.8000e+01 3.5687e+01],,,,,,,,,,,,,,,,,,,819.0186440464487,346.6689794845513,2.4569798950963766,0.19378758656857206,,0.06313290641362876,0.0837217579093773
B0006,115,charge,24,[2008.       4.      24.       3.      20.      23.359],4.145384297144703,3.2151813877525415,4.201893244216743,0.09881874065073347,0.6456652982089215,-3.6385397346334627,1.5223133448880986,0.6372098481109417,24.845898768603192,23.297306442509743,27.966969935040385,1.374254878872561,10602.281,4.463603240982749,0.642518034500784,,,,,,,,,,
B0006,116,impedance,24,[2008.       4.      24.       6.      18.      12.171],,,,,,,,,,,,,,,,,,,819.8340152667597,345.6357892652257,2.4619179363098342,0.19467055855422077,,0.06282694657880761,0.08347157844651079
B0006,117,discharge,24,[2.008e+03 4.000e+00 2.400e+01 6.000e+00 5.000e+01 3.100e-02],3.5151810230271,2.3535104841115886,4.186114015167315,0.24783168845894557,-1.925413982519257,-2.013562007420154,0.0004104562259902084,0.4032503267568939,30.826455697992966,23.239016261869025,37.35233964342659,3.473951745369301,3331.265,,,,,1.7710130422682329,,,,,,,
B0006,118,impedance,24,[2008.       4.      24.       7.      46.      53.906],,,,,,,,,,,,,,,,,,,819.074106121894,346.8280535610429,2.4508561537407547,0.19327901398320213,,0.06336352421336121,0.0837975537463188
B0006,119,charge,24,[2008.       4.      24.       8.      18.      41.703],4.147133824093723,3.221237182213611,4.202091955147693,0.0969791441495471,0.6368410626284218,-3.649826602701682,1.519026518625429,0.6352328430922289,24.745480280733183,23.379014686328624,27.75957410527405,1.3103226845025895,10667.969,4.461266701325709,0.6339797244606188,,,,,,,,,,
B0006,120,impedance,24,[2008.       4.      24.      11.      17.      36.359],,,,,,,,,,,,,,,,,,,820.4715163906112,345.31035895381774,2.4625700376100474,0.19490954535022106,,0.06349817571333986,0.08385488671663242
B0006,121,discharge,24,[2008.       4.      24.      11.      49.      24.281],3.514029112834162,2.3948058223938364,4.186378094589789,0.24620396352215285,-1.9198444871883995,-2.0146073733834746,0.0009332187923950495,0.4166720426682412,31.080769482413952,23.40832459139638,37.58677381866742,3.524616662385745,3321.188,,,,,1.7604712448170943,,,,,,,
B0006,122,impedance,24,[2008.       4.      24.      12.      46.       8.171],,,,,,,,,,,,,,,,,,,819.0433776370443,346.9069738272107,2.4503305172093426,0.19323660693677722,,0.06264078681571249,0.08299028292337617
B0006,123,charge,24,[2008.      4.     24.     13.     17.     56.25],4.14686600265132,3.226823142796513,4.201996589667506,0.09691855248769607,0.6426056541099174,-3.6579210686447445,1.524058558680382,0.6349829825434912,25.29969472858799,23.96950632411881,28.315119077831064,1.2821324684729067,10504.781,4.464825811559779,0.6400269200316707,,,,,,,,,,
B0006,124,impedance,24,[2008.       4.      24.      16.      14.       7.906],,,,,,,,,,,,,,,,,,,818.9212412368621,347.1244085255307,2.4494119478132172,0.19304431995472796,,0.060945139936148515,0.082015904986437
B0006,125,discharge,24,[2008.       4.      24.      16.      45.      56.015],3.514139684003936,2.4418858444380294,4.185742966026202,0.24380262902937214,-1.908733158939213,-2.0156412315711094,0.0014623495361316455,0.4405439902279281,31.694287817425337,23.993875243611917,38.207044569893476,3.541321887482378,3321.844,,,,,1.7502913788006587,,,,,,,
B0006,126,impedance,24,[2008.       4.      24.      17.      42.      40.796],,,,,,,,,,,,,,,,,,,819.3729980073986,346.0229614445954,2.4589773131234445,0.19420469585579084,,0.06395085325023771,0.0832684036551876
B0006,127,charge,24,[2008.       4.      24.      18.      14.      28.937],4.146165272892503,3.232468571687962,4.202078104566653,0.09732166350407424,0.6545309456013868,-3.663250342263088,1.5254145928251492,0.6347731437947264,25.719099276376973,24.23353834378106,28.759435057679752,1.3405870397792248,10246.781,4.469464826839827,0.6517010281385283,,,,,,,,,,
B0006,128,impedance,24,[2008.       4.      24.      21.       6.      22.828],,,,,,,,,,,,,,,,,,,819.9338337187055,345.374943482459,2.4643303705037294,0.19493449575414665,,0.0639175801612165,0.08216571708748939
B0006,129,discharge,24,[2008.       4.      24.      21.      38.      11.078],3.509578354212467,2.391848815367812,4.1849954235358595,0.24822681012659126,-1.90276801874341,-2.014135597110891,-0.0009765358148676846,0.4523465874192101,31.875581783696685,24.22249363678538,38.340431886092745,3.5260807752049357,3311.828,,,,,1.7394925037732578,,,,,,,
B0006,130,impedance,24,[2008.       4.      24.      22.      34.      45.921],,,,,,,,,,,,,,,,,,,818.6940962714048,347.05595115729255,2.4506574858187498,0.19316887984959086,,0.061914442984428886,0.0827944269463386
B0006,131,charge,24,[2008.       4.      24.      23.       6.      34.156],4.1467730055348575,3.2329595469160965,4.202221842381282,0.0965623045838133,0.6559124018187802,-3.6628486200461525,1.5217171473532471,0.6334827544306164,25.607949607087512,24.003143877825863,28.681906125997056,1.3861637336983872,10166.218999999997,4.470726132024004,0.6528914348063285,,,,,,,,,,
B0006,132,impedance,24,[2.008e+03 4.000e+00 2.500e+01 1.000e+00 5.700e+01 7.593e+00],,,,,,,,,,,,,,,,,,,818.9444213764546,346.7900777773268,2.454033524232426,0.1935096888702104,,0.06223664045181756,0.08227519539898062
B0006,133,discharge,24,[2008.       4.      25.      12.       3.      44.093],3.5110708693292705,2.3166154227865463,4.175622772952551,0.2572766067465748,-1.9093247566511207,-2.013918427729744,0.0005605769329787213,0.43888773455084645,31.543288143901563,23.931600807664452,38.521539672721865,3.634659703403752,3327.391,,,,,1.7546766553637203,,,,,,,
B0006,134,charge,24,[2.0080e+03 4.0000e+00 2.5000e+01 1.7000e+01 2.0000e+00 3.5703e+01],4.152354380509434,3.3056995710837054,4.20183690205406,0.08777275781331538,0.6252403280862147,-3.7793272762446426,1.5191332498312022,0.6311849411053242,25.15239521946869,23.778448832725132,28.544862281131994,1.4141971702210772,10804.922,4.460734358974359,0.6224469230769231,,,,,,,,,,
B0006,135,discharge,24,[2008.       4.      25.      20.       3.      55.921],3.5159179315855056,2.4110989960643794,4.191704957733779,0.24598521855518196,-1.9306372167933323,-2.0164764928559697,0.0006125224393033973,0.3913947338973055,31.420983409991024,23.80004225730534,38.03707160241571,3.5081719161772016,3312.078,,,,,1.7659390941842175,,,,,,,
B0006,136,impedance,24,[2008.       4.      25.      21.       0.      31.421],,,,,,,,,,,,,,,,,,,819.8889431655367,345.9417119487369,2.4617216970868196,0.19457800645001788,,0.06368589032225634,0.08410980261203092
B0006,137,charge,24,[2008.       4.      25.      21.      32.      20.468],4.149073473832747,3.224144518665935,4.20176801838368,0.09498969428981811,0.6288014634575095,-3.652499186899819,1.520178296238574,0.6317825918317271,24.956784398728235,23.370591137308754,28.227586320387818,1.4387892592460223,10758.985,4.460148634724368,0.6257859350850077,,,,,,,,,,
B0006,138,impedance,24,[2008.       4.      26.       0.      32.      46.968],,,,,,,,,,,,,,,,,,,819.3446203699779,346.3004974157628,2.4520780565939453,0.193548696349198,,0.06203106446308808,0.08319177703888532
B0006,139,discharge,24,[2.0080e+03 4.0000e+00 2.6000e+01 1.0000e+00 4.0000e+00 3.5718e+01],3.50585340727078,2.4510125175432287,4.185468369564667,0.24431167408297183,-1.907114151507875,-2.014424639912736,0.000726309956247418,0.4422052936741676,31.15837149963786,23.325044766777037,37.934285687720596,3.6256374299154595,3293.172,,,,,1.7337887419624838,,,,,,,
B0006,140,impedance,24,[2.0080e+03 4.0000e+00 2.6000e+01 2.0000e+00 0.0000e+00 5.2359e+01],,,,,,,,,,,,,,,,,,,819.8272430678495,345.91460711758964,2.4631162733864826,0.19465600752769974,,0.06394139531038306,0.08439590554803003
B0006,141,charge,24,[2.0080e+03 4.0000e+00 2.6000e+01 2.0000e+00 3.2000e+01 4.1093e+01],4.149319265033265,3.23786714300843,4.2020264962422305,0.09384782864007722,0.6440540683657684,-3.6795160676623317,1.5210805455659264,0.6302084727927851,24.845753514136497,23.26741770371121,28.067108057487324,1.4253950268462416,10317.515,4.466274805055122,0.6410392578650176,,,,,,,,,,
B0006,142,impedance,24,[2008.       4.      26.       5.      25.      46.234],,,,,,,,,,,,,,,,,,,820.0556133925725,345.56553264879017,2.4604259692473107,0.19456430049201737,,0.06250649038034015,0.08426848073493345
B0006,143,discharge,24,[2008.      4.     26.      5.     57.     35.14],3.5010379345914444,2.471216186082459,4.184201889006967,0.2435154606775506,-1.8953541357988335,-2.0136840343383655,0.0006105952606363766,0.4660772511913581,31.15661421699882,23.22751550921504,37.88470784051604,3.66886365748169,3275.328,,,,,1.713325912040734,,,,,,,
B0006,144,impedance,24,[2008.       4.      26.       6.      53.      34.171],,,,,,,,,,,,,,,,,,,820.1118997419907,346.0249369234141,2.457368160460977,0.19423085901165216,,0.06334074841835481,0.08443325960211569
B0006,145,charge,24,[2008.       4.      26.       7.      25.      23.031],4.152958435765652,3.2415481964497013,4.201731974579074,0.09044956832486514,0.6094211464181148,-3.6818257982073193,1.5205488693019396,0.6265511011499254,24.759253545817227,23.22857899059768,28.067128360555888,1.4495641466366536,10805.734,4.453482413350449,0.6065892169448013,,,,,,,,,,
B0006,146,impedance,24,[2008.       4.      26.      10.      26.      36.718],,,,,,,,,,,,,,,,,,,820.0109496741092,345.67731760493734,2.461912856113228,0.19465696150329323,,0.06261533272747599,0.0839721783477321
B0006,147,discharge,24,[2008.       4.      26.      10.      58.      25.843],3.497407662636496,2.470968641396993,4.185838836583766,0.24459591902905917,-1.8892713805954209,-2.015243276008703,0.0013481309742365592,0.4777097893062262,31.206611383963253,23.20127236203539,38.065368726791895,3.719915578953458,3265.016,,,,,1.7024077813673466,,,,,,,
B0006,148,charge,24,[2008.       4.      28.      17.      20.      47.859],4.150611801337876,3.3304983741984855,4.2019364305263425,0.08790918370432493,0.6564647881422182,-3.852084607245219,1.5195918722671178,0.6324915419377082,25.385815273810298,24.001495333411164,28.576958595190668,1.3580224133160368,9946.391,4.37951520223152,0.6536072524407253,,,,,,,,,,
B0006,149,discharge,24,[2008.       4.      29.      12.      15.      56.953],3.5388872766749144,2.4288023941361625,4.1729165619005535,0.23098677589569044,-1.9819359924929794,-2.014822027548639,0.000883957804000857,0.23645151610760437,33.61169282822636,26.602945710082057,39.788440481350335,3.1543964421418815,3328.937,,,,,1.82371946178183,,,,,,,
B0006,150,impedance,24,[2008.       4.      29.      13.      12.      54.375],,,,,,,,,,,,,,,,,,,818.9975583911249,345.78044389716996,2.461633013129592,0.1944407402243081,,0.0659851482712769,0.08205908433058269
B0006,151,charge,24,[2008.       4.      29.      13.      44.      46.546],4.133464624796557,3.108769944962185,4.2019802690229335,0.11383934419730653,0.7001015148467099,-3.4977976183423696,1.5219116345456263,0.6446685530019208,27.380478585615847,25.76822304772608,30.7089708928189,1.3844115258459675,10063.547,4.477654310818232,0.6968739703459638,,,,,,,,,,
B0006,152,impedance,24,[2008.       4.      29.      16.      33.      38.281],,,,,,,,,,,,,,,,,,,818.1083148077413,346.8666743433344,2.4506153833055286,0.19304604845318205,,0.0645724621588098,0.08034229300933068
B0006,153,discharge,24,[2008.       4.      29.      17.       5.      27.781],3.5327430295356828,2.3551430866643166,4.186982012423103,0.24180188757564916,-1.9653277079992455,-2.014147642384201,0.0013785124508379858,0.2976263378401198,32.85630077141311,25.5878756709222,39.212903178007906,3.3014338549444924,3329.266,,,,,1.8081284050314708,,,,,,,
B0006,154,impedance,24,[2.0080e+03 4.0000e+00 2.9000e+01 1.8000e+01 2.0000e+00 2.1296e+01],,,,,,,,,,,,,,,,,,,819.5635945532407,345.4084089359347,2.4663667433390195,0.19501972582347515,,0.06584265367322818,0.08228467898593818
B0006,155,charge,24,[2008.       4.      29.      18.      34.      10.656],4.140296135804,3.1705581489494783,4.201868241940657,0.10564920034476571,0.6658522396092803,-3.5812607098712266,1.5249374688117034,0.6404452618572881,26.646363956512182,24.87944059362003,30.106699115532898,1.48336471227099,10376.172,4.468720682302772,0.6627188166311301,,,,,,,,,,
B0006,156,impedance,24,[2008.      4.     29.     21.     28.     15.14],,,,,,,,,,,,,,,,,,,819.1793158385262,346.0724783995069,2.4575695213571094,0.19402687653356976,,0.06368615846693702,0.08236363977175419
B0006,157,discharge,24,[2008.      4.     29.     22.      0.      4.75],3.521214759733266,2.365933525789291,4.186537777937825,0.2452054406792465,-1.9470636598230844,-2.0135457323415866,0.0013469218858249991,0.3489537540343098,32.210981559158874,24.788511221807962,38.66937823121345,3.4005903322527105,3301.579,,,,,1.7757610945034283,,,,,,,
B0006,158,impedance,24,[2008.       4.      29.      22.      56.      30.656],,,,,,,,,,,,,,,,,,,820.7823945030004,344.41652429726673,2.476568084232818,0.19632533173144848,,0.06586299475840429,0.08404816384807184
B0006,159,charge,24,[2008.       4.      29.      23.      28.      20.218],4.140774096111559,3.198666493757404,4.201968483553752,0.10292760473613308,0.6932889967479454,-3.6189003007560423,1.5192599895213021,0.6372539007002651,26.100358589607755,24.415838119229036,29.363372970921308,1.4306072719391623,9756.858999999997,4.385133125177406,0.6899954584161228,,,,,,,,,,
B0006,160,impedance,24,[2.008e+03 4.000e+00 3.000e+01 2.000e+00 1.200e+01 5.609e+00],,,,,,,,,,,,,,,,,,,819.145623623291,346.1481009511245,2.454610825141064,0.19379198111672666,,0.06291209789909709,0.08214102281998399
B0006,161,discharge,24,[2.0080e+03 4.0000e+00 3.0000e+01 2.0000e+00 4.3000e+01 5.5312e+01],3.5093111439506677,2.3481961394586457,4.182282350256796,0.248638831497769,-1.9241628426386395,-2.0143501433980724,0.0011884652184539464,0.40618903288986047,31.965090081650274,24.29903895658481,38.5170065164806,3.5201708513727663,3283.563,,,,,1.7447409841836798,,,,,,,
B0006,162,impedance,24,[2008.      4.     30.      3.     40.      3.39],,,,,,,,,,,,,,,,,,,819.6253155499713,345.46734138035737,2.465492533612844,0.19493101383915282,,0.06445446289569287,0.08372729247372598
B0006,163,charge,24,[2008.       4.      30.       4.      11.      53.078],4.147814314370267,3.213288865470046,4.2020894684143295,0.096908113130811,0.6331255913984261,-3.6380744136956626,1.5191946628746977,0.6330087655045519,25.649456483530546,24.033999390790676,29.053108404174978,1.4699518297362897,10610.906,4.4598253263707575,0.6300976501305484,,,,,,,,,,
B0006,164,impedance,24,[2008.       4.      30.       7.       9.      52.656],,,,,,,,,,,,,,,,,,,819.4773985187089,345.7864782825952,2.457562325425546,0.19418506679881678,,0.06366741172107057,0.08296956725555057
B0006,165,discharge,24,[2008.       4.      30.       7.      41.      42.578],3.50716091973708,2.46945948630322,4.185961817428056,0.24245866501899874,-1.9124470439353747,-2.013955993405398,0.0023455920246722457,0.43177529573802614,31.744801840189538,23.984895747102637,38.292505299491516,3.5757503955650507,3275.125,,,,,1.729207034132373,,,,,,,
B0006,166,impedance,24,[2008.       4.      30.       8.      37.      42.406],,,,,,,,,,,,,,,,,,,819.8470036567778,345.2166948635577,2.4672773918238424,0.19521684605898146,,0.06449971024722613,0.08439116060930645
B0006,167,charge,24,[2008.       4.      30.       9.       9.      32.281],4.147155030260045,3.230487674099927,4.202032914685855,0.09616813256758369,0.6621310832775887,-3.665907694313529,1.518911146559729,0.6315394702949667,25.59348533692894,24.01843945266207,28.824607780532247,1.4297093796016702,9978.078,4.473273763201779,0.6590967204002223,,,,,,,,,,
B0006,168,impedance,24,[2008.       4.      30.      11.      56.      59.203],,,,,,,,,,,,,,,,,,,820.1222467416643,344.8437392697183,2.4660251840221314,0.19528040739268474,,0.06454586928056331,0.08390558187210605
B0006,169,discharge,24,[2008.       4.      30.      12.      28.      49.265],3.500928918686389,2.4666715880697576,4.1836566973224585,0.24306097840857094,-1.8950209973545986,-2.0143598768040447,0.0008097171102984877,0.4667188589869889,31.876564068962466,23.99541497188152,38.52091685291118,3.6558828773689824,3265.656,,,,,1.7081086552553244,,,,,,,
B0006,170,impedance,24,[2008.       4.      30.      13.      24.      39.734],,,,,,,,,,,,,,,,,,,819.8838065008025,345.16833564051785,2.4667417751790226,0.19519070534568786,,0.06462222077599941,0.08347874261289515
B0006,171,charge,24,[2008.       4.      30.      13.      56.      29.843],4.149659891227396,3.2367317080665323,4.2029650037863515,0.09391963390588937,0.6404057119410048,-3.6728332803135753,1.519466500765042,0.6296469021587703,25.80802143843077,24.297982888754287,29.04334125546153,1.412707036167067,10246.984,4.4660736329182456,0.6377276664861938,,,,,,,,,,
B0006,172,impedance,24,[2008.       4.      30.      16.      48.      25.875],,,,,,,,,,,,,,,,,,,820.2707629385949,344.7098546506168,2.4699777360007356,0.19560718383083964,,0.06441730776729335,0.08332080296168762
B0006,173,discharge,24,[2008.      4.     30.     17.     20.     16.14],3.4973019898820894,2.4482931262785135,4.184390004467988,0.2453760679343642,-1.8837082435178907,-2.0146981664689427,2.3587764193591595e-05,0.48819038959426053,32.24289319481841,24.295032488841088,38.95436345473558,3.672889296106637,3266.093,,,,,1.6975954237461768,,,,,,,
B0006,174,impedance,24,[2008.      4.     30.     18.     16.      7.25],,,,,,,,,,,,,,,,,,,820.3895432339592,344.92224169463674,2.469265889021869,0.19556626518640588,,0.06535744633615422,0.08372284778321133
B0006,175,charge,24,[2008.      4.     30.     18.     47.     57.39],4.151763891899817,3.241348430901042,4.201745105046002,0.09189631168741462,0.6245211085260329,-3.680117211757426,1.5190073835671705,0.6273561290831003,25.690981294880917,24.129870826548288,29.041516878949153,1.4800651225893722,10437.047,4.4595386659580125,0.6216431039064577,,,,,,,,,,
B0006,176,impedance,24,[2008.       4.      30.      21.      43.       3.656],,,,,,,,,,,,,,,,,,,822.0191332078247,343.1867763852909,2.4854307689269546,0.19761910190459678,,0.06517362934686399,0.08478155339352322
B0006,177,discharge,24,[2008.       4.      30.      22.      14.      54.062],3.4929038301187156,2.4745215382882586,4.184732708741646,0.24387936455970977,-1.8716651994380054,-2.0150505202774576,0.0028840576269616946,0.508922907014493,32.07305565938816,24.10547107270791,38.731363854696035,3.6834438401651113,3257.594,,,,,1.6820634524029463,,,,,,,
B0006,178,impedance,24,[2008.       4.      30.      23.      10.      36.859],,,,,,,,,,,,,,,,,,,821.5742740920776,343.4746513719356,2.4844623031906807,0.1974335236940196,,0.0657374096950185,0.08640081854624075
B0006,179,charge,24,[2008.      4.     30.     23.     42.     27.25],4.154792029296989,3.249643836500577,4.201953884828614,0.08874577064887966,0.5978185415720131,-3.6817868852101214,1.5202036234216891,0.6233284347629886,25.577958645380264,24.00747131711232,28.954766991435342,1.4941421075059365,10805.827999999994,4.451051861360719,0.5951406931964057,,,,,,,,,,
B0006,180,impedance,24,[2.0080e+03 5.0000e+00 1.0000e+00 2.0000e+00 4.3000e+01 4.2562e+01],,,,,,,,,,,,,,,,,,,820.7783959033583,344.60556967980045,2.468342114839217,0.1956323098323857,,0.06359515956336817,0.08418492196132377
B0006,181,discharge,24,[2.008e+03 5.000e+00 1.000e+00 3.000e+00 1.500e+01 3.314e+01],3.488659224822318,2.469127855241356,4.185835940524748,0.24489747465620212,-1.8654809345089407,-2.016431910751689,0.0008062258329325605,0.5191412899392004,32.030140929891196,23.97620032331416,38.74827601131975,3.7478860406495396,3248.593,,,,,1.6714768322295086,,,,,,,
B0006,182,impedance,24,[2.008e+03 5.000e+00 1.000e+00 4.000e+00 1.100e+01 7.078e+00],,,,,,,,,,,,,,,,,,,821.7067851502889,343.4100094397633,2.4852115102231687,0.19746414093207995,,0.06569551042223239,0.08528415424415496
B0006,183,charge,24,[2.0080e+03 5.0000e+00 1.0000e+00 4.0000e+00 4.2000e+01 5.7703e+01],4.155969601476407,3.252714889471868,4.201864866348314,0.08719461474486592,0.5933997772613404,-3.6937410845811742,1.5185150697706895,0.6212461117086429,25.46098104903186,23.859319074619904,28.827764021851614,1.5158896232813412,10805.375,4.449875160544567,0.5908081171333164,,,,,,,,,,
B0006,184,impedance,24,[2.0080e+03 5.0000e+00 1.0000e+00 7.0000e+00 4.4000e+01 1.2656e+01],,,,,,,,,,,,,,,,,,,822.5414209367927,342.80981694490083,2.4851719821772926,0.19781903670320422,,0.06528547500729169,0.08605041403439097
B0006,185,discharge,24,[2.008e+03 5.000e+00 1.000e+00 8.000e+00 1.600e+01 3.343e+00],3.4822930804774015,2.4177173347922416,4.185703389994729,0.24894941761288453,-1.8592903578575999,-2.013961242413253,0.001300028898722823,0.5292867036601664,31.984935871368258,23.819965773306656,38.84227056628921,3.8030419719405057,3238.766,,,,,1.6607591387047655,,,,,,,
B0006,186,impedance,24,[2.0080e+03 5.0000e+00 1.0000e+00 9.0000e+00 1.1000e+01 2.7593e+01],,,,,,,,,,,,,,,,,,,822.872970765255,342.42487059606236,2.4947494085327517,0.198750518008994,,0.06608858001407364,0.08697381626854853
B0006,187,charge,24,[2.0080e+03 5.0000e+00 1.0000e+00 9.0000e+00 4.3000e+01 1.8359e+01],4.156491909347314,3.252539866604192,4.20167085224603,0.08631624027962408,0.595822004637786,-3.686688184656638,1.5195784471675724,0.6200020654117424,25.436993851892336,23.91974240454436,28.786886386344246,1.4944983437578212,10685.968,4.452239085239086,0.5933609667359666,,,,,,,,,,
B0006,188,impedance,24,[2.0080e+03 5.0000e+00 1.0000e+00 1.2000e+01 4.2000e+01 3.4015e+01],,,,,,,,,,,,,,,,,,,822.9677116231882,342.07275934035823,2.49594856355703,0.1989215049120329,,0.06653396257005847,0.08674821993371198
B0006,189,discharge,24,[2.0080e+03 5.0000e+00 1.0000e+00 1.3000e+01 1.4000e+01 2.4875e+01],3.477575664197982,2.3775131079338427,4.184887437252902,0.25149169273248084,-1.848156298789804,-2.0142789765419593,3.3324869557570366e-05,0.5476209059238868,32.23677365476226,23.938135747847074,39.221381996208315,3.8864318857653655,3240.14,,,,,1.651121015038069,,,,,,,
B0006,190,impedance,24,[2.008e+03 5.000e+00 1.000e+00 1.400e+01 9.000e+00 5.064e+01],,,,,,,,,,,,,,,,,,,822.9931153117308,341.6620455736827,2.499712382350017,0.19937536166570655,,0.0673918549622027,0.0861118887620564
B0006,191,charge,24,[2.0080e+03 5.0000e+00 1.0000e+00 1.4000e+01 4.1000e+01 4.1578e+01],4.156718541366754,3.255601614126972,4.201838951244605,0.08624025616885926,0.5983673361832752,-3.6892686004043425,1.519029943407328,0.6197549679920068,25.938054463156547,24.481954373415476,29.207075464293986,1.4504540742077197,10588.64,4.45420508785733,0.5961030684500392,,,,,,,,,,
B0006,192,impedance,24,[2.0080e+03 5.0000e+00 1.0000e+00 1.7000e+01 3.9000e+01 2.0015e+01],,,,,,,,,,,,,,,,,,,823.2781864409534,341.2422124438884,2.5017635224558163,0.19977134782434428,,0.06634112534272091,0.08720558299891104
B0006,193,discharge,24,[2.0080e+03 5.0000e+00 1.0000e+00 1.8000e+01 1.1000e+01 1.0984e+01],3.4787436506489255,2.443723814618984,4.1845671326128535,0.24743822906353016,-1.8415742473538441,-2.0170700253976435,0.0008339594777993074,0.5572043810030383,32.56097148037261,24.442914706328594,39.466510899162515,3.7845576572627713,3230.109,,,,,1.6401349256190927,,,,,,,
B0006,194,impedance,24,[2.0080e+03 5.0000e+00 1.0000e+00 1.9000e+01 6.0000e+00 2.6859e+01],,,,,,,,,,,,,,,,,,,822.9363139824915,342.3766662743333,2.4937158371545114,0.1986556252577938,,0.0671457542138853,0.08632770749811566
B0006,195,charge,24,[2.0080e+03 5.0000e+00 1.0000e+00 1.9000e+01 3.8000e+01 1.7968e+01],4.158143863599229,3.258534264087611,4.202695530287936,0.0845570383486158,0.586616315407851,-3.6933604255028323,1.518653880888649,0.617178911714824,25.848663621482324,24.287952253682676,29.18554105903438,1.4972370843279286,10736.094,4.450176714100906,0.584167399741268,,,,,,,,,,
B0006,196,impedance,24,[2.0080e+03 5.0000e+00 1.0000e+00 2.2000e+01 3.8000e+01 2.4062e+01],,,,,,,,,,,,,,,,,,,823.8924859548597,341.0832032188155,2.5021600256758734,0.19990218767994983,,0.06590996191117977,0.08712834097374948
B0006,197,discharge,24,[2.0080e+03 5.0000e+00 1.0000e+00 2.3000e+01 1.0000e+01 1.5265e+01],3.4740152461288862,2.4324278256917147,4.184590722398005,0.24781476646180828,-1.8297533943331723,-2.0153270924031044,0.002267298724556321,0.5744007772604264,32.48984985901219,24.244880453394085,39.352653481724175,3.835762334103568,3229.7810000000027,,,,,1.6291999416165441,,,,,,,
B0006,198,impedance,24,[2.0080e+03 5.0000e+00 2.0000e+00 0.0000e+00 5.0000e+00 3.1015e+01],,,,,,,,,,,,,,,,,,,823.6437154202089,341.672027151357,2.501011418847187,0.19962208389294978,,0.06656218407046685,0.0876302548566821
B0006,199,charge,24,[2.0080e+03 5.0000e+00 2.0000e+00 0.0000e+00 3.7000e+01 2.2234e+01],4.155601040919429,3.2615100283702536,4.202048923784108,0.0865418580547473,0.6364236922777519,-3.6978868847367,1.5202891571711172,0.6186077775322101,25.889479643087075,24.16764828314227,29.094562723441733,1.5173019411035051,9790.859,4.470577480807506,0.6336272391242537,,,,,,,,,,
B0006,200,impedance,24,[2.0080e+03 5.0000e+00 2.0000e+00 3.0000e+00 2.1000e+01 4.3218e+01],,,,,,,,,,,,,,,,,,,823.7483187028516,341.0343856415198,2.5057615580938664,0.2001946532974853,,0.06605623626692969,0.08756285633165226
B0006,201,discharge,24,[2.0080e+03 5.0000e+00 2.0000e+00 3.0000e+00 5.3000e+01 3.4765e+01],3.4718387718772696,2.494085641889116,4.181227276564003,0.24226020864399292,-1.8170860697729954,-2.0264444143525524,0.002587585651271363,0.59213769752695,32.42612199208859,24.11448837545242,39.31890647034385,3.8710134033093055,3212.469,,,,,1.6088496302961666,,,,,,,
B0006,202,impedance,24,[2.0080e+03 5.0000e+00 2.0000e+00 4.0000e+00 4.8000e+01 3.3343e+01],,,,,,,,,,,,,,,,,,,823.6718096903992,341.40111317910845,2.5031369803876973,0.19982147311621798,,0.06683041793365703,0.0881304972895854
B0006,203,charge,24,[2.0080e+03 5.0000e+00 2.0000e+00 5.0000e+00 2.0000e+01 2.4687e+01],4.158789297211486,3.265132034578369,4.20263466163033,0.08323550984168605,0.6031676913352987,-3.7121319687649907,1.524258190853222,0.6147148776483717,25.70387833670803,23.99183254123315,28.972067174585955,1.537419921261606,10274.359,4.457872934164183,0.6006383094012464,,,,,,,,,,
B0006,204,impedance,24,[2.0080e+03 5.0000e+00 2.0000e+00 8.0000e+00 1.2000e+01 4.9328e+01],,,,,,,,,,,,,,,,,,,824.188978990957,340.80855572823083,2.5071110674008596,0.2004434815470705,,0.06590274256382748,0.08820859113319164
B0006,205,discharge,24,[2.0080e+03 5.0000e+00 2.0000e+00 8.0000e+00 4.4000e+01 4.0859e+01],3.463180130644551,2.382347172890769,4.182601669503782,0.25041818458745746,-1.8111560774496664,-2.014269976996697,0.0017194503246426888,0.6001337686853253,32.29984271249387,23.928926832055478,39.47196886600465,3.9277765847941004,3213.219,,,,,1.6035244898969248,,,,,,,
B0006,206,impedance,24,[2.0080e+03 5.0000e+00 2.0000e+00 9.0000e+00 3.9000e+01 4.0343e+01],,,,,,,,,,,,,,,,,,,824.4252508423075,340.8237383276093,2.5074760490874244,0.2004808539292177,,0.0671228648017542,0.08952481378716437
B0006,207,charge,24,[2.0080e+03 5.0000e+00 2.0000e+00 1.0000e+01 1.1000e+01 3.1921e+01],4.161275046209055,3.264211000192049,4.201922758254661,0.0806249201320102,0.5759517175694431,-3.705504506616076,1.526392922791181,0.6105078141762391,25.559248674341752,24.054778309895926,28.849413778690618,1.5000880541705381,10711.063,4.447697221500908,0.5736471046481434,,,,,,,,,,
B0006,208,impedance,24,[2.0080e+03 5.0000e+00 2.0000e+00 1.3000e+01 1.1000e+01 1.3468e+01],,,,,,,,,,,,,,,,,,,825.2698063995705,339.7394795951472,2.51892192426635,0.20183859567684315,,0.06791172070092616,0.08831509615303365
B0006,209,discharge,24,[2.008e+03 5.000e+00 2.000e+00 1.300e+01 4.300e+01 5.093e+00],3.463469391967206,2.406668297987779,4.183991041340736,0.24879153893443376,-1.8113056300795982,-2.0248983473305704,0.0007053447084269127,0.600869683312538,32.610757585145336,24.062133136477676,39.74009698783903,4.013744044379012,3203.578,,,,,1.5989712144027983,,,,,,,
B0006,210,impedance,24,[2.0080e+03 5.0000e+00 2.0000e+00 1.4000e+01 3.7000e+01 5.5109e+01],,,,,,,,,,,,,,,,,,,824.340913569672,340.64233320047214,2.5103506427260207,0.20077161384724698,,0.06804767963498151,0.08818918574404519
B0006,211,charge,24,[2.0080e+03 5.0000e+00 2.0000e+00 1.5000e+01 9.0000e+00 4.6812e+01],4.161826614699263,3.267944828089001,4.2019324312079265,0.08017866480015727,0.5687842341882285,-3.6967905925504496,1.5192260559878688,0.6092387233217985,26.033525396777186,24.496993721602944,29.329113559805148,1.508676224929299,10806.015,4.445192535392535,0.5664635778635779,,,,,,,,,,
B0006,212,impedance,24,[2.008e+03 5.000e+00 2.000e+00 1.800e+01 1.100e+01 3.593e+00],,,,,,,,,,,,,,,,,,,824.6573829759018,340.2428931162015,2.5118911254738587,0.20107174393662264,,0.06674377333784236,0.08857968181390717
B0006,213,discharge,24,[2.0080e+03 5.0000e+00 2.0000e+00 1.9000e+01 7.0000e+00 4.8359e+01],3.46021805164007,2.4204142690378765,4.182425008087469,0.24872123545615055,-1.803802475704306,-2.0134062122749032,0.00037116990278515926,0.609256745218589,32.25699351958767,24.423808071870038,39.03600072360686,3.6982862582092104,3195.125,,,,,1.5876273123575604,,,,,,,
B0006,214,charge,24,[2.0080e+03 5.0000e+00 2.0000e+00 2.0000e+01 2.8000e+01 2.5781e+01],4.160877646372476,3.2544469533294,4.202081808054388,0.08146688892078656,0.5828290255900604,-3.6867221313378074,1.5212935563033854,0.6101805332015663,25.992986590762236,24.292934698747366,29.176041721553197,1.5393897038934308,10481.047,4.450491367861886,0.5804084993359895,,,,,,,,,,
B0006,215,discharge,24,[2.0080e+03 5.0000e+00 2.0000e+00 2.3000e+01 2.4000e+01 1.7687e+01],3.462574876665621,2.4507845245525193,4.190985194174346,0.24661339893460255,-1.7982439953659044,-2.014898941623113,0.0010117048958550698,0.6170700333090209,32.47193402838835,24.297842706066838,39.16106395962828,3.78790549192839,3195.3129999999946,,,,,1.5829719744686166,,,,,,,
B0006,216,impedance,24,[2008.       5.       3.       0.      18.      59.734],,,,,,,,,,,,,,,,,,,825.2671461097497,339.9996716728374,2.5181914736290865,0.20171203973559737,,0.06787371479427354,0.08934891169767059
B0006,217,charge,24,[2008.       5.       3.       0.      50.      52.187],4.161425110425687,3.2698839798909396,4.201818733858601,0.08003500117986545,0.5970380603473269,-3.705916068394221,1.521233003827182,0.6085470257409886,25.919135612812614,24.18179137497158,29.06181349745949,1.5458353959945261,10153.36,4.458065605270382,0.5944147680483118,,,,,,,,,,
B0006,218,impedance,24,[2008.       5.       3.       3.      41.      16.453],,,,,,,,,,,,,,,,,,,825.5043668990257,339.687530492494,2.5211599831563913,0.202039523237046,,0.06641297510611752,0.0895032370200492
B0006,219,discharge,24,[2008.       5.       3.       4.      13.       8.609],3.4537077937586056,2.3930328819230717,4.181860480163402,0.24848682009830836,-1.7857963808615818,-2.014097659688176,0.0007636707747866177,0.6325019447665697,32.40219271195366,24.115666972211724,39.20051799483514,3.8463769615603374,3186.297,,,,,1.567137636713563,,,,,,,
B0006,220,impedance,24,[2008.       5.       3.       5.       7.      41.812],,,,,,,,,,,,,,,,,,,826.1272772134198,338.98408145798356,2.5303503822860107,0.2031090459881425,,0.06842378612071928,0.0901555365219136
B0006,221,charge,24,[2008.       5.       3.       5.      39.      33.921],4.163958276098405,3.2702997833218324,4.201981089851835,0.0774054907143177,0.5663705300732974,-3.710772416523735,1.5186489376166916,0.6037462203184574,25.692906565192622,24.004508743718326,28.902663443706384,1.5607093826607652,10662.468,4.445712568591587,0.5639365037888686,,,,,,,,,,
B0006,222,impedance,24,[2008.       5.       3.       8.      38.      27.484],,,,,,,,,,,,,,,,,,,826.0685559412527,339.40120303331383,2.5196408939188903,0.2021277846201369,,0.06686868471567307,0.08981021390663306
B0006,223,discharge,24,[2008.       5.       3.       9.      10.      19.812],3.4514035349888337,2.3938995980718403,4.183449364094532,0.24884801817648583,-1.7850748194527644,-2.01648199199959,0.0005527600059578974,0.6334473857166003,32.30987415652578,23.949350638183297,39.15878418316098,3.8820938385045634,3176.438,,,,,1.5613446139713882,,,,,,,
B0006,224,impedance,24,[2008.       5.       3.      10.       4.      43.296],,,,,,,,,,,,,,,,,,,825.9349055252314,339.3990479539755,2.522653369270713,0.20233757497864024,,0.06826417312265938,0.09040770934408239
B0006,225,charge,24,[2008.       5.       3.      10.      36.      35.781],4.164464208785288,3.273667148356388,4.202659374028286,0.07668319695953975,0.5710396137689807,-3.708882263474569,1.5203626402499832,0.6026712425519973,25.652455059158342,23.98837247157026,28.83769850148563,1.5469738907766912,10494.625,4.449167993630574,0.5686897558386412,,,,,,,,,,
B0006,226,impedance,24,[2008.       5.       3.      13.      32.      41.671],,,,,,,,,,,,,,,,,,,826.9507011875768,338.14712862531593,2.535503730448133,0.20390556972721027,,0.0675638979208385,0.09093282660720825
B0006,227,discharge,24,[2008.       5.       3.      14.       4.      34.187],3.450781146333252,2.4373294683003053,4.182943907496545,0.24531300054344063,-1.7785916660457872,-2.014359351341952,-9.517952000869487e-05,0.6414164907293518,32.35440526839345,23.94684852697399,39.18225956809825,3.903699189649736,3167.593,,,,,1.5511711892790419,,,,,,,
B0006,228,impedance,24,[2008.       5.       3.      14.      58.      49.093],,,,,,,,,,,,,,,,,,,825.227470531691,340.0415981096583,2.518498426865119,0.2017234704884822,,0.06774703943897442,0.0901563443871731
B0006,229,charge,24,[2008.      5.      3.     15.     30.     41.64],4.165089280369284,3.276020013972198,4.20164780091011,0.07574739403724386,0.5692244878427766,-3.7139202446334973,1.5203479555297505,0.6011288608184159,25.71736135777053,24.052772193453062,28.8794927672878,1.544240641534621,10467.75,4.44925099920064,0.5669264588329337,,,,,,,,,,
B0006,230,impedance,24,[2008.       5.       3.      18.      26.      20.765],,,,,,,,,,,,,,,,,,,827.1927180936251,338.03791046715077,2.5348445127536525,0.20392071846635682,,0.06767916633501396,0.09097518732194294
B0006,231,discharge,24,[2008.       5.       3.      18.      58.      13.468],3.446105572450592,2.3705330061374523,4.182592999177517,0.249252351248828,-1.7727874712030285,-2.016181081460114,0.0015048652079400844,0.6485964889257356,32.4731363791227,24.029360363522056,39.38159156766375,3.9310242954599364,3167.719,,,,,1.5406741606295171,,,,,,,
B0006,232,impedance,24,[2008.       5.       3.      19.      52.      28.578],,,,,,,,,,,,,,,,,,,826.8514980660284,338.57397170678496,2.5311852113198294,0.20344951568218175,,0.06860934588238804,0.09068687374298401
B0006,233,charge,24,[2008.       5.       3.      20.      24.      21.312],4.163425204405361,3.2746012476426976,4.201931662195583,0.07683313360109863,0.5959811734334365,-3.713906926144234,1.5191083639598488,0.6046323527794445,25.864876174531357,24.127132879594093,28.950383897583738,1.5521011772157816,9904.406,4.25759352112676,0.593585352112676,,,,,,,,,,
B0006,234,impedance,24,[2008.      5.      3.     23.     10.     37.25],,,,,,,,,,,,,,,,,,,827.8127009387689,337.3466786541433,2.5425595149311593,0.20485897970157496,,0.0679726933427561,0.09232410955240872
B0006,235,discharge,24,[2008.       5.       3.      23.      42.      30.093],3.4418152533277144,2.351294851260762,4.1775564354981025,0.24876521050750453,-1.7601807681971697,-2.0224281819207026,0.004482527231908509,0.6631565458391762,32.52334649341759,24.054796737761627,39.44712875501599,3.938262085403885,3159.077999999994,,,,,1.5253138744624433,,,,,,,
B0006,236,impedance,24,[2008.       5.       4.       0.      36.      36.703],,,,,,,,,,,,,,,,,,,826.2015454745207,339.35601191673294,2.521643636837138,0.20231290358567666,,0.06856628257658516,0.09028017093370612
B0006,237,charge,24,[2.0080e+03 5.0000e+00 4.0000e+00 1.0000e+00 8.0000e+00 2.9578e+01],4.167052922452991,3.2731662508052812,4.201986370700827,0.07352520288426982,0.5485550099310487,-3.7108207873256394,1.5192943001544128,0.5959200584773715,25.698809219589723,24.04390144816491,28.9326271382961,1.572049587736194,10805.656,4.441215023231802,0.5463358286009294,,,,,,,,,,
B0006,238,impedance,24,[2008.       5.       4.       4.       9.      47.078],,,,,,,,,,,,,,,,,,,827.9508925617225,337.34688962756496,2.5397884828811033,0.20462440393477652,,0.06833354741887734,0.09201668954083403
B0006,239,discharge,24,[2008    5    4    4   41   40],3.445008015985666,2.436845595522602,4.183199732433941,0.24479137176910862,-1.7653027883569699,-2.015670909853089,0.0010131499204386121,0.6571846357909039,32.518264823491045,24.004853828853747,39.40950590627068,3.9548553266160913,3148.829,,,,,1.5301570318067428,,,,,,,
B0006,240,impedance,24,[2008.       5.       4.       5.      35.      36.578],,,,,,,,,,,,,,,,,,,826.8827780323696,338.5753362689873,2.5296301096071105,0.20325551617260937,,0.06838165618496082,0.09097113788599188
B0006,241,charge,24,[2008.       5.       4.       6.       7.      29.546],4.167771935858787,3.27892491810025,4.201881586225614,0.07250265240554733,0.54581489868507,-3.7240225827517524,1.5189953579806983,0.5939167628823002,25.687446717455636,24.02229693145929,28.908083251448843,1.578288498770462,10777.328,4.439611183018379,0.5436287859176806,,,,,,,,,,
B0006,242,impedance,24,[2008.       5.       4.       9.       8.      18.734],,,,,,,,,,,,,,,,,,,828.395708848008,336.72696526055574,2.5465917842848147,0.20545781190523424,,0.06885136093381199,0.0925822548520223
B0006,243,discharge,24,[2008.       5.       4.       9.      40.      11.906],3.441164687975023,2.39030487147494,4.183585552184287,0.2475013732087286,-1.7593486488770236,-2.0154336980599203,0.002939357955384793,0.6641591087376718,32.5437072434024,23.98676553992143,39.48443326993031,3.9769918282845635,3149.094,,,,,1.5246566834474087,,,,,,,
B0006,244,impedance,24,[2008.       5.       4.      10.      34.       8.906],,,,,,,,,,,,,,,,,,,826.9613201078164,338.32923212198966,2.531916920325912,0.20355807745517504,,0.06936455209326015,0.09111307751610045
B0006,245,charge,24,[2008.       5.       4.      11.       6.       2.078],4.16830651099615,3.2778793040923904,4.201620779776264,0.07181864615698651,0.5449248932251932,-3.7220223141933277,1.5183978157408586,0.5926452808583699,25.675400345041066,24.018044797700593,28.89162012676732,1.5816176753650257,10745.86,4.440403271877435,0.5427179953258894,,,,,,,,,,
B0006,246,impedance,24,[2008.       5.       4.      14.       6.      20.031],,,,,,,,,,,,,,,,,,,829.1135305751833,335.9648690879741,2.5545404086817247,0.20638661666402078,,0.06906646906873301,0.0934909607320899
B0006,247,discharge,24,[2008.       5.       4.      14.      38.      13.359],3.443620591429828,2.4892160721496315,4.183170360974043,0.2406026011996967,-1.7526167898737661,-2.014176241235146,0.005138941784565251,0.6716629492050046,32.562223096007365,23.972655907518135,39.4416762582387,3.975934247345534,3140.547,,,,,1.5145492986655427,,,,,,,
B0006,248,impedance,24,[2.008e+03 5.000e+00 4.000e+00 1.500e+01 3.200e+01 1.953e+00],,,,,,,,,,,,,,,,,,,827.6533756386816,337.6518263828953,2.5396499710883838,0.20448386365990645,,0.06981284024900297,0.09154323806605419
B0006,249,charge,24,[2008.       5.       4.      16.       3.      55.281],4.169166700830441,3.282528323487574,4.201757286849718,0.07068948311112175,0.5386889865099006,-3.7240786297616295,1.519370785389264,0.5901188993612917,25.668763538927504,23.998833952625223,28.906891490587697,1.5912144387111988,10806.781,4.43834203048308,0.5364195298372514,,,,,,,,,,
B0006,250,impedance,24,[2008.       5.       4.      19.       5.      14.343],,,,,,,,,,,,,,,,,,,829.5847202819687,335.6452550791533,2.5564141351831604,0.20670642336666759,,0.06870914709601504,0.09387730518518865
B0006,251,discharge,24,[2008.      5.      4.     19.     37.      7.89],3.439943269617906,2.450611393803655,4.183501501534186,0.24316998214821461,-1.7516949849801624,-2.0151247064734266,0.0019635914622084336,0.6726373836789596,32.58978020040808,23.95941142019243,39.53866201326228,4.000898498406376,3131.625,,,,,1.509391504602082,,,,,,,
B0006,252,impedance,24,[2008.       5.       4.      20.      30.      47.687],,,,,,,,,,,,,,,,,,,827.8734358199708,337.18714797595976,2.5458362623162762,0.2051646515175399,,0.06972534834514055,0.09161565328372992
B0006,253,charge,24,[2.0080e+03 5.0000e+00 4.0000e+00 2.1000e+01 2.0000e+00 4.1203e+01],4.169644676616033,3.2821691530410773,4.2018643305032475,0.07003522771440752,0.5365668293237158,-3.7249541026012265,1.5201371815158178,0.5885473677587595,25.633776388554608,23.945555679067976,28.864999475314598,1.6025871865688144,10806.593999999997,4.4377808219178085,0.5343592659601965,,,,,,,,,,
B0006,254,impedance,24,[2.008e+03 5.000e+00 5.000e+00 0.000e+00 4.000e+00 2.500e-01],,,,,,,,,,,,,,,,,,,829.6607482360627,335.8505384672072,2.55472825469998,0.20650515471630423,,0.06952595566680789,0.09418623001298362
B0006,255,discharge,24,[2008.       5.       5.       0.      35.      53.968],3.43602719305159,2.4111946043456745,4.183243008796117,0.24559891719465526,-1.7510429704034998,-2.0150071612077523,0.0010096976995750016,0.6733747307759468,32.57089563557426,23.89672125029287,39.5867547936938,4.02666129809132,3121.907,,,,,1.5039974333050705,,,,,,,
B0006,256,impedance,24,[2.0080e+03 5.0000e+00 5.0000e+00 1.0000e+00 2.9000e+01 2.4203e+01],,,,,,,,,,,,,,,,,,,827.7853007967343,337.5424991047496,2.5394457301548137,0.20459473392383445,,0.06923026401542158,0.09233738103251986
B0006,257,charge,24,[2.008e+03 5.000e+00 5.000e+00 2.000e+00 1.000e+00 1.789e+01],4.169269558498214,3.2821563112618954,4.20177036634956,0.07041232010148861,0.5531008218082921,-3.722659239469784,1.5208625762015822,0.5894505227328192,25.625938785360578,23.884560096688855,28.79786265611228,1.6048568151181284,10429.547,4.4444581769437,0.5506150134048258,,,,,,,,,,
B0006,258,impedance,24,[2008    5    5    4   56   20],,,,,,,,,,,,,,,,,,,828.5975457834651,336.43420426436256,2.552770421302545,0.20601767876828428,,0.06825231466048369,0.09343980119280403
B0006,259,discharge,24,[2008.       5.       5.       5.      28.      13.937],3.436309312279291,2.4609139768640715,4.182038001412004,0.2415711613630848,-1.7388746112390865,-2.0158858292130217,0.0015563666004580641,0.6864768027433327,32.537854347094196,23.846991377084784,39.499752884420865,4.020828997942116,3122.125,,,,,1.4935201918040188,,,,,,,
B0006,260,impedance,24,[2008.       5.       5.       6.      21.      44.546],,,,,,,,,,,,,,,,,,,827.5481224208769,337.7419865619286,2.541099923558891,0.20454296139337802,,0.06891786116947377,0.09149357719093887
B0006,261,charge,24,[2008.       5.       5.       6.      53.      38.406],4.170825436817314,3.2846723040099906,4.201750349741588,0.06833483708684834,0.5317686354461681,-3.7126007250396476,1.5201997802283505,0.5848591020187193,25.457904643596315,23.658602601204933,28.740807964185244,1.6549254224184646,10807.094,4.436270563890327,0.5293949818934299,,,,,,,,,,
B0006,262,impedance,24,[2008.      5.      5.      9.     54.     58.25],,,,,,,,,,,,,,,,,,,830.6793349463575,334.38100231250735,2.5731468571273735,0.2085571838797399,,0.06960330384223117,0.09561343002331575
B0006,263,discharge,24,[2008.     5.     5.    11.    41.    31.5],3.430470227771154,2.378420264362521,4.182440318401142,0.24728531582711172,-1.738622547139575,-2.0170367841185635,0.00120406950854599,0.6863796794736801,32.65645090520509,23.868790356430857,39.9686395722832,4.103220643198136,3121.672,,,,,1.4876323024497422,,,,,,,
B0006,264,charge,24,[2008.       5.       5.      17.      40.      16.687],4.174750285186774,3.315305037032042,4.201796095184764,0.06059860581287904,0.5282992088670135,-3.75500778976295,1.5192170075794829,0.578236560680513,25.836963360909557,24.441035456160982,29.03089109050934,1.4725947905354364,10719.016,4.4396603182885475,0.5262752413253327,,,,,,,,,,
B0006,265,discharge,24,[2008.       5.       5.      20.      40.       8.562],3.4417311090871063,2.3844697219937414,4.189962701965466,0.25068575483973593,-1.7870762809520677,-2.015207980747731,0.0004792431384679534,0.6310954422556229,33.180785234653264,24.45395460946014,40.42668250871336,4.098677157793769,3120.86,,,,,1.5302876214401704,,,,,,,
B0006,266,impedance,24,[2008.      5.      5.     21.     33.     38.39],,,,,,,,,,,,,,,,,,,828.4830761432253,336.42338976702945,2.550383763682293,0.20588029886222334,,0.07057714520177544,0.0924269028093456
B0006,267,charge,24,[2008.     5.     5.    22.     5.    32.5],4.1691977730813585,3.276447092572885,4.201926818039459,0.07096222396620294,0.5473746353612304,-3.7165828196647213,1.5180297101958384,0.589384866916514,25.705316618203263,23.897188064354452,29.11199322326797,1.6741399766935643,10806.437000000005,4.44123210131817,0.5448562936159216,,,,,,,,,,
B0006,268,impedance,24,[2.0080e+03 5.0000e+00 6.0000e+00 1.0000e+00 6.0000e+00 5.2015e+01],,,,,,,,,,,,,,,,,,,830.0058155482161,334.9198412662813,2.56511046327723,0.2076731567960871,,0.06944383967261045,0.09508674404018921
B0006,269,discharge,24,[2.0080e+03 5.0000e+00 6.0000e+00 1.0000e+00 3.8000e+01 4.6265e+01],3.4355429213552537,2.448639661640692,4.181214475643097,0.24384503322302606,-1.7612682208672186,-2.013340550431054,0.0013906428309179838,0.6615169962236325,32.71220835503141,23.812647163051572,40.02451449021777,4.174127825229612,3103.828,,,,,1.5040760088360112,,,,,,,
B0006,270,impedance,24,[2.0080e+03 5.0000e+00 6.0000e+00 2.0000e+00 3.1000e+01 5.9093e+01],,,,,,,,,,,,,,,,,,,828.1080874887069,336.9531519425338,2.5492318385776938,0.20546432537152026,,0.06983595497026351,0.09248565148585214
B0006,271,charge,24,[2008.      5.      6.      3.      3.     53.39],4.171119131265599,3.2826435724173706,4.202109746188843,0.06799900029851622,0.5362529770375111,-3.727192287204725,1.5195332864665034,0.5838771255160624,25.199061438892777,23.446272565266884,28.548022058686282,1.666903343578407,10805.265,4.43761574313827,0.5335191610564475,,,,,,,,,,
B0006,272,impedance,24,[2008.       5.       6.       6.       5.      11.921],,,,,,,,,,,,,,,,,,,830.1867089559204,334.801409376582,2.5649957316622993,0.2075855167222502,,0.0692409257238966,0.09541147475162996
B0006,273,discharge,24,[2008.       5.       6.       6.      37.       6.296],3.4272336842373576,2.362869757217078,4.182157933832856,0.24872769369277464,-1.7545532300777185,-2.0143052426244057,0.001681226390227438,0.6692392427565726,32.543943889007906,23.379533041996073,40.02167483360719,4.293837140083576,3095.094,,,,,1.4887593608730894,,,,,,,
B0006,274,impedance,24,[2008.       5.       6.       7.      30.      10.578],,,,,,,,,,,,,,,,,,,828.9387817006588,336.34206721810676,2.550082257782513,0.20596665259703273,,0.06990013486335687,0.09343565348198297
B0006,275,charge,24,[2.008e+03 5.000e+00 6.000e+00 8.000e+00 2.000e+00 5.062e+00],4.170591339259446,3.2804947276742316,4.2017192249136555,0.06839427772814011,0.5613395046884002,-3.7178619152316905,1.518163005253035,0.5853944088450628,25.244891582118854,23.52403816172132,28.440539775376276,1.6266976482305215,10208.062,4.450194070820753,0.5588270656052704,,,,,,,,,,
B0006,276,impedance,24,[2008.       5.       6.      10.      53.      26.531],,,,,,,,,,,,,,,,,,,830.6637195843342,334.3513068191778,2.572609727728076,0.20854370674707876,,0.07018023704211739,0.09580053634249773
B0006,277,discharge,24,[2008.       5.       6.      11.      25.      21.031],3.4307536518687556,2.479712742728869,4.1802491747767325,0.23981868986409427,-1.7364250156958492,-2.01522796444188,0.006848118425125903,0.6892528926488453,32.6655410721976,23.483667289937664,40.078211781584145,4.279541188128675,3095.781,,,,,1.4782779285546637,,,,,,,
B0006,278,impedance,24,[2008.       5.       6.      12.      18.      26.171],,,,,,,,,,,,,,,,,,,829.4725702376328,335.2924753644948,2.564215226304915,0.2074414120750249,,0.07073773149658581,0.09452066543188685
B0006,279,charge,24,[2008.       5.       6.      12.      50.      20.781],4.17248276051658,3.2862606278339714,4.201926859597692,0.06607141031678425,0.5272464603595833,-3.7203502596234315,1.5196045434514844,0.5797335457318953,25.478299525410506,23.930176119667124,28.73984325523221,1.5936036426423175,10807.219,4.435597513597513,0.5252318052318053,,,,,,,,,,
B0006,280,impedance,24,[2008.       5.       6.      15.      51.      41.546],,,,,,,,,,,,,,,,,,,830.5465346641191,333.978134258108,2.5744080636473314,0.20874414663509278,,0.07032112501568692,0.09530176637205882
B0006,281,discharge,24,[2008.       5.       6.      16.      23.      36.296],3.430880434209888,2.4609902569842412,4.182775550999248,0.2412584602938845,-1.7371686757879778,-2.0164424024266667,0.0002472528891452739,0.6891473173604608,33.160922870564626,23.948764926788748,40.565789328351094,4.287969337587418,3094.328,,,,,1.478459982215684,,,,,,,
B0006,282,impedance,24,[2008.       5.       6.      17.      16.      40.109],,,,,,,,,,,,,,,,,,,829.0316122956516,335.6829258750677,2.5598061749353396,0.20692802795478704,,0.07084182825182998,0.09379226536803063
B0006,283,charge,24,[2008.       5.       6.      17.      48.      34.906],4.172394176533348,3.288103063162418,4.201876108488853,0.06635913419541761,0.5256098272283878,-3.7196598180974716,1.5197897213415825,0.5805155048227831,26.03924515455654,24.363105107496228,29.323806526810927,1.614950432552177,10805.906,4.435482133609529,0.5236897980321078,,,,,,,,,,
B0006,284,impedance,24,[2008.       5.       6.      20.      49.      54.421],,,,,,,,,,,,,,,,,,,829.9294997782499,334.92084247744583,2.567336664277517,0.20782634215790238,,0.06930780981897802,0.09454813120638911
B0006,285,discharge,24,[2008.       5.       6.      21.      21.      49.265],3.431984614031654,2.4794507375590507,4.182970513713943,0.2403918787539756,-1.7358183569582517,-2.0141732645976056,0.001003005257382598,0.6899134259363504,33.414445545408455,24.305636072230342,40.75221353269305,4.242923162320275,3086.531,,,,,1.473214844899973,,,,,,,
B0006,286,impedance,24,[2008.       5.       6.      22.      14.      45.453],,,,,,,,,,,,,,,,,,,829.5098315590741,335.4378241758205,2.564514463424126,0.20733212206323082,,0.07177894475349142,0.09233933765862073
B0006,287,charge,24,[2008.       5.       6.      22.      46.      40.375],4.172402910068512,3.2864892242104498,4.201796006870495,0.06626174980356209,0.5305256662407059,-3.7361043865059695,1.5201851824809516,0.5800033188275904,25.97604259369371,24.237954418282285,29.28336283016691,1.665851010706202,10655.937000000005,4.436686284813453,0.5283859695218077,,,,,,,,,,
B0006,288,impedance,24,[2.0080e+03 5.0000e+00 7.0000e+00 1.0000e+00 4.5000e+01 3.0125e+01],,,,,,,,,,,,,,,,,,,831.0716146943987,333.60458504799675,2.5809001808224097,0.20940466092735396,,0.07066012489753228,0.09558033908197718
B0006,289,discharge,24,[2.0080e+03 5.0000e+00 7.0000e+00 2.0000e+00 1.7000e+01 2.5156e+01],3.426913589626702,2.421513989921717,4.182588389688278,0.24353313719762423,-1.7297302660430056,-2.0145333122938633,0.001953863417311998,0.696447397100997,33.3541679486525,24.16642252229391,40.71162611325717,4.274654939428474,3085.625,,,,,1.4675164935067897,,,,,,,
B0006,290,impedance,24,[2008.       5.       7.       3.      10.      20.671],,,,,,,,,,,,,,,,,,,829.082911778872,335.6247700649178,2.55771920959264,0.20679300819681332,,0.07090729696873323,0.0926979751716576
B0006,291,charge,24,[2008.      5.      7.      3.     42.     15.75],4.171688063914414,3.28561007295432,4.20180072733435,0.06695477459495376,0.5556766910790686,-3.7314326696173303,1.5198322885662567,0.58149720973682,25.919206758618333,24.087656315561713,29.144799251099133,1.6716922269752494,10117.172,4.4478516772941505,0.5533268644302745,,,,,,,,,,
B0006,292,impedance,24,[2008.       5.       7.       6.      32.       6.906],,,,,,,,,,,,,,,,,,,831.2048637398103,333.4393139850226,2.5799814665521787,0.20939390585055875,,0.07048796563268331,0.09637484690828765
B0006,293,discharge,24,[2008.       5.       7.       7.       4.       2.109],3.4220422356705154,2.3927989623544175,4.180388252515709,0.24505211094966728,-1.7278671098991139,-2.0150807231044525,0.002464932477340866,0.698121088593313,33.13634596100404,23.980795554734595,40.58721297402195,4.272886579538151,3067.203,,,,,1.4516292657521335,,,,,,,
B0006,294,impedance,24,[2008.      5.      7.      7.     56.     39.25],,,,,,,,,,,,,,,,,,,828.8101875745546,336.22683747075945,2.5519274736580653,0.20603710673164455,,0.07018463941503206,0.09351139693183291
B0006,295,charge,24,[2008.       5.       7.       8.      28.      34.453],4.174044409713007,3.2832134531371553,4.201611600487684,0.06401331034258256,0.5190921315878818,-3.7359698146172473,1.519187349144833,0.5739164676230412,25.445615862630408,23.69391699291558,28.784111097347363,1.6851765440502913,10805.86,4.432626134301271,0.5168006222452683,,,,,,,,,,
B0006,296,impedance,24,[2008.       5.       7.      11.      29.      54.546],,,,,,,,,,,,,,,,,,,832.3857928296802,332.4166077526452,2.5905414350172715,0.21070829142271252,,0.071253157527167,0.09693308592499948
B0006,297,discharge,24,[2.0080e+03 5.0000e+00 7.0000e+00 1.2000e+01 1.0000e+00 4.9906e+01],3.4202687142856667,2.410475236770924,4.182476201666448,0.2445224118963859,-1.7269073147637581,-2.0151017082510445,0.0011413024919993738,0.6989995507446921,32.92241762841388,23.638284377724087,40.37035790264624,4.331246781656428,3058.157,,,,,1.4519237720967177,,,,,,,
B0006,298,impedance,24,[2008.      5.      7.     12.     54.     18.25],,,,,,,,,,,,,,,,,,,830.5224688039829,334.4243090600838,2.570304394576208,0.20833926139673675,,0.07186743983607999,0.09465159812302526
B0006,299,charge,24,[2008.       5.       7.      13.      26.      13.671],4.174780078270172,3.2849485831676315,4.201714765160048,0.06280481872152703,0.5158010234199554,-3.7365704864341165,1.5183389764551052,0.5719192364733714,25.395678108430275,23.776359667744018,28.679483623785192,1.6356482280267695,10806.328,4.4320391495981335,0.5137021000777806,,,,,,,,,,
B0006,300,impedance,24,[2008.       5.       7.      16.      27.      34.437],,,,,,,,,,,,,,,,,,,832.5094154937797,331.6564251582557,2.5962022449293336,0.21147332114006576,,0.07290881656804299,0.0968587759009549
B0006,301,discharge,24,[2008.       5.       7.      16.      59.      29.937],3.4248208106770663,2.4915333699239977,4.182567814531136,0.23871895764328246,-1.7211995934038338,-2.015773418279684,0.0003841275623097243,0.705261585612315,33.20338483123576,23.829441222036376,40.667923693760464,4.359498212766225,3058.812,,,,,1.4471484694777745,,,,,,,
B0006,302,impedance,24,[2008.       5.       7.      17.      51.      59.125],,,,,,,,,,,,,,,,,,,830.4867461272029,334.4594763842578,2.572177828035094,0.20839299395394706,,0.07182020327017155,0.09406289629370085
B0006,303,charge,24,[2008.       5.       7.      18.      23.      54.687],4.174543851075507,3.29127899623165,4.2018926754376515,0.06314821351056608,0.5170220533466728,-3.7308436109738667,1.5194792004322968,0.5726448654978363,25.907732220074237,24.237738530612976,29.19580828168184,1.6474982543676802,10744.828,4.432926689277329,0.514899295590921,,,,,,,,,,
B0006,304,impedance,24,[2008    5    7   21   24   14],,,,,,,,,,,,,,,,,,,832.4030544502638,332.22439446596394,2.59216679480223,0.21095609002616864,,0.0725103674563298,0.09660159139822988
B0006,305,discharge,24,[2008.       5.       7.      21.      56.       9.656],3.4234990883192666,2.444861994529003,4.182606347806988,0.24156011251597115,-1.721141114732718,-2.0165661835906454,0.001218107513799628,0.70520381156388,33.533950654066935,24.20984647694025,40.990356883952465,4.344683946650958,3058.578,,,,,1.4468538105659885,,,,,,,
B0006,306,impedance,24,[2008.      5.      7.     22.     48.     38.75],,,,,,,,,,,,,,,,,,,830.4900962947067,334.3611276951212,2.5709069524390027,0.20842942903195985,,0.07177478049617578,0.09532003488084542
B0006,307,charge,24,[2008.       5.       7.      23.      20.      34.515],4.174566149404988,3.2913541777932447,4.201797518925969,0.06321747386672572,0.5142582127835251,-3.7302994526820052,1.520201034939838,0.5722382694810308,26.05226931839347,24.32231510818399,29.373049314501156,1.6784222986872868,10804.797000000006,4.431761867704281,0.5120757457846953,,,,,,,,,,
B0006,308,impedance,24,[2.0080e+03 5.0000e+00 8.0000e+00 2.0000e+00 2.1000e+01 5.4109e+01],,,,,,,,,,,,,,,,,,,832.0589367630514,332.856325270728,2.5848329445787983,0.21018536262241616,,0.07088794010729621,0.09740741420439394
B0006,309,discharge,24,[2.0080e+03 5.0000e+00 8.0000e+00 2.0000e+00 5.3000e+01 4.9937e+01],3.4247420964314874,2.4840755398082255,4.183047552179642,0.2394044963910197,-1.7200547727480755,-2.018144057635402,0.00043057445010054817,0.7063056423778308,33.5767934055627,24.27322345224107,40.997744028174516,4.336933667265993,3049.328,,,,,1.4416741930284678,,,,,,,
B0006,310,impedance,24,[2008.       5.       8.       3.      46.       9.968],,,,,,,,,,,,,,,,,,,829.3173153853253,335.43056505635144,2.5604949512376036,0.20705185240069487,,0.07036836968833657,0.09274330283644272
B0006,311,impedance,24,[2008.       5.       9.      11.      53.      10.593],,,,,,,,,,,,,,,,,,,831.2545993818444,333.2588127689103,2.5827528968098936,0.2097527626167619,,0.07141473238066469,0.09614920599785416
B0006,312,discharge,24,[2008    5    9   12   25    7],3.450702139255875,2.479017302613424,4.222516216835943,0.24986811906504275,-1.8210481343824243,-2.0143333289759338,0.00029206186344975406,0.5870046814200932,33.224088400657315,24.058176844558602,40.77265883698999,4.292984862195963,3177.219,,,,,1.5935866593100128,,,,,,,
B0006,313,impedance,24,[2008.       5.       9.      13.      19.      35.703],,,,,,,,,,,,,,,,,,,827.6581628232615,337.21053358997517,2.5459035997016746,0.20516310186500877,,0.07075152805097641,0.09048196250260114
B0006,314,charge,24,[2008.       5.       9.      17.      26.      51.968],4.173693627167618,3.313706111247205,4.201775391106608,0.06228271631617052,0.5295779915724358,-3.783602805806672,1.518304456917839,0.5821311921588019,25.93431372564645,24.549767773921218,29.14752722153641,1.4497458749050494,10802.578,4.437429052304506,0.5277001553599172,,,,,,,,,,
B0006,315,discharge,24,[2008.       5.       9.      20.      28.       9.734],3.4480475429907522,2.4820670710190385,4.1909374470770855,0.24289182353294878,-1.821445703423604,-2.016338466932382,0.00020266112069095444,0.5868021780918599,33.37083344726966,24.676724380143,40.522204934304625,4.07675840902897,3082.937,,,,,1.5463902376915637,,,,,,,
B0006,316,impedance,24,[2008.       5.       9.      21.      21.       3.765],,,,,,,,,,,,,,,,,,,827.6643525642406,336.93428642187536,2.5474304971489237,0.20532101725232552,,0.07083150479026026,0.09066604075689752
B0006,317,charge,24,[2.008e+03 5.000e+00 9.000e+00 2.100e+01 5.300e+01 2.810e-01],4.167560827475247,3.2844122662863153,4.201674132878917,0.07290086664583793,0.5612710324917061,-3.7334837603402944,1.5185261920907347,0.5938085304218496,26.51775579342402,24.801007287131895,29.818832673562348,1.6157352467174184,10544.452999999994,4.446354094884708,0.5589931089318845,,,,,,,,,,
B0006,318,impedance,24,[2008.       5.      10.       0.      49.      59.984],,,,,,,,,,,,,,,,,,,829.1713239761679,335.65989295291007,2.560046755713984,0.2068859649905251,,0.07030413873328058,0.0930529362512398
B0006,319,discharge,24,[2.008e+03 5.000e+00 1.000e+01 1.000e+00 2.100e+01 5.650e+01],3.4399481891896455,2.452449045714353,4.183028520369727,0.24242933169344988,-1.7899159936953069,-2.0145951136219593,0.0019503732302666096,0.6278130340643914,33.43366634309322,24.71374963671338,40.57746834859555,4.0943289069244875,3074.266,,,,,1.51470559175661,,,,,,,
B0006,320,impedance,24,[2.0080e+03 5.0000e+00 1.0000e+01 2.0000e+00 1.4000e+01 4.2109e+01],,,,,,,,,,,,,,,,,,,828.6323571573997,336.1474689899282,2.558185620889592,0.20659459143606695,,0.07118362015441645,0.0928235588614077
B0006,321,charge,24,[2.0080e+03 5.0000e+00 1.0000e+01 2.0000e+00 4.6000e+01 3.8734e+01],4.169913578643362,3.2926353189052597,4.201830959999943,0.06960942483985026,0.5429231051487384,-3.7456372760155343,1.5192202336201115,0.5880816174962391,26.296792336298168,24.545559789386072,29.655105623519365,1.6602832755252328,10701.125,4.439871701071336,0.5406647504572774,,,,,,,,,,
B0006,322,impedance,24,[2008.       5.      10.       5.      46.      15.296],,,,,,,,,,,,,,,,,,,830.4756667928264,334.326649013941,2.570799265711637,0.20836155228309639,,0.07156671814928477,0.09367023927457886
B0006,323,discharge,24,[2008    5   10    6   18   12],3.434112914501242,2.4198491932573414,4.1838942747302825,0.24449013265629163,-1.7769345930773324,-2.0144018884289827,0.0005084867021221242,0.6433896249887968,33.28676739403043,24.452648939888725,40.516963879873735,4.148554523311033,3066.0,,,,,1.4989786083335404,,,,,,,
B0006,324,impedance,24,[2008.       5.      10.       7.      10.      49.593],,,,,,,,,,,,,,,,,,,828.6983292312756,336.1739775550206,2.5532092174445076,0.20627656024871274,,0.07131586967408446,0.09263070337895823
B0006,325,charge,24,[2008.       5.      10.       7.      42.      46.312],4.171532395838358,3.2936425274094803,4.201992281469841,0.06741609205083941,0.5314085837429656,-3.753407683849187,1.5188649770233784,0.5835829006886665,26.03904064199693,24.301696890984122,29.39030853998228,1.6663152753728476,10805.813,4.435806935817805,0.5291534679089028,,,,,,,,,,
B0006,326,impedance,24,[2008.       5.      10.      10.      44.       7.859],,,,,,,,,,,,,,,,,,,830.9823346548219,333.89922112108235,2.573738688352129,0.20880489124768722,,0.07235057565104601,0.09440345976365576
B0006,327,discharge,24,[2008.       5.      10.      11.      16.       4.843],3.4325600940363916,2.4706823501191706,4.1839835007856605,0.24110307279068668,-1.7640032117743045,-2.015270624937178,0.0007359350635753225,0.6586649159229433,33.14347737377552,24.224651493389036,40.34325381638243,4.160423251021807,3056.437,,,,,1.4831110745410492,,,,,,,
B0006,328,impedance,24,[2008.       5.      10.      12.       8.      32.875],,,,,,,,,,,,,,,,,,,828.8853455550758,335.9664929644743,2.5597910733345635,0.20679196670017422,,0.07082699476931537,0.09249135121320001
B0006,329,charge,24,[2008.      5.     10.     12.     40.     29.89],4.172498324803942,3.2975249524469494,4.201883915537131,0.06608652321288028,0.5310585279680569,-3.7589381052953175,1.520441444540272,0.5806803891846691,25.90252654964816,24.17181517363347,29.205477681579126,1.6567288034565821,10693.438,4.437078857741683,0.5288553838092743,,,,,,,,,,
B0006,330,impedance,24,[2008.      5.     10.     15.     39.     59.14],,,,,,,,,,,,,,,,,,,830.2603167496476,334.48705063119115,2.57132891093454,0.2082960077090359,,0.07033788263426383,0.09507092273616935
B0006,331,discharge,24,[2008.       5.      10.      16.      11.      56.109],3.4270614887575657,2.413759774558071,4.183640209073579,0.24425389866866307,-1.7571701008871028,-2.015800833534411,0.002124212914898989,0.666669840838828,33.11021541795579,24.107818019162874,40.39341126895154,4.218777608920164,3048.219,,,,,1.4729664825468278,,,,,,,
B0006,332,impedance,24,[2008.       5.      10.      17.       4.      16.015],,,,,,,,,,,,,,,,,,,828.9426488074196,335.77551196526457,2.5594785429503237,0.2068471593165405,,0.0712990567757895,0.09306498833833467
B0006,333,charge,24,[2008.       5.      10.      17.      36.      13.062],4.1731887388414854,3.2971122960076675,4.201969977221339,0.0650325004537354,0.5267581441465317,-3.7456212649020735,1.5187484798968005,0.5781833657674496,25.877092731363224,24.193856826283188,29.153216648671478,1.6440476428911805,10708.406,4.4357676609105186,0.5246339612768185,,,,,,,,,,
B0006,334,impedance,24,[2008.       5.      10.      20.      35.      57.437],,,,,,,,,,,,,,,,,,,831.5695910132044,333.30548160119633,2.5803103247510006,0.20960236113452438,,0.07148316063857231,0.09546831610525248
B0006,335,discharge,24,[2008.       5.      10.      21.       7.      54.625],3.427340316812041,2.4562499847243027,4.183387047926521,0.24148071569208399,-1.7502670210777267,-2.0153848289913054,0.0017289535444482576,0.6742901923854049,33.18991802149879,24.152350848480747,40.46341487442664,4.226492089676788,3039.218,,,,,1.4627604396099307,,,,,,,
B0006,336,impedance,24,[2008.       5.      10.      22.       0.       5.781],,,,,,,,,,,,,,,,,,,829.817335194634,335.11945872351737,2.565300217468301,0.2076409891911616,,0.07153178049404317,0.09395541657590765
B0006,337,charge,24,[2008.       5.      10.      22.      32.       2.937],4.173938904887936,3.3000869841605884,4.201695282300284,0.06394769114333751,0.5187408122236844,-3.750365620802588,1.5223628180045232,0.5754148811035174,25.93141642274133,24.263591450611333,29.22524462438927,1.6472253183930732,10805.297000000006,4.433189266269122,0.5166816178376977,,,,,,,,,,
B0006,338,impedance,24,[2.0080e+03 5.0000e+00 1.1000e+01 1.0000e+00 3.3000e+01 2.4437e+01],,,,,,,,,,,,,,,,,,,831.9912073329891,332.61041063612834,2.5916391030736023,0.21078236391898286,,0.07177878179971342,0.09678915937102545
B0006,339,discharge,24,[2.0080e+03 5.0000e+00 1.1000e+01 2.0000e+00 5.0000e+00 2.1796e+01],3.423482197888437,2.401794655879554,4.18356344388626,0.24464245573487717,-1.7439614243216512,-2.017707476586292,0.0015255121086987376,0.6811805311767779,33.26265398635676,24.1926071662797,40.5818264138806,4.237392666333103,3039.047,,,,,1.4518364681062514,,,,,,,
B0006,340,impedance,24,[2.0080e+03 5.0000e+00 1.1000e+01 2.0000e+00 5.7000e+01 3.2984e+01],,,,,,,,,,,,,,,,,,,829.9787981272667,334.7460039676796,2.5693289372496175,0.20814369179371006,,0.07210470131692288,0.09426903728901763
B0006,341,charge,24,[2008.       5.      11.       3.      29.      30.359],4.173400552968585,3.2982282177754296,4.201772117189957,0.06450962077573401,0.537581223293564,-3.7574072516860855,1.518909244260414,0.5769507542836946,26.008428132103052,24.274259402357515,29.215805701192597,1.6496033808627666,10363.61,4.441483216025989,0.5354510016242556,,,,,,,,,,
B0006,342,impedance,24,[2008.      5.     11.      6.     23.     30.25],,,,,,,,,,,,,,,,,,,832.4821497257202,332.08920472462836,2.5932045746428942,0.21111117920899458,,0.07217659052012376,0.09731548106056298
B0006,343,discharge,24,[2008.       5.      11.       6.      55.      27.734],3.4220957701069374,2.4087687236133313,4.18171248971767,0.243681234330419,-1.736850855663561,-2.0198780169470747,0.0017135739999164965,0.6887151482292208,33.299978841087025,24.238609855596458,40.61670777074496,4.240456106278274,3030.375,,,,,1.4468670644030392,,,,,,,
B0006,344,impedance,24,[2008.       5.      11.       7.      47.      30.468],,,,,,,,,,,,,,,,,,,830.3739957495696,334.48338629592854,2.5713341917846244,0.20838501982153101,,0.07254046891986726,0.09511625677952429
B0006,345,charge,24,[2008.       5.      11.       8.      19.      27.953],4.174885302655925,3.298656614783053,4.201969015097004,0.06268831292252998,0.5140370084774509,-3.763946782178309,1.5207170190793344,0.5721430616600064,25.9304594999863,24.24852576858128,29.22328146275053,1.6557803071450463,10805.094,4.431027230290456,0.5119774377593361,,,,,,,,,,
B0006,346,impedance,24,[2008.       5.      11.      11.      20.      49.578],,,,,,,,,,,,,,,,,,,832.7937420345296,331.9185345695217,2.5962165840558815,0.21139668318096327,,0.07275773932145782,0.09742370041141407
B0006,347,discharge,24,[2008.       5.      11.      11.      52.      47.187],3.421883545422636,2.4308118485818704,4.1832473219705815,0.24249235318123782,-1.7360045229798653,-2.0197856871193367,0.0020383190496457725,0.6896541510589468,33.31663547841367,24.191028062692588,40.631647661681036,4.260205034784692,3021.0,,,,,1.441380399427779,,,,,,,
B0006,348,impedance,24,[2008.       5.      11.      12.      44.      40.703],,,,,,,,,,,,,,,,,,,830.1346294917545,334.7130433727341,2.5694549728914358,0.20811926326557806,,0.07242420049463154,0.09419821095899443
B0006,349,charge,24,[2008.      5.     11.     13.     16.     38.64],4.175318199908142,3.300089635477575,4.2018966162936255,0.06199368496191092,0.5110755594792638,-3.762720455293621,1.5194994720462724,0.5704565588767226,25.947381066960602,24.278622651282593,29.231872906886423,1.6562054888536712,10805.5,4.430213599792371,0.5090280301064106,,,,,,,,,,
B0006,350,impedance,24,[2.008e+03 5.000e+00 1.100e+01 1.600e+01 1.800e+01 8.120e-01],,,,,,,,,,,,,,,,,,,831.5882566249992,333.2087401089857,2.582455265084666,0.20973243605603561,,0.07161196696477634,0.09618267512171286
B0006,351,discharge,24,[2008.       5.      11.      16.      49.      58.921],3.4195777411151886,2.398886415333129,4.183049768329545,0.24428631492877723,-1.729690117077797,-2.015287001210607,0.0021980860706101134,0.6962675710854851,33.39150630507064,24.226474805349635,40.74323383889164,4.280804367288263,3021.75,,,,,1.431210744960774,,,,,,,
B0006,352,impedance,24,[2008.       5.      11.      17.      41.      53.265],,,,,,,,,,,,,,,,,,,829.9530472810537,334.607086289292,2.571816067976686,0.20832084433060052,,0.07177274897642728,0.09431269324325077
B0006,353,charge,24,[2008.       5.      11.      18.      13.      51.109],4.175615707899823,3.299869457743646,4.201708649732984,0.061507081446109044,0.5091562583031799,-3.7526750253731245,1.5197983595032618,0.5690729060449339,25.97159894270595,24.27575289488361,29.272600835493,1.6679356950676834,10806.844,4.4297848429794975,0.5071173111860888,,,,,,,,,,
B0006,354,impedance,24,[2008.       5.      11.      21.      15.      14.843],,,,,,,,,,,,,,,,,,,833.2487057296876,331.3381228288919,2.6045114636156614,0.2122065762917942,,0.07236285655797875,0.09800608224040097
B0006,355,discharge,24,[2008.       5.      11.      21.      47.      12.843],3.4175281789596474,2.3814379490849835,4.1830924980863315,0.24533925383722666,-1.7287954627467013,-2.013949066691416,0.0005566103878417646,0.697047878700166,33.41522427488497,24.22178922960351,40.81715493531611,4.299262709763484,3012.265,,,,,1.4260247179525716,,,,,,,
B0006,356,impedance,24,[2008.       5.      11.      22.      38.      57.843],,,,,,,,,,,,,,,,,,,830.2167323616777,334.8730099340558,2.567633122315761,0.207947836993146,,0.07197325031942853,0.09403994753481937
B0006,357,charge,24,[2008.       5.      11.      23.      10.      55.875],4.175150889309921,3.2997744701611627,4.201967903302304,0.062217224691947674,0.5281951183651556,-3.755317908269853,1.5192846931004707,0.5710937842916222,26.033603358388206,24.268363037250705,29.24185694673003,1.6689349452124325,10367.906000000003,4.439154387865656,0.5259108884073673,,,,,,,,,,
B0006,358,impedance,24,[2.008e+03 5.000e+00 1.200e+01 2.000e+00 5.000e+00 7.030e-01],,,,,,,,,,,,,,,,,,,832.3822721129469,332.27346135301156,2.5952257685361357,0.21111547546356427,,0.07217187946582546,0.09754420653220938
B0006,359,discharge,24,[2.0080e+03 5.0000e+00 1.2000e+01 2.0000e+00 3.6000e+01 5.8921e+01],3.4197860540725715,2.459885297095542,4.181536580807847,0.24035187594624083,-1.7216729981632184,-2.015065571425412,0.0018803136776330096,0.7045973768027333,33.39690850726103,24.207764443084063,40.72877617289365,4.279105256934157,3002.641,,,,,1.420487649966195,,,,,,,
B0006,360,impedance,24,[2008.       5.      12.       3.      28.      34.484],,,,,,,,,,,,,,,,,,,830.787696330964,334.1135396974526,2.5741547051136457,0.20876123092915178,,0.07218496036569667,0.09436432368311946
B0006,361,charge,24,[2008.       5.      12.       4.       0.      32.718],4.1765045776973535,3.300219089371757,4.201778290985763,0.06024059452203935,0.5046139977332915,-3.763354669678761,1.5195124096451034,0.5657600151846999,25.90982967799584,24.202735119404416,29.203986172484676,1.67416190722164,10806.719,4.427731308411214,0.5024865005192108,,,,,,,,,,
B0006,362,impedance,24,[2008.       5.      12.      12.      24.      36.453],,,,,,,,,,,,,,,,,,,833.4974650512619,330.955026006614,2.6064322289901,0.21260369359813217,,0.07327514105662862,0.09816756377374604
B0006,363,discharge,24,[2008.       5.      12.      12.      56.      34.781],3.4171369298988705,2.4007285025453995,4.172034399629829,0.24069187953555218,-1.7228162229694663,-2.0151971595728613,0.0022542409730723326,0.703674489345141,33.73731993653,24.266994666970984,41.45494452672042,4.4640444489608955,3012.0,,,,,1.4207006230355006,,,,,,,
B0006,364,impedance,24,[2008.      5.     12.     13.     48.     19.89],,,,,,,,,,,,,,,,,,,830.3303013774163,334.42177383172293,2.574067153738253,0.2086466492061582,,0.07255344400984245,0.09400039614590885
B0006,365,charge,24,[2008.      5.     12.     16.     11.     11.14],4.176745651188443,3.3087416652324673,4.201694216136269,0.05817723296671038,0.5411517215093412,-3.7551825062891337,1.5185838718623654,0.5704016153647394,26.41227975974544,25.000055146601042,29.530053408982685,1.5144902316668853,10043.172,4.444221880246222,0.5393578623391159,,,,,,,,,,
B0006,366,discharge,24,[2008.       5.      12.      18.      59.      59.453],3.4305347141293625,2.472830716079143,4.188427549455566,0.23954452760941822,-1.7486639022205694,-2.0180838913239434,0.008152353556458646,0.6766364586222329,34.08965316576344,25.010523307428713,41.39678877103747,4.2491873703569984,3020.11,,,,,1.452255804330839,,,,,,,
B0006,367,impedance,24,[2008.       5.      12.      19.      51.      52.953],,,,,,,,,,,,,,,,,,,830.2448313430035,334.3811983782976,2.574747651403778,0.20870554559927246,,0.07279898453381024,0.0935192293551594
B0006,368,charge,24,[2008.       5.      12.      20.      23.      51.828],4.17382701715403,3.3025322242204087,4.201799253685489,0.06428639831917057,0.5290052736469802,-3.760096811017353,1.5198417028632139,0.5755159616040959,26.686445558767225,24.902188725907628,30.003136543658723,1.6903714890148438,10569.812,4.437055688146381,0.5269774595597985,,,,,,,,,,
B0006,369,impedance,24,[2008.       5.      12.      23.      21.      19.078],,,,,,,,,,,,,,,,,,,833.0835253552782,331.6122419449201,2.5995436393652382,0.21183786569139088,,0.0737422116355231,0.09682011701371697
B0006,370,discharge,24,[2008.       5.      12.      23.      53.      17.609],3.4250844180972875,2.467318928642863,4.181499335679726,0.23920169814767764,-1.7345160724760178,-2.015157068463395,0.00019789529282717813,0.6914329019224659,33.9987286593769,24.81713061500866,41.36669473718026,4.299417325493445,3002.172000000006,,,,,1.431557632772571,,,,,,,
B0006,371,impedance,24,[2008.      5.     13.      0.     44.     53.25],,,,,,,,,,,,,,,,,,,830.1327669823622,334.6602350183651,2.5729875122221677,0.20844845790106978,,0.07230626414964644,0.09373318368991343
B0006,372,charge,24,[2.0080e+03 5.0000e+00 1.3000e+01 1.0000e+00 1.6000e+01 5.1859e+01],4.173723458924574,3.305263677487701,4.202607352676675,0.06412025473744695,0.5525058928176733,-3.7538021792064638,1.5193677622174524,0.5758186432486341,26.606458183179758,24.74297018449889,29.808177657882982,1.688877498521151,9917.203,4.445818181818182,0.5502642310960069,,,,,,,,,,
B0006,373,impedance,24,[2008.      5.     13.      4.      3.     26.64],,,,,,,,,,,,,,,,,,,833.3936862473378,331.13739855542354,2.605458080796159,0.21251705066104695,,0.07351181896001253,0.09784840606777727
B0006,374,discharge,24,[2008.       5.      13.       4.      35.      25.359],3.4171339862792935,2.3692462667540997,4.179546243153898,0.24475701426966365,-1.7271570233190525,-2.013917344838714,0.001392653144198631,0.6989258053585963,33.907397114007345,24.66015421423191,41.37787352037061,4.346415144643425,2992.703,,,,,1.415015751158943,,,,,,,
B0006,375,impedance,24,[2008.       5.      13.       5.      26.      51.781],,,,,,,,,,,,,,,,,,,830.6370316577433,334.2076543410892,2.5743373118170214,0.20872818890909564,,0.0731481609531371,0.09450117088751923
B0006,376,charge,24,[2008.       5.      13.       5.      58.      50.796],4.175356086603463,3.3014087695778023,4.2017718095422545,0.0618331332457448,0.5259768851452232,-3.7552040488098104,1.5206788206136503,0.5698319260752889,26.340043075472312,24.502027841611632,29.64273803651614,1.7192064977759056,10317.406,4.436839556277056,0.5238652597402598,,,,,,,,,,
B0006,377,impedance,24,[2008.      5.     13.      8.     52.      5.89],,,,,,,,,,,,,,,,,,,833.6084677013788,330.77369312521404,2.6111842969073358,0.21304348701116926,,0.07363095072187217,0.09872074778143794
B0006,378,discharge,24,[2008.       5.      13.       9.      24.       4.718],3.417521467040602,2.4482618595124874,4.18101558225098,0.2408080362142482,-1.7305179027385762,-2.026182069042455,0.005189848551175063,0.6950775843262647,33.70518417605219,24.417272340572964,41.140956091698214,4.357781964328754,2964.468,,,,,1.4097311506517451,,,,,,,
B0006,379,impedance,24,[2008.       5.      13.      10.      15.       2.906],,,,,,,,,,,,,,,,,,,830.2593136010729,334.64304452622383,2.5680885539586034,0.20810647707113886,,0.07258698856788243,0.0942767204381327
B0006,380,charge,24,[2.008e+03 5.000e+00 1.300e+01 1.000e+01 4.700e+01 1.828e+00],4.177001265513861,3.302169236500692,4.20296129787524,0.05940221315212641,0.5008667111023694,-3.751361742414546,1.5194196399059967,0.5637945924277421,26.10257345827895,24.371087014910348,29.424227040099296,1.692227225952992,10806.109,4.427966761880031,0.49903557517527924,,,,,,,,,,
B0006,381,impedance,24,[2008.       5.      13.      13.      48.      25.875],,,,,,,,,,,,,,,,,,,834.1880990677151,330.1651061269456,2.615742166216782,0.21359976037488262,,0.07483720295528123,0.09855595497783809
B0006,382,discharge,24,[2008.       5.      13.      14.      20.      24.937],3.4181623236680356,2.4598632768748825,4.182667734360821,0.23985452319305442,-1.7141443638380731,-2.0154806588037197,0.0017804365403169887,0.712645847764213,33.7458832944166,24.34226965648951,41.2168813199875,4.385409704614487,2983.375,,,,,1.404917318129309,,,,,,,
B0006,383,impedance,24,[2008.       5.      13.      15.      11.      42.234],,,,,,,,,,,,,,,,,,,830.355787896939,334.26936868815756,2.57519603040916,0.2087887391849718,,0.07231062653103708,0.09437378694839117
B0006,384,charge,24,[2008.       5.      13.      15.      43.      41.296],4.175978439491436,3.30216118095718,4.201757124664383,0.060710725057618875,0.5337549199368348,-3.7523421815899587,1.5197973309107031,0.5677772302281916,26.41341494885895,24.71172219372095,29.528181634019152,1.6264062130472783,10041.921,4.4422472004479285,0.5320263157894737,,,,,,,,,,
B0006,385,impedance,24,[2008.       5.      13.      18.      32.      21.281],,,,,,,,,,,,,,,,,,,833.8174973737508,330.85510794362204,2.60831271103428,0.21279034246911513,,0.07422880685868813,0.09794583413307753
B0006,386,discharge,24,[2008.       5.      13.      19.       4.      20.531],3.420331935905118,2.497869764845928,4.179947555799937,0.23666693145105858,-1.7067823273466607,-2.014398878088724,0.0004526100127092855,0.7197036155373028,34.01657212624259,24.68862064835225,41.40391881889191,4.352005984144061,2975.297,,,,,1.395164296571563,,,,,,,
B0006,387,impedance,24,[2008.       5.      13.      19.      55.      29.859],,,,,,,,,,,,,,,,,,,829.9704511702024,334.50862229469016,2.5733984800017153,0.20851161544658478,,0.07185660712942502,0.09376323440193435
B0006,388,charge,24,[2008.       5.      13.      20.      27.      29.109],4.177288870633245,3.303253571552704,4.201859315713612,0.0588659954361962,0.5000836536825167,-3.752726383746223,1.518658755463436,0.5624194629606183,26.584568753917836,24.899470237643843,29.841441321069038,1.6530654074689157,10719.281,4.426822082679225,0.49824332810047095,,,,,,,,,,
B0006,389,impedance,24,[2008.       5.      13.      23.      27.      26.625],,,,,,,,,,,,,,,,,,,833.7520347505738,330.70200983072965,2.6081192683225165,0.21275722053393142,,0.07359262883289279,0.09794263420249376
B0006,390,discharge,24,[2008.       5.      13.      23.      59.      26.015],3.4192916311692465,2.472236707252471,4.182316086490744,0.2390286773610217,-1.7063596521950202,-2.015379938834276,0.0004074114617765993,0.7197068332356091,34.175023374593785,24.83379380277289,41.586571331198584,4.354041697107458,2974.9850000000006,,,,,1.3945343832614077,,,,,,,
B0006,391,impedance,24,[2008.      5.     14.      0.     50.     35.39],,,,,,,,,,,,,,,,,,,831.3342288799355,333.4072248472989,2.5843577040549914,0.2098769710527356,,0.07355530338796804,0.09481493549893713
B0006,392,charge,24,[2.0080e+03 5.0000e+00 1.4000e+01 1.0000e+00 2.2000e+01 3.4765e+01],4.177855739421222,3.303313630472931,4.202267158759825,0.05817738089625185,0.49432641563869506,-3.752396012919458,1.519011179608572,0.560405149914325,26.46196190140926,24.670690029534846,29.81401566030922,1.72312337435627,10804.719,4.425726753246754,0.4923924675324675,,,,,,,,,,
B0006,393,impedance,24,[2008.       5.      14.       4.      23.      57.968],,,,,,,,,,,,,,,,,,,834.1355790938338,330.37855878548953,2.6122045503097056,0.21323582162344565,,0.07428961541366103,0.09782803971993742
B0006,394,discharge,24,[2008.       5.      14.       4.      55.      57.453],3.414352330355796,2.4278749904763077,4.18300582450457,0.24221175414346538,-1.7052696591517462,-2.024938600791225,0.0027319664703010157,0.7206903789128402,33.976109677640174,24.567907151996646,41.43504077863728,4.382087060522724,2966.25,,,,,1.3893171179312644,,,,,,,
B0006,395,impedance,24,[2008.       5.      14.       5.      46.      58.078],,,,,,,,,,,,,,,,,,,831.6718124533281,332.86561050230347,2.5903353386323866,0.21056520148389926,,0.07377742233884306,0.09550761968799028
B0006,396,charge,24,[2008.       5.      14.       6.      18.      57.625],4.178526044718228,3.301747522279584,4.201768683837636,0.057210668298711555,0.4918618552792198,-3.7534948764970397,1.5262421019042425,0.5578684345110071,26.121216404378323,24.38872214665851,29.432438931189996,1.7001739717141975,10805.687,4.424740644490645,0.490024948024948,,,,,,,,,,
B0006,397,impedance,24,[2008    5   14    9   20   22],,,,,,,,,,,,,,,,,,,835.1445368979579,329.3571916477101,2.622446961494408,0.21451930651297882,,0.07436247289279864,0.100297485432866
B0006,398,discharge,24,[2008.       5.      14.       9.      52.      22.062],3.412701167144591,2.4275905200235055,4.1825046060820625,0.24220504327165968,-1.7046265574439607,-2.027018156432659,0.0013872942238959522,0.7213952667094184,33.84150372451663,24.35845427718724,41.37436880579148,4.426438431004594,2956.359,,,,,1.3838379472327809,,,,,,,
B0006,399,impedance,24,[2008.       5.      14.      10.      43.      12.953],,,,,,,,,,,,,,,,,,,831.1187962845919,333.5817847112788,2.581458219537495,0.20951082101718965,,0.07280893667527459,0.09466825353513973
B0006,400,charge,24,[2008.       5.      14.      11.      15.      12.671],4.177172618632017,3.3021979348725896,4.201625543524005,0.058760185757356476,0.5273070937271361,-3.7495282804531564,1.5178774150586074,0.5626675943666305,26.409310711304133,24.658806737348666,29.526379105226304,1.650568444439745,10011.406,4.441320775934777,0.5255015462468372,,,,,,,,,,
B0006,401,impedance,24,[2008.      5.     14.     14.      3.     22.75],,,,,,,,,,,,,,,,,,,834.9095260101436,329.25277752387933,2.624294811305702,0.2146373164018207,,0.07308819155500623,0.10028552688952369
B0006,402,discharge,24,[2008.       5.      14.      14.      35.      22.515],3.410409522809144,2.37337869163978,4.179533028548021,0.24435718343921012,-1.6985503106996724,-2.014779909755338,0.0037299171946931393,0.7278602667366414,34.1008464215818,24.62149945751311,41.66477948989921,4.429283182231005,2956.344,,,,,1.3736814238195123,,,,,,,
B0006,403,impedance,24,[2008.       5.      14.      15.      26.      13.546],,,,,,,,,,,,,,,,,,,831.2390306657462,333.38887932753033,2.584382732407069,0.20984810910232454,,0.07423988397360735,0.09455851844360653
B0006,404,charge,24,[2008.       5.      14.      15.      58.      13.406],4.178585522762485,3.3024101704423128,4.201785610504049,0.05695716660191737,0.49014303801335396,-3.75004525139233,1.5202255764516366,0.5569514352622347,26.554432319974733,24.937299292686614,29.785784828098866,1.6319107771518588,10806.625,4.4245575474149135,0.4885630033775007,,,,,,,,,,
B0006,405,impedance,24,[2008.      5.     14.     18.     59.     38.89],,,,,,,,,,,,,,,,,,,834.8956948069631,329.6337512539487,2.619061073327513,0.2141498296113131,,0.07390565956199621,0.10034826354300655
B0006,406,discharge,24,[2008.      5.     14.     19.     31.     39.39],3.414419320260644,2.4248604132549767,4.18250512422575,0.24176595846391638,-1.6982347588599789,-2.0151111715849144,0.0014127620211878914,0.7275938938122148,34.34663683304219,24.908657981582394,41.81816829502593,4.398555379640064,2956.406,,,,,1.3786059891863676,,,,,,,
B0006,407,impedance,24,[2008.      5.     14.     20.     22.     30.64],,,,,,,,,,,,,,,,,,,831.1894349682804,333.47427237722815,2.5830692779072093,0.20980042774498617,,0.07351251053388887,0.09455928328741696
B0006,408,charge,24,[2008.       5.      14.      20.      54.      30.671],4.178699556417778,3.3022283025983,4.2018270229460235,0.056789696325066565,0.48853703688001227,-3.7486346943162476,1.5181379755035627,0.5564876923930219,26.61726658220038,24.84951166071699,29.938016224006763,1.7017574216096962,10805.563,4.423004419027815,0.48671146347803484,,,,,,,,,,
B0006,409,impedance,24,[2008.       5.      14.      23.      55.      55.406],,,,,,,,,,,,,,,,,,,834.5126459041248,330.1916358096482,2.6130520509532835,0.21358489328338437,,0.07406486350284623,0.09903658397481056
B0006,410,discharge,24,[2008.       5.      15.       0.      27.      55.625],3.4131710032395315,2.426962848243194,4.1828227593786,0.24223055603174873,-1.6971165805711328,-2.0151664181090267,0.0008856833378857151,0.7286470501073794,34.216231530637586,24.777867901281315,41.686647000781186,4.403435230805167,2947.266,,,,,1.3737600299108574,,,,,,,
B0006,411,impedance,24,[2.008e+03 5.000e+00 1.500e+01 1.000e+00 1.800e+01 3.789e+01],,,,,,,,,,,,,,,,,,,830.7838304183455,333.869760824547,2.5806499412421036,0.2094032830209244,,0.07290767778143425,0.09500166880506605
B0006,412,charge,24,[2.0080e+03 5.0000e+00 1.5000e+01 1.0000e+00 5.0000e+01 3.8062e+01],4.179152897117853,3.3021701395111345,4.202054742705047,0.05605439353465086,0.48626421763044825,-3.7574002083853717,1.5269261130356064,0.5545802391378983,26.399750319384214,24.635977821856677,29.715784734660758,1.7097031469790838,10807.219,4.422316432657306,0.48436375455018205,,,,,,,,,,
B0006,413,impedance,24,[2008.       5.      15.       4.      52.       4.609],,,,,,,,,,,,,,,,,,,835.3277837439313,329.32824771384225,2.6227959800784495,0.21459543597448402,,0.07434066648007011,0.10067908230747398
B0006,414,discharge,24,[2008.      5.     15.      5.     24.      4.89],3.4107019261975147,2.417287750352038,4.182413969607667,0.24315982041013035,-1.6959199401004303,-2.016248522283907,0.0022565477410673076,0.7299387135336083,34.041617020161176,24.55493670403353,41.565382893773936,4.427228658094671,2937.984,,,,,1.3682580583942712,,,,,,,
B0006,415,impedance,24,[2008.       5.      15.       6.      14.      38.093],,,,,,,,,,,,,,,,,,,831.1255654089406,333.2860552334359,2.5859149265159704,0.21003014929878183,,0.07276351441984508,0.0952721862664049
B0006,416,charge,24,[2008.     5.    15.     6.    46.    38.5],4.179687026714319,3.3006994767472846,4.202074957625042,0.0552746617560439,0.4844803138932557,-3.7553916796956957,1.5179370111810109,0.5528383428930981,26.124475808397165,24.348894704039626,29.466865883379434,1.7417740460256073,10805.547,4.421965131407755,0.48254436638043197,,,,,,,,,,
B0006,417,impedance,24,[2008.       5.      15.       9.      48.       3.453],,,,,,,,,,,,,,,,,,,835.1363963957447,329.32365440341,2.622613238451963,0.21459125320874742,,0.0749835856113319,0.1003809603504959
B0006,418,discharge,24,[2008.       5.      15.      10.      20.       3.875],3.4089059214760367,2.4185087281747166,4.182451170946608,0.24335348175106358,-1.6953163120957457,-2.015018401452086,0.002945843089707679,0.7307162124593425,33.890212870710734,24.318017130660255,41.46394809540406,4.468195522374229,2929.125,,,,,1.3633024037317505,,,,,,,
B0006,419,impedance,24,[2008.       5.      15.      11.      10.      28.328],,,,,,,,,,,,,,,,,,,831.1963323544693,333.61290207149415,2.5817595976108088,0.2095594767035587,,0.07280904458053215,0.09417469896249388
B0006,420,charge,24,[2008.       5.      15.      11.      42.      28.859],4.179503145069986,3.301645636776092,4.201911913537215,0.055464082814909325,0.49574783067824724,-3.7468249398162885,1.5184207238792458,0.5535724662942105,26.26020263178304,24.599706826342082,29.449039550104775,1.6524281251420885,10510.453,4.427687282463187,0.4941325301204819,,,,,,,,,,
B0006,421,impedance,24,[2008.       5.      15.      14.      38.      58.781],,,,,,,,,,,,,,,,,,,834.9868013041804,329.5660305256137,2.6214698985107567,0.21422182356494077,,0.07363422580248341,0.10034341350119641
B0006,422,discharge,24,[2008.       5.      15.      15.      10.      59.437],3.4134080258317576,2.480937393224248,4.181305580928812,0.23910918351075655,-1.6890383512433216,-2.014808414619914,0.0017870517833380544,0.7365985147966571,34.116762412437,24.575299028638764,41.6123634180086,4.440858026001165,2928.454,,,,,1.3580966140172601,,,,,,,
B0006,423,impedance,24,[2.008e+03 5.000e+00 1.500e+01 1.600e+01 1.000e+00 2.339e+01],,,,,,,,,,,,,,,,,,,830.7729848006287,333.7988963149758,2.5797818900745244,0.20929410327415368,,0.07366216781831048,0.09401252729903897
B0006,424,charge,24,[2008.       5.      15.      16.      33.      24.093],4.1789032172148595,3.302014761306187,4.201830029496174,0.056392634703862826,0.5092029154117286,-3.74663240885026,1.5178844872772068,0.5567048454231613,26.670370279195048,24.99747860245385,29.801856124521297,1.6240747544157885,10202.781,4.434447266703479,0.507525124240751,,,,,,,,,,
B0006,425,impedance,24,[2008.       5.      15.      19.      24.      46.593],,,,,,,,,,,,,,,,,,,834.9145170327089,329.3469811834513,2.6227770399029957,0.21452769183877715,,0.07495654638579109,0.0986748779007716
B0006,426,discharge,24,[2008.      5.     15.     19.     56.     47.39],3.411221044859532,2.4078214169511205,4.1804870315884735,0.24277811004383898,-1.689240311218937,-2.0149941642208877,0.0009686723211606385,0.7366705561751957,34.490493589415046,24.98269073769502,42.0075404495327,4.435836689713161,2929.375,,,,,1.353269090999531,,,,,,,
B0006,427,impedance,24,[2008.       5.      15.      20.      47.      12.406],,,,,,,,,,,,,,,,,,,830.9528051215256,333.5718969333923,2.582073590498281,0.20959808900196467,,0.07300473215689747,0.09488419183565079
B0006,428,charge,24,[2008.       5.      15.      21.      19.      13.234],4.17845646237936,3.303240846755316,4.201660395186249,0.05702754693779509,0.5131955420694344,-3.7548981889793307,1.51794309569389,0.5579653852133907,26.950570586809867,25.106332156511844,30.13644300471175,1.694893528641366,10140.858999999997,4.434462243198224,0.5111604664075514,,,,,,,,,,
B0006,429,impedance,24,[2008.       5.      16.       0.       9.      33.937],,,,,,,,,,,,,,,,,,,835.5133768410042,329.24172738608144,2.623782455979398,0.21471492804495743,,0.075132937700244,0.09988518450397564
B0006,430,discharge,24,[2008.       5.      16.      16.      54.      59.812],3.4155210852213678,2.433234589649132,4.163570261072192,0.23720200532883332,-1.7102007614808157,-2.014889154962298,0.0021530897065765533,0.7162819617972487,34.23744800906639,25.141147272482755,41.61679232360952,4.2869335467351615,2946.031,,,,,1.3841605738237488,,,,,,,
B0006,431,charge,24,[2008.       5.      16.      18.      43.      58.906],4.177248046135666,3.305883574157327,4.2018347977923,0.05815888811035147,0.5178177036230519,-3.7524398308967344,1.521093705672364,0.5658800447959181,26.72454690095705,25.15878926591943,29.904596866451254,1.5731124132617962,10340.672,4.43628738444807,0.5158384991843393,,,,,,,,,,
B0006,432,discharge,24,[2008.       5.      16.      21.      37.      39.671],3.4229838362549794,2.440822893388958,4.190012868765637,0.24143941002028121,-1.730244918610445,-2.021897889619746,0.0009450807694683962,0.6962615132210175,34.41428886050454,25.169349346251153,41.80245062827161,4.32119435671904,2955.438,,,,,1.4051467790651473,,,,,,,
B0006,433,impedance,24,[2008.       5.      16.      22.      28.      31.078],,,,,,,,,,,,,,,,,,,831.6068523450073,333.0268329751419,2.5883915256924106,0.21036985965159846,,0.07456415358800406,0.09465513038241297
B0006,434,charge,24,[2008.       5.      16.      23.       0.      32.515],4.177076313780446,3.304878852070063,4.201909029650088,0.059349819016234005,0.5023281755502775,-3.765024779245602,1.5301241756548198,0.5639719152476982,26.742962123720645,24.92699638448145,30.096384008359824,1.7253341053119586,10700.062999999995,4.427403831015482,0.5000997113618474,,,,,,,,,,
B0006,435,impedance,24,[2.0080e+03 5.0000e+00 1.7000e+01 2.0000e+00 0.0000e+00 1.2656e+01],,,,,,,,,,,,,,,,,,,835.9022061130569,328.40246442398615,2.6353341837797317,0.21586784496209752,,0.07592804413673004,0.10032970664387303
B0006,436,discharge,24,[2.0080e+03 5.0000e+00 1.7000e+01 2.0000e+00 3.2000e+01 1.3968e+01],3.414757022019347,2.396078253891397,4.182418011462176,0.24413784898440827,-1.7152465923901479,-2.013990107965066,0.0022862143567549285,0.7110232265703329,34.16445180476378,24.821438212878718,41.653004783464006,4.371208230317734,2937.625,,,,,1.378719022627353,,,,,,,
B0006,437,impedance,24,[2008.       5.      17.       3.      22.      47.796],,,,,,,,,,,,,,,,,,,831.3372960711271,333.37217870585573,2.582737968249706,0.2097648233558421,,0.07343307367232554,0.09496461248763269
B0006,438,charge,24,[2008.       5.      17.       3.      54.      49.125],4.178244586506249,3.304375893859719,4.201652974757697,0.057300313708248694,0.4979215106331397,-3.7581799935246383,1.5259090007102982,0.5591719380471396,26.311611774381017,24.51409563559406,29.633427106758724,1.7241059969280905,10628.938,4.426722369116869,0.49572342675832887,,,,,,,,,,
B0006,439,impedance,24,[2008.       5.      17.       6.      53.      18.328],,,,,,,,,,,,,,,,,,,835.8468893421128,328.5309372232587,2.635388830228218,0.2159239577261887,,0.07550871785129283,0.10116073256897913
B0006,440,discharge,24,[2008.       5.      17.       7.      25.      19.906],3.41435871627236,2.449306948268824,4.182070839014939,0.24152323402005177,-1.7013404928191733,-2.0141794769710484,0.0017603003484055497,0.7245002916787043,33.877146811272176,24.44823164208337,41.36061809844917,4.3976928116809235,2929.078,,,,,1.3682657783199066,,,,,,,
B0006,441,impedance,24,[2008.       5.      17.       8.      15.      45.265],,,,,,,,,,,,,,,,,,,831.7778894664883,332.7491582511273,2.591915964353316,0.2107305421061815,,0.07401683695868191,0.09598514883171738
B0006,442,charge,24,[2008.       5.      17.       8.      47.      46.703],4.1795700196828705,3.3018889696032825,4.202116845735083,0.05533427136870286,0.4849702868977857,-3.7612193870723996,1.519845584856359,0.5537215919368632,26.06284845842712,24.372136847134083,29.36231857880349,1.6884727701412328,10807.109,4.421991412958627,0.48284491282851943,,,,,,,,,,
B0006,443,impedance,24,[2008.       5.      17.      11.      49.      14.296],,,,,,,,,,,,,,,,,,,835.3908085310665,328.92079403732276,2.6288220373674185,0.21520087502068264,,0.07460959963253604,0.10145892418195081
B0006,444,discharge,24,[2008.      5.     17.     12.     21.     15.89],3.4091886698418046,2.384185417166802,4.182701902443236,0.2460496736273354,-1.7004366132157598,-2.014245767720947,0.002448164539924058,0.7253678587355785,33.839566254190565,24.316938949769007,41.42815616511055,4.451653713060872,2918.375,,,,,1.3573151296618016,,,,,,,
B0006,445,impedance,24,[2008.       5.      17.      13.      11.      30.687],,,,,,,,,,,,,,,,,,,832.12482948867,332.1042375640538,2.598737429388441,0.21154348051674976,,0.07392462060613289,0.09596990760137802
B0006,446,charge,24,[2008.       5.      17.      13.      43.      32.281],4.179746146558016,3.3019673787364305,4.201754715758656,0.054829593370031654,0.4858555172794398,-3.7605697616352387,1.5208653837890758,0.5524035149075758,26.038273335849972,24.335708378137934,29.30429017195157,1.680068679295596,10722.515,4.422612700078719,0.48376331671477313,,,,,,,,,,
B0006,447,impedance,24,[2008.       5.      17.      16.      43.      35.437],,,,,,,,,,,,,,,,,,,835.6861761127005,328.6803667024107,2.629271298984252,0.21539506111757842,,0.07487960335651152,0.10060335245891304
B0006,448,discharge,24,[2008.       5.      17.      17.      15.      37.281],3.411930366643558,2.4440756213040964,4.182270325485355,0.24258968522569255,-1.6873533635265776,-2.013969299900083,0.0010573004756267543,0.7373003664947759,33.818304796930946,24.299358283075954,41.343265645039,4.430731206018662,2919.812,,,,,1.3524934638801596,,,,,,,
B0006,449,impedance,24,[2008.       5.      17.      18.       5.      53.796],,,,,,,,,,,,,,,,,,,831.80987205893,332.89063060526036,2.589915857180004,0.21047686223698672,,0.07350439612412557,0.09612015257573586
B0006,450,charge,24,[2008.       5.      17.      18.      37.      55.593],4.180475236713375,3.3015267018387213,4.20178318477522,0.05393662616998895,0.48004957759847827,-3.761798186882574,1.518978997862689,0.550073333940163,25.982571679078095,24.299217840457768,29.26647234925969,1.6841187143933602,10772.969,4.420204331941545,0.4779846033402923,,,,,,,,,,
B0006,451,impedance,24,[2008.       5.      17.      21.      38.      49.296],,,,,,,,,,,,,,,,,,,836.0226192891411,328.3293828820911,2.632442893467751,0.21577680944366215,,0.07528060880004324,0.10254518763662164
B0006,452,discharge,24,[2008.       5.      17.      22.      10.      51.218],3.4094417183837504,2.4296014294774673,4.182394535290608,0.24390756219118898,-1.6919294969110734,-2.014779898380345,0.0016960165224917886,0.7335386849531479,33.812621135472135,24.255785257635935,41.38118673567723,4.459629393541612,2900.422,,,,,1.3474099151661236,,,,,,,
B0006,453,impedance,24,[2008.       5.      17.      23.       0.      48.453],,,,,,,,,,,,,,,,,,,830.6596605156578,333.94759728928346,2.579884257138131,0.20928952248278318,,0.07264208276353092,0.09534113281992042
B0006,454,charge,24,[2008.       5.      17.      23.      32.      50.468],4.180575458045295,3.3013445572178473,4.201810483095487,0.05352634216270779,0.47949237016241003,-3.751114478494223,1.520707959228092,0.5490154263325738,25.98889751886105,24.28903983600864,29.274547562511103,1.688222956359498,10745.718999999997,4.420207853403142,0.47737094240837696,,,,,,,,,,
B0006,455,impedance,24,[2.0080e+03 5.0000e+00 1.8000e+01 2.0000e+00 3.3000e+01 1.7109e+01],,,,,,,,,,,,,,,,,,,835.9697034741557,328.49976729326437,2.634117706482023,0.21577850702152537,,0.07499556374166019,0.10138737916427212
B0006,456,discharge,24,[2008.       5.      18.       3.       5.      19.265],3.4081896097479882,2.41022288115442,4.182061947471753,0.24531767840677798,-1.6852952939579415,-2.014211676143238,0.0020320718333584533,0.7395261452441036,33.79894614410012,24.22667614097166,41.378450473707446,4.460136031575844,2901.375,,,,,1.3370075130842318,,,,,,,
B0006,457,impedance,24,[2008.       5.      18.       3.      55.      17.546],,,,,,,,,,,,,,,,,,,831.1170364001783,333.2738731756386,2.583356291563841,0.20992547384826077,,0.07311999977664198,0.09592311750334574
B0006,458,charge,24,[2008.       5.      18.       4.      27.      19.656],4.180989327010452,3.2997787610882314,4.201721119000679,0.05290143802716732,0.47509013591809796,-3.7559372442334014,1.520260319492972,0.5469282766244842,25.873817245148032,24.157903262181854,29.17342792067648,1.6988574994235695,10807.094,4.418036448841448,0.4729453267378287,,,,,,,,,,
B0006,459,impedance,24,[2008    5   18    7   28   48],,,,,,,,,,,,,,,,,,,836.7555982651529,327.9021631997662,2.6406419236245884,0.21650991633736405,,0.07635857115497807,0.1014317733775896
B0006,460,discharge,24,[2008.       5.      18.       8.       0.      50.421],3.40737851449911,2.4098927032454966,4.182288987105723,0.24580906151652474,-1.6787428835073943,-2.0146307921789908,0.008037676680716626,0.7454352436652836,33.702723745621576,24.08401483096836,41.306600641009794,4.472061666110305,2901.187,,,,,1.3312352966718526,,,,,,,
B0006,461,impedance,24,[2008.       5.      18.       8.      50.      48.718],,,,,,,,,,,,,,,,,,,832.5139943483136,332.0146588981315,2.6001360087514502,0.21170093543129673,,0.07352773427813793,0.09722971147738375
B0006,462,charge,24,[2008.       5.      18.       9.      22.      51.046],4.180259837044143,3.299793545481923,4.201720993314495,0.053921433909458034,0.5040844460443358,-3.764214981537595,1.5192991867204761,0.5508013749453896,25.866725578506443,24.072751251866173,29.05326191379302,1.6939771776740602,10113.641,4.431319944211995,0.5018100418410041,,,,,,,,,,
B0006,463,impedance,24,[2008    5   18   12   12   46],,,,,,,,,,,,,,,,,,,836.2270331340793,328.3523184785748,2.631442631822276,0.21570781591591856,,0.07477686532784665,0.10280887562042597
B0006,464,discharge,24,[2008.       5.      18.      12.      44.      48.437],3.4085862639015,2.453938411405305,4.179662143533188,0.24308656517101032,-1.6712137513430336,-2.013369705800471,0.0010416352989289336,0.7521771809630792,33.63562651984647,24.032744419693664,41.204081036719124,4.464296886707149,2891.64,,,,,1.3259303781727643,,,,,,,
B0006,465,impedance,24,[2008.       5.      18.      13.      34.      37.281],,,,,,,,,,,,,,,,,,,831.9559363120785,332.6906008232545,2.5905630318620054,0.21070838653512394,,0.07365221366344325,0.09623949046601309
B0006,466,charge,24,[2008.       5.      18.      14.       6.      39.921],4.181385692481847,3.2986596717827004,4.201829001057363,0.05230074811286202,0.48031852867192065,-3.7643913523639103,1.5191267076110049,0.5456729934757278,25.77918241614055,24.07561265496007,29.018350960542612,1.6802806268585797,10585.812,4.420982987772462,0.478168793195109,,,,,,,,,,
B0006,467,impedance,24,[2008.       5.      18.      17.       4.      27.234],,,,,,,,,,,,,,,,,,,837.1113968926975,327.6910233300941,2.6428229632984226,0.21670607564579994,,0.07601129120974016,0.10207495349364025
B0006,468,discharge,24,[2008.       5.      18.      17.      36.      29.734],3.404843616147767,2.3940396792395253,4.181392635232333,0.2473025976222259,-1.6768931248947176,-2.0139825284473383,0.0013051127215942834,0.7474282095747105,33.690724061796516,24.035049734679703,41.32955629442644,4.503856031202928,2882.906,,,,,1.321578743867529,,,,,,,
B0006,469,impedance,24,[2008.       5.      18.      18.      26.      10.015],,,,,,,,,,,,,,,,,,,832.3954749382623,332.1933768398671,2.594794182916644,0.21114991979311207,,0.0738708282490051,0.09642311008921206
B0006,470,charge,24,[2008.       5.      18.      18.      58.      12.609],4.1817308381034755,3.298883819023501,4.20180498945883,0.05161388271221699,0.47012523439955944,-3.7711630585050364,1.5217519034015525,0.5432767673933758,25.779594856251975,24.110463633455872,29.051085535901876,1.679019869975845,10806.562,4.416842064112589,0.4680177221787855,,,,,,,,,,
B0006,471,impedance,24,[2008.       5.      18.      21.      59.      40.796],,,,,,,,,,,,,,,,,,,836.9826266916189,327.5165690690626,2.6428450785509066,0.21692727617337104,,0.07632337493459862,0.1024320211016061
B0006,472,discharge,24,[2008.       5.      18.      22.      31.      45.515],3.4081057374178703,2.45134737470238,4.182099866234647,0.24422108333220258,-1.6701186583642826,-2.0138921521532196,0.0019059149885720526,0.7532835002669596,33.71317033815572,24.066996312466095,41.300370296451625,4.4804543979131095,2883.265,,,,,1.321225074066109,,,,,,,
B0006,473,impedance,24,[2008.       5.      18.      23.      21.      28.437],,,,,,,,,,,,,,,,,,,832.5751568383192,332.11049835482885,2.594900991248971,0.211283651037753,,0.07357181902429763,0.09759059351551938
B0006,474,charge,24,[2008.       5.      18.      23.      53.      33.781],4.182001396978748,3.2994453060638134,4.201964081312294,0.05113350631348356,0.4677605582426465,-3.767879659334081,1.5191379447852513,0.541843734830233,25.739149646920637,24.024931837265353,29.033598285442057,1.6988546027677416,10805.281000000003,4.415791340636411,0.4656471048513303,,,,,,,,,,
B0006,475,impedance,24,[2.008e+03 5.000e+00 1.900e+01 2.000e+00 5.500e+01 2.843e+00],,,,,,,,,,,,,,,,,,,836.3862466661398,328.2230462975809,2.6334788130829345,0.21583641630810413,,0.0749954456773232,0.10259630569279
B0006,476,discharge,24,[2008.       5.      19.       3.      27.       7.765],3.4091728540380735,2.475014603796582,4.182054276922838,0.24340486418659887,-1.6634753413292604,-2.013710255019385,0.004822714606532057,0.7589708333972093,33.65376593260611,23.996723972247743,41.243646229563595,4.481173590462752,2882.969,,,,,1.3156485301862682,,,,,,,
B0006,477,impedance,24,[2008.       5.      19.       4.      16.      50.453],,,,,,,,,,,,,,,,,,,833.591010308627,330.9285887362774,2.6112796083362704,0.2131084007587053,,0.07457692199537422,0.098332863281485
B0006,478,charge,24,[2008.       5.      19.       4.      48.      55.437],4.182128535941678,3.2999025261115977,4.2017094009740035,0.0507649633827294,0.4689011438219853,-3.7623165002978114,1.5186858302216113,0.5410507808737851,25.68008908964709,23.96361833749277,28.953402514298006,1.6869702914966567,10733.391,4.415714548319328,0.4666727941176471,,,,,,,,,,
B0006,479,impedance,24,[2008.       5.      19.       7.      49.      12.843],,,,,,,,,,,,,,,,,,,837.4396438681571,327.13691032046836,2.648192058161621,0.21748390104173473,,0.07655910700249269,0.10301800475787612
B0006,480,discharge,24,[2008.       5.      19.      15.      34.      33.625],3.4110817622184233,2.4569179775419294,4.168816046299314,0.24099639163604958,-1.6645875549232958,-2.0145340492151043,0.0016790557813109385,0.7579357799006134,33.983578066068176,24.663353868241057,41.36464929786556,4.335679642629904,2891.656,,,,,1.3209025697502388,,,,,,,
B0006,481,charge,24,[2008.       5.      19.      17.      58.      12.687],4.1828383738325865,3.307842656052423,4.201660599756037,0.04891938867875337,0.4696731590059365,-3.7745278082743177,1.5186750486269274,0.5426166613702043,26.173174882929104,24.802918977178173,29.214892256060573,1.4598664689675056,10805.547,4.417558800521514,0.4674221642764016,,,,,,,,,,
B0006,482,discharge,24,[2008.       5.      19.      20.      59.      48.437],3.4167486246717154,2.438240626221148,4.190149239555381,0.2445794002146044,-1.6918384605140158,-2.01382438347875,0.0011291190058123485,0.7334467668216439,33.816348135475515,24.805357555777945,40.89285784811417,4.157409676256734,2901.25,,,,,1.3474328767273906,,,,,,,
B0006,483,charge,24,[2008.      5.     19.     22.      8.     37.25],4.178933402506249,3.3055297993253854,4.201683433557864,0.05688171482793888,0.48012527879302797,-3.773416650845095,1.5194444033228698,0.5526871285123712,26.412927199212106,24.57635571962406,29.67320643675769,1.77820665011861,10751.266000000003,4.418189853556486,0.47776699790794985,,,,,,,,,,
B0006,484,discharge,24,[2.0080e+03 5.0000e+00 2.0000e+01 1.0000e+00 1.6000e+01 4.2609e+01],3.4169689184247174,2.4946397780995584,4.187196878135145,0.2418829111188869,-1.6711981411684529,-2.0133154561700204,0.0015509192623282008,0.7523130560666373,33.60692030225909,24.568710436075083,40.652964511118334,4.158579088645514,2891.703,,,,,1.3260128072353616,,,,,,,
B0006,485,impedance,24,[2.0080e+03 5.0000e+00 2.0000e+01 2.0000e+00 6.0000e+00 3.2234e+01],,,,,,,,,,,,,,,,,,,831.9340581193492,332.40854391255954,2.5923848800534244,0.21092441276454213,,0.07348534244575625,0.09721507881558597
B0006,486,charge,24,[2.0080e+03 5.0000e+00 2.0000e+01 2.0000e+00 3.8000e+01 3.5343e+01],4.181529998801519,3.3010107898362406,4.201900338190367,0.05201119737153624,0.4695604333125971,-3.7775445664037823,1.5185640427854767,0.5445884098648414,26.01498124223845,24.369237727536035,29.182521926296026,1.629611059841085,10805.625,4.415472381448671,0.4671641479937468,,,,,,,,,,
B0006,487,impedance,24,[2008    5   20    5   40    3],,,,,,,,,,,,,,,,,,,836.8278544364152,327.34181873965787,2.642035098309947,0.21684417363261033,,0.07627816468715698,0.10209285250394709
B0006,488,discharge,24,[2008.       5.      20.       6.      12.       6.265],3.4105763913818787,2.4367455144223555,4.18232296515852,0.24570660921197612,-1.6632769410531225,-2.0139168871011672,0.00178074624019554,0.7590269335533172,33.47350597721994,24.308667818003084,40.58410707337388,4.21322292649837,2883.016,,,,,1.3101186784831063,,,,,,,
B0006,489,impedance,24,[2.008e+03 5.000e+00 2.000e+01 7.000e+00 1.000e+00 4.739e+01],,,,,,,,,,,,,,,,,,,830.3443966356668,334.34478374511815,2.5706234739263487,0.20832293398441584,,0.07200798231511968,0.09467221621756744
B0006,490,charge,24,[2008.       5.      20.       7.      33.      50.828],4.182019422566182,3.299499283842209,4.201731577620456,0.051088133457604046,0.4660602593505121,-3.7738067195182934,1.5189720316241349,0.5419772919869131,25.743698100268983,24.070229920377542,28.958962550469153,1.6617673768909058,10806.672,4.413726917057904,0.4635680751173709,,,,,,,,,,
B0006,491,impedance,24,[2008.       5.      20.      10.      35.      19.875],,,,,,,,,,,,,,,,,,,836.2315057410475,328.2840539646193,2.635145817051709,0.2158981620332927,,0.07628105077777647,0.10123049924820199
B0006,492,discharge,24,[2008.       5.      20.      11.       7.      23.453],3.4113335283009314,2.4858689968085326,4.1822817387062585,0.243669978984679,-1.6559085740676296,-2.0142276812428177,0.0011362898765440136,0.7654957106646719,33.209178727620106,24.003796003990193,40.322783635307104,4.224043353343756,2873.453,,,,,1.30521620229393,,,,,,,
B0006,493,impedance,24,[2008.       5.      20.      11.      56.      55.343],,,,,,,,,,,,,,,,,,,831.5473121554027,332.88845395031785,2.5877445636149585,0.21033041975807745,,0.07340853801638215,0.09646817904064085
B0006,494,charge,24,[2008.       5.      20.      12.      28.      58.687],4.182166822631962,3.300640608510676,4.201804218145283,0.050911107589913004,0.47541745655478307,-3.7659976981313297,1.521510676878905,0.5427785321855407,25.849366387166373,24.333095697914757,28.86335897061623,1.544703519801634,10502.453,4.419431140939597,0.47305906040268464,,,,,,,,,,
B0006,495,impedance,24,[2008.       5.      20.      15.      25.      23.625],,,,,,,,,,,,,,,,,,,836.0782625537205,328.008749094148,2.6359464244296054,0.21604444648328713,,0.07559149558239868,0.10170048160813132
B0006,496,discharge,24,[2008.       5.      20.      15.      57.      27.312],3.4081283345557187,2.3957550201907916,4.181394192711236,0.24822787297973212,-1.6561009220603313,-2.0140803684449082,0.001125807644408657,0.7655069350374726,33.58088963686094,24.359100181053126,40.78032921971219,4.2561126788303865,2874.031,,,,,1.3004061951355774,,,,,,,
B0006,497,impedance,24,[2008.       5.      20.      16.      46.      59.765],,,,,,,,,,,,,,,,,,,831.511806789742,332.73045736357875,2.588521389659515,0.21043828097998798,,0.07368975629679228,0.09703678483745568
B0006,498,charge,24,[2008.       5.      20.      17.      19.       3.375],4.182002618515247,3.3014523020307163,4.201878359716502,0.051074828424466374,0.46790375665867684,-3.7664642206897034,1.5253220062558357,0.5420549280783417,26.160906049591357,24.649503116385485,29.24054616758047,1.5686948601331558,10689.219,4.415619825995256,0.46579857632480887,,,,,,,,,,
B0006,499,impedance,24,[2008.       5.      20.      20.      18.      35.187],,,,,,,,,,,,,,,,,,,836.5753564343531,327.8880724547202,2.638548673319689,0.21635751196583985,,0.07436926956755013,0.10195116957544287
B0006,500,discharge,24,[2008.       5.      20.      20.      50.      39.015],3.4125732422699135,2.4504684570147006,4.182109437180301,0.2452230312011813,-1.6493259508429792,-2.014831579693271,0.003538590469666894,0.7709658700007178,33.76400861956033,24.621773390889473,40.85731522464202,4.193931968929846,2874.234,,,,,1.300235735841116,,,,,,,
B0006,501,impedance,24,[2008.       5.      20.      21.      40.      11.843],,,,,,,,,,,,,,,,,,,831.3342635058365,333.44080542592417,2.5825630645693605,0.209734590883658,,0.07251824118465043,0.09465591179063428
B0006,502,charge,24,[2008.       5.      20.      22.      12.      15.984],4.181834582640987,3.3017135841297534,4.201838427416867,0.05127321877946197,0.4768047670833282,-3.7695784683360736,1.5182664575482043,0.5431567543545374,26.149674507929515,24.442392984776813,29.273782336676156,1.6351560837187902,10436.453999999998,4.419068648648649,0.47441702702702715,,,,,,,,,,
B0006,503,impedance,24,[2.008e+03 5.000e+00 2.100e+01 1.000e+00 7.000e+00 3.514e+01],,,,,,,,,,,,,,,,,,,836.6050403609792,327.5859655311037,2.641660255730667,0.21668278468776478,,0.07554946383264172,0.1033905552179119
B0006,504,discharge,24,[2.0080e+03 5.0000e+00 2.1000e+01 1.0000e+00 3.9000e+01 3.8968e+01],3.407693686560286,2.3942028718004007,4.181210531150237,0.24934296653021504,-1.6481131076816375,-2.014857985605384,0.0007121321492493882,0.7718560566678059,33.57003564415372,24.362440700162463,40.74860220857894,4.228315089062405,2864.984,,,,,1.2895066722480755,,,,,,,
B0006,505,impedance,24,[2.008e+03 5.000e+00 2.100e+01 2.000e+00 2.900e+01 2.656e+00],,,,,,,,,,,,,,,,,,,832.3865148685913,331.73669814311774,2.600400724900464,0.21181593446654676,,0.07383014762823663,0.09770882689347758
B0006,506,charge,24,[2.008e+03 5.000e+00 2.100e+01 3.000e+00 1.000e+00 6.687e+00],4.181909885829295,3.2997696570652626,4.201774820147272,0.05117534743823861,0.48586206426887757,-3.772696541391716,1.519523982279382,0.5431361171038912,25.88741440866421,24.156699050488278,28.967053882242595,1.641429121552232,10193.25,4.4230978110279855,0.4833604876697146,,,,,,,,,,
B0006,507,impedance,24,[2008    5   21    5   52   23],,,,,,,,,,,,,,,,,,,836.2868133137426,328.079324226036,2.633991784656145,0.2158969835536871,,0.07543780913259987,0.10190222500615645
B0006,508,discharge,24,[2008.       5.      21.       6.      24.      27.281],3.4073499608041957,2.4303844034459368,4.180183763169455,0.24821460129448178,-1.6402541382604887,-2.013906118562721,0.0020706037950560794,0.778065034301414,33.272050895552354,24.05758090644101,40.472276230208436,4.237196672375289,2855.093,,,,,1.279253057384795,,,,,,,
B0006,509,impedance,24,[2008.      5.     21.      7.     13.     41.25],,,,,,,,,,,,,,,,,,,832.2679489152256,332.34774645935846,2.5906747999956314,0.21083882971427567,,0.07329562021253073,0.09701097507123445
B0006,510,charge,24,[2008.       5.      21.       7.      45.      45.343],4.183197517427232,3.298725121814035,4.201841193794755,0.04899957666562611,0.45937976042945744,-3.7717136551873143,1.5193322149440278,0.5357162560416207,25.497625818790674,23.85096199885395,28.663710651492863,1.6369894428247405,10733.703,4.4120283837056515,0.45716583442838377,,,,,,,,,,
B0006,511,impedance,24,[2.008e+03 5.000e+00 2.100e+01 1.000e+01 4.600e+01 1.953e+00],,,,,,,,,,,,,,,,,,,837.0513088776307,327.3016713939816,2.6452155934560966,0.21706151186350675,,0.0752830478385875,0.10212799871439257
B0006,512,discharge,24,[2008.       5.      21.      11.      18.       6.015],3.409292163767801,2.4755630989048205,4.181641969595387,0.24659016011849222,-1.6339151095418003,-2.01480412850878,0.001176065085161298,0.7837204519359695,33.12740933210319,23.840036551906117,40.28187574900838,4.246858259984162,2855.625,,,,,1.2792078171714618,,,,,,,
B0006,513,impedance,24,[2008.       5.      21.      12.       7.      20.984],,,,,,,,,,,,,,,,,,,833.0110924883811,331.72738454854397,2.6005801159694877,0.21192147818169807,,0.07358700423436104,0.0984700686918705
B0006,514,charge,24,[2008.       5.      21.      12.      39.      25.421],4.183464592697866,3.299455252020041,4.201820075591181,0.0486223455614128,0.4598188662597922,-3.7729149181527832,1.5195881012546288,0.5347743718187026,25.5837511055969,24.09780989935,28.644446228233157,1.565466678918648,10647.812,4.413070747217807,0.457809750927398,,,,,,,,,,
B0006,515,impedance,24,[2008.       5.      21.      15.      38.      16.546],,,,,,,,,,,,,,,,,,,836.0229021464066,328.09607055223074,2.6363820828605613,0.21595703761115526,,0.07504265846305132,0.10234809729911541
B0006,516,discharge,24,[2008.       5.      21.      16.      10.      21.203],3.4095492354804775,2.446712151873903,4.1818501497507565,0.24758339650785938,-1.6340244573659812,-2.014522533445452,0.0019702593856607345,0.7838316988955946,33.439116773449626,24.11614509838886,40.637565231244686,4.2702980385522755,2855.594,,,,,1.274036760902923,,,,,,,
B0006,517,impedance,24,[2008.      5.     21.     16.     59.     36.14],,,,,,,,,,,,,,,,,,,831.5068093239073,332.98265060588164,2.58734446701004,0.2102070362082464,,0.07299830246064513,0.09674804588399895
B0006,518,charge,24,[2008.       5.      21.      17.      31.      40.671],4.183120158655426,3.3003894787191608,4.201815160235378,0.04908918206546026,0.46131118001697813,-3.763320626966718,1.5216068550572994,0.5361882965495413,25.901434373433876,24.299504254477252,29.000180627198866,1.5834592130650342,10621.235,4.413187566418703,0.4591001594048884,,,,,,,,,,
B0006,519,impedance,24,[2008.       5.      21.      20.      30.       5.343],,,,,,,,,,,,,,,,,,,835.770931496861,328.7013863572104,2.6301514408011872,0.21535163389832088,,0.07493083270026814,0.10316530446995302
B0006,520,discharge,24,[2.008e+03 5.000e+00 2.100e+01 2.100e+01 2.000e+00 9.781e+00],3.410318915287339,2.4607112018206894,4.1817089329030335,0.24739801801109818,-1.632488007933941,-2.0149438038428857,0.004049537026825638,0.7848803525722242,33.482874768414376,24.248375431600596,40.64243349478575,4.236324048558813,2847.437,,,,,1.2741273923001468,,,,,,,
B0006,521,impedance,24,[2008.       5.      21.      21.      51.      16.781],,,,,,,,,,,,,,,,,,,832.0848441244516,332.3574879329146,2.5925901629773374,0.21092233592797408,,0.07317671448765889,0.09789006335131165
B0006,522,charge,24,[2008.       5.      21.      22.      23.      21.421],4.182413374403951,3.300733298984257,4.2016698016977765,0.05008150834149084,0.4873820364177546,-3.768968092746883,1.5190401800722073,0.5407028725549687,25.812500717956773,24.058026177342374,28.850541540719945,1.6338212118873674,9969.577999999994,4.3927814625850345,0.48497137188208617,,,,,,,,,,
B0006,523,impedance,24,[2.0080e+03 5.0000e+00 2.2000e+01 1.0000e+00 1.0000e+01 5.4593e+01],,,,,,,,,,,,,,,,,,,836.4911257785915,328.0959989424866,2.6337207405536343,0.21577718552654782,,0.07555918138378297,0.10171557782292613
B0006,524,discharge,24,[2.0080e+03 5.0000e+00 2.2000e+01 1.0000e+00 4.2000e+01 5.9218e+01],3.409269478846637,2.4619788522973796,4.178725976011113,0.24810226825514498,-1.6192610042624402,-2.0150039133931816,0.0014280969271294325,0.7951183753696195,33.22136307064441,23.97276387413658,40.38713367022122,4.229433369947142,2847.36,,,,,1.2637639426440779,,,,,,,
B0006,525,impedance,24,[2.008e+03 5.000e+00 2.200e+01 2.000e+00 3.200e+01 6.250e+00],,,,,,,,,,,,,,,,,,,832.1496631837921,332.16486697765964,2.591653239530202,0.21088505091870213,,0.07330671757566318,0.09867203700323107
B0006,526,charge,24,[2008.       5.      22.       3.       4.      11.015],4.18370305418643,3.2987609244400855,4.201854366050775,0.048230130387822014,0.46275020047473325,-3.7650021548950647,1.5179843483915292,0.5333836495910377,25.418015652812915,23.72777162770006,28.54442368993556,1.6363591241090332,10501.094,4.414394135055152,0.46047726661285987,,,,,,,,,,
B0006,527,impedance,24,[2008.       5.      22.       6.       0.      35.953],,,,,,,,,,,,,,,,,,,836.7656797459557,327.65677398092174,2.6407093695753496,0.21669856448863198,,0.07529135855581007,0.10399050592213124
B0006,528,discharge,24,[2008.       5.      22.       6.      32.      40.921],3.4094374435069095,2.4999079970509284,4.181148894438262,0.24744012771914206,-1.6178242977824624,-2.015129426588159,0.0037301935665104953,0.796212152834948,32.98562738901426,23.67821307261489,40.15316398972329,4.254562559265268,2837.328,,,,,1.2581373688955233,,,,,,,
B0006,529,impedance,24,[2008.       5.      22.       7.      21.      37.921],,,,,,,,,,,,,,,,,,,833.2178038404132,331.22847178220826,2.6009632492193435,0.21211854333656352,,0.07381497446326195,0.09966717133921947
B0006,530,charge,24,[2008.       5.      22.       7.      53.      42.703],4.184213258814413,3.299608040225267,4.201788249320559,0.047147558584135614,0.4561251998698994,-3.76625461075654,1.5196117699154,0.53041028357561,25.184158283341244,23.559665486369315,28.312507797337528,1.6265643822739275,10570.735,4.41162389735365,0.4539740711039829,,,,,,,,,,
B0006,531,impedance,24,[2008.       5.      22.      10.      51.      17.265],,,,,,,,,,,,,,,,,,,837.6820531531881,326.77873936507905,2.6485226256682775,0.21755658578340217,,0.07695888745317593,0.10278141799912464
B0006,532,discharge,24,[2008.       5.      22.      11.      23.      22.187],3.403885091976961,2.4061574188511727,4.181246648937272,0.2532123266842987,-1.6181015728870058,-2.0157490612295734,0.0014360032513640252,0.7959104627910828,32.970182781539556,23.518722627950357,40.26211669866818,4.320691363853224,2837.281,,,,,1.253259864055301,,,,,,,
B0006,533,impedance,24,[2008.       5.      22.      12.      12.      19.453],,,,,,,,,,,,,,,,,,,833.020348599009,331.22933007632486,2.604194835225838,0.21240348644821969,,0.0749168340838373,0.09740913121594287
B0006,534,charge,24,[2008.       5.      22.      12.      44.      24.687],4.1844828823674325,3.2991534317207654,4.201808636248183,0.04678401010041439,0.446398864172521,-3.7680620418827333,1.520159905734956,0.5282948076086195,25.35578191720396,23.889989133344475,28.410960417779172,1.5416202729462314,10804.765,4.407883982231513,0.4444810556571727,,,,,,,,,,
B0006,535,impedance,24,[2008.       5.      22.      15.      45.      53.515],,,,,,,,,,,,,,,,,,,836.9836072264985,327.17625899190585,2.645040187795059,0.21704508700933214,,0.07582454225155175,0.10410637069985224
B0006,536,discharge,24,[2008.      5.     22.     16.     17.     58.89],3.4065929107527846,2.40921365026611,4.1821248744689274,0.25263202324107764,-1.6180985297864203,-2.014223314502266,0.008808612211148337,0.7962214097717415,33.31018716138479,23.900390232503312,40.65437976632703,4.314882989913479,2838.515,,,,,1.2532313315493426,,,,,,,
B0006,537,impedance,24,[2008.       5.      22.      17.       6.      57.515],,,,,,,,,,,,,,,,,,,832.4926041851801,331.86209891732193,2.5984681952520505,0.21159854840949596,,0.07319733067893863,0.0986378767270153
B0006,538,charge,24,[2008.       5.      22.      17.      39.       2.953],4.183364628261381,3.2994126295802615,4.201735384834022,0.04878117905203016,0.47850349958968547,-3.7693140171606307,1.5183067725709938,0.535972952608964,25.68149669765411,23.990092946857853,28.710913065629942,1.607100219675046,10037.5,4.421228579481398,0.47629537767756475,,,,,,,,,,
B0006,539,impedance,24,[2008.       5.      22.      20.      27.      44.765],,,,,,,,,,,,,,,,,,,838.1914884570311,325.80806050956915,2.6597225357567154,0.2189482678947022,,0.07591191584477391,0.10494385154400138
B0006,540,discharge,24,[2008.       5.      22.      20.      59.      50.203],3.4095930016592684,2.4705399687343235,4.179545017207998,0.24908472229042342,-1.6103535053387172,-2.0163352495806492,0.0018528412705641154,0.8022686918286582,33.23406652671602,23.927161901061876,40.41021687551566,4.247229394906718,2828.328,,,,,1.2480874960313577,,,,,,,
B0006,541,impedance,24,[2008.       5.      22.      21.      48.      39.015],,,,,,,,,,,,,,,,,,,833.1118825604655,331.18235111381824,2.6048719812920904,0.21228409191315953,,0.07412387969571942,0.09846760988701693
B0006,542,charge,24,[2008.      5.     22.     22.     20.     44.39],4.184200224556769,3.3001197034334897,4.201941787024512,0.047248466452395374,0.4539914539952823,-3.774311795673955,1.5183954308985603,0.5302809576465283,25.591813739883985,24.007365251427128,28.66950429176209,1.58115633914782,10555.125,4.4105592721434315,0.4520251538667381,,,,,,,,,,
B0006,543,impedance,24,[2008.       5.      23.      11.      41.      10.187],,,,,,,,,,,,,,,,,,,837.8570155672693,326.08792561024205,2.6575470215318813,0.21839301966452848,,0.07629297155319334,0.10647126315333194
B0006,544,discharge,24,[2008.       5.      23.      12.      13.      16.359],3.409409922814414,2.4996841687041944,4.164241788212258,0.24501536673331065,-1.611644410040853,-2.01499403966668,0.0006572950596480301,0.8010853524879897,33.117656712920734,23.563221777928874,40.49521984011741,4.380274662730237,2838.265,,,,,1.2534354284944844,,,,,,,
B0006,545,impedance,24,[2.0080e+03 5.0000e+00 2.3000e+01 1.3000e+01 2.0000e+00 1.5484e+01],,,,,,,,,,,,,,,,,,,833.0726000091951,331.14343481442484,2.6057848821320313,0.21246592422944058,,0.07444944766297028,0.09763490351376954
B0006,546,charge,24,[2008.       5.      23.      17.      12.      57.796],4.186273511206201,3.3269496018541194,4.20193379990356,0.04223861039282815,0.44199100894115206,-3.8207854425526673,1.5197908587854374,0.5219344224143813,25.497613624329297,24.16253384680726,28.564337059732743,1.4556781489552193,10807.328,4.407231876472127,0.4401604292070138,,,,,,,,,,
B0006,547,discharge,24,[2008.       5.      23.      20.      14.      29.875],3.4195489282896943,2.4839695531514434,4.189238693156103,0.2466700164316275,-1.6420364978388977,-2.0181368086516467,0.0011420403060800586,0.7774199520441293,33.78417036686004,24.182986071194534,41.357879741754175,4.440412482093005,2864.547,,,,,1.2898048773266901,,,,,,,
B0006,548,impedance,24,[2008.       5.      23.      21.       3.      54.921],,,,,,,,,,,,,,,,,,,832.3174669795972,332.10137516544387,2.5966099331501735,0.21136056620941535,,0.07429801976099379,0.09727249699620968
B0006,549,charge,24,[2.008e+03 5.000e+00 2.300e+01 2.100e+01 3.600e+01 7.500e-01],4.1825191492621805,3.30255370190612,4.201865908278174,0.050221962143950034,0.4591387841715915,-3.7795049535926117,1.5232226460366054,0.5383358545329098,25.84421874752408,24.185588266196707,29.13293364894342,1.664670895895881,10790.062999999995,4.411217345872518,0.45711703239289453,,,,,,,,,,
B0006,550,impedance,24,[2008.       5.      24.       0.      37.      15.656],,,,,,,,,,,,,,,,,,,835.3564107469598,328.7188942704334,2.6288986292180234,0.2151534879147203,,0.0752876188558989,0.10131281846755223
B0006,551,discharge,24,[2.0080e+03 5.0000e+00 2.4000e+01 1.0000e+00 9.0000e+00 2.1562e+01],3.4151799904187996,2.4675402264113453,4.180842923747738,0.24807422285760142,-1.6194806393973795,-2.0142774492167734,0.0006389432339644004,0.7950525227865529,33.806439563441614,24.13790128994837,41.37902988743146,4.4572811045999154,2846.39,,,,,1.2635402021758835,,,,,,,
B0006,552,impedance,24,[2.0080e+03 5.0000e+00 2.4000e+01 1.0000e+00 5.8000e+01 2.8718e+01],,,,,,,,,,,,,,,,,,,831.419511588426,333.29809327447566,2.5830799462131897,0.20983035830539634,,0.0732641449429155,0.09485788030578557
B0006,553,charge,24,[2.0080e+03 5.0000e+00 2.4000e+01 2.0000e+00 3.0000e+01 3.4593e+01],4.183146901150216,3.302315430096961,4.201787473923707,0.04901209637468072,0.4583761428723268,-3.783566014109638,1.5187569686225868,0.5358268062562096,25.742753320720922,24.038731313392855,29.028126782794402,1.683911617697538,10574.641,4.411798933333333,0.45630053333333337,,,,,,,,,,
B0006,554,impedance,24,[2008.       5.      24.       5.      28.      14.078],,,,,,,,,,,,,,,,,,,836.05557505937,328.2455941148966,2.6362105410684915,0.2158301861844234,,0.07525091465096566,0.10263114150619053
B0006,555,discharge,24,[2008.       5.      24.       6.       0.      20.156],3.4154594925159083,2.4946438160388325,4.18123823034649,0.2480617016753451,-1.6048643562670923,-2.0138128429431967,0.005781248307535802,0.8060358618163398,33.63735785291911,23.963097388160715,41.20920760771975,4.450962807667149,2837.969,,,,,1.2479761706842853,,,,,,,
B0006,556,impedance,24,[2008.       5.      24.       6.      49.      19.062],,,,,,,,,,,,,,,,,,,831.9354655255676,332.71489061934557,2.5908091571140086,0.21062040431982332,,0.07295338594839133,0.09709171535624934
B0006,557,charge,24,[2008.      5.     24.      7.     21.     25.14],4.183234691854298,3.3012187343323354,4.2017437511643605,0.04893473713066838,0.4741766263280676,-3.778045283866205,1.5196312987707965,0.536735769314192,25.638392621114672,23.895267185802766,28.824446138646483,1.673747356627056,10074.109,4.418947516138086,0.4720892506314903,,,,,,,,,,
B0006,558,impedance,24,[2008.       5.      24.      10.      10.      44.312],,,,,,,,,,,,,,,,,,,837.1039986610921,327.1839849327344,2.6450782585004333,0.2170640945685812,,0.07579555842218386,0.10337622430701954
B0006,559,discharge,24,[2008.       5.      24.      10.      42.      50.484],3.4130336456755868,2.4577382116375843,4.1798277092808815,0.2513379562071556,-1.5916400783224371,-2.0149177563869873,0.0023397381848139728,0.8158903428123628,33.58195933847606,23.85096067907487,41.20630554355683,4.472326760440252,2838.156,,,,,1.2321202877943334,,,,,,,
B0006,560,impedance,24,[2008.       5.      24.      11.      31.      49.718],,,,,,,,,,,,,,,,,,,831.4318999222364,333.124002921193,2.5829812364423628,0.20974540057271887,,0.07229989931673016,0.09726851617156725
B0006,561,charge,24,[2008.       5.      24.      12.       3.      55.937],4.184017765217709,3.3007794733708193,4.201762552830957,0.04745349174105404,0.4558512983632322,-3.7844105060535296,1.5183713340434388,0.5312190942975812,25.49563276443761,23.793115866261168,28.73861109020366,1.6642122205001657,10423.047,4.410847154471545,0.4538,,,,,,,,,,
B0006,562,impedance,24,[2008.       5.      24.      14.      59.       4.171],,,,,,,,,,,,,,,,,,,837.8778590198802,326.2438661906749,2.6579473122574373,0.21841328791581457,,0.07634314633390711,0.10459379391771405
B0006,563,discharge,24,[2008.       5.      24.      15.      31.      10.593],3.4094524356574096,2.40986495422137,4.180792839927961,0.25541755590484166,-1.5901105081883435,-2.0149300788502975,0.0010089516629164148,0.81704386414875,33.56245583951572,23.75303412345965,41.28239317323536,4.515353242870561,2829.843,,,,,1.2271137666213534,,,,,,,
B0006,564,impedance,24,[2.008e+03 5.000e+00 2.400e+01 1.600e+01 2.000e+01 1.515e+00],,,,,,,,,,,,,,,,,,,831.9006665793463,332.2481069869986,2.5953131623900285,0.21105947813422174,,0.07208193445058439,0.09632752730869723
B0006,565,charge,24,[2008.       5.      24.      16.      52.       7.875],4.184506044897757,3.3001076045445026,4.201785741226195,0.046743915404460885,0.4485436673529444,-3.783966177604957,1.5189676752326033,0.5284248912429926,25.428938070318736,23.76822922089193,28.66945729023269,1.6606679611750903,10534.046,4.407948525469169,0.44655174262734587,,,,,,,,,,
B0006,566,impedance,24,[2008.       5.      24.      19.      49.       7.109],,,,,,,,,,,,,,,,,,,837.1909632665619,327.03315226647857,2.648585332323126,0.2173908826782663,,0.07548574752727838,0.10415670198896312
B0006,567,discharge,24,[2008.       5.      24.      20.      21.      13.437],3.4138496008165014,2.479418189447868,4.181365190126037,0.2521876111582164,-1.5767754479909835,-2.0147963353542564,0.000859480585004194,0.8262753136633273,33.5111267532655,23.71579098948608,41.1595683576961,4.488716863512712,2829.625,,,,,1.2217397581377356,,,,,,,
B0006,568,impedance,24,[2008.       5.      24.      21.      10.       4.265],,,,,,,,,,,,,,,,,,,833.3354663991125,331.296249232883,2.603007792412035,0.2121992106785516,,0.074020498261262,0.09921529436633025
B0006,569,charge,24,[2008.      5.     24.     21.     42.     10.75],4.184552650962067,3.3009241894129024,4.201919560571855,0.04661230724478604,0.455964732658154,-3.7904069692079725,1.5197901961562135,0.5288276966745012,25.452360068893437,23.80351968374053,28.620406575828014,1.640931450292498,10266.812000000005,4.411609809864976,0.4539203637365666,,,,,,,,,,
B0006,570,impedance,24,[2008.      5.     25.      0.     34.     43.14],,,,,,,,,,,,,,,,,,,837.5660588791064,326.71123281623915,2.6524707095287305,0.21775220262670117,,0.075678173941146,0.10498941605859084
B0006,571,discharge,24,[2.0080e+03 5.0000e+00 2.5000e+01 1.0000e+00 6.0000e+00 4.9828e+01],3.410900672125043,2.434585389303289,4.180594670510683,0.2554146162892581,-1.575262673173442,-2.015518745222527,0.001199208658635817,0.8272958161026505,33.53675907012135,23.759120931060004,41.230427315370186,4.49738001188431,2819.437,,,,,1.211102678915174,,,,,,,
B0006,572,impedance,24,[2.0080e+03 5.0000e+00 2.5000e+01 1.0000e+00 5.5000e+01 3.0531e+01],,,,,,,,,,,,,,,,,,,832.8544063407352,331.70626842624637,2.600348172554732,0.2118882826146821,,0.07451902070420802,0.09722241475542803
B0006,573,charge,24,[2.008e+03 5.000e+00 2.500e+01 2.000e+00 2.700e+01 3.725e+01],4.185044305278331,3.300976187109429,4.201732878916651,0.04567997459582125,0.44169776415753925,-3.7852383299729215,1.5189873798161668,0.5247841923269836,25.399233871624016,23.753155207661315,28.628153065717633,1.6492306769668068,10568.109,4.405252139037434,0.4396574866310161,,,,,,,,,,
B0006,574,impedance,24,[2008.       5.      25.       5.      25.      11.093],,,,,,,,,,,,,,,,,,,838.3046981716257,325.9080591751435,2.6585066877592607,0.218415760883519,,0.07639730618221811,0.10625558495145841
B0006,575,discharge,24,[2008.      5.     25.      5.     57.     17.89],3.4105744140130074,2.425682710641569,4.181424135030176,0.25698194109584227,-1.5684640005188113,-2.0147884579094577,0.0016688329956906312,0.8317378025292568,33.49803069556778,23.662315778660414,41.21487873613708,4.5075717019233785,2819.579,,,,,1.2056159765131735,,,,,,,
B0006,576,impedance,24,[2008.       5.      25.       6.      45.      59.203],,,,,,,,,,,,,,,,,,,832.7543862288784,331.4783398655599,2.5988599955990535,0.21177889037124972,,0.07424018982352315,0.09804575972887292
B0006,577,charge,24,[2008.       5.      25.       7.      18.       6.015],4.18550919440487,3.301620255727303,4.201886584230645,0.044748441035987865,0.4300304239213169,-3.7829070124674815,1.5208523527887805,0.5208406956411049,25.2820272954604,23.67788300371828,28.53948250596772,1.6439136631700664,10798.344,4.400361924686193,0.42811610878661094,,,,,,,,,,
B0006,578,impedance,24,[2008.       5.      25.      10.      19.      30.093],,,,,,,,,,,,,,,,,,,837.5142043698761,326.78112169224306,2.6479742212045276,0.21734827182538166,,0.07554089552390525,0.10325199429925233
B0006,579,discharge,24,[2008.       5.      25.      10.      51.      37.015],3.4096514247359915,2.417924401749313,4.181921994951423,0.25819731705646964,-1.5671286757845893,-2.0146138657111945,0.00267138921983699,0.8329428153403723,33.516977262709986,23.65025525718372,41.27439823262361,4.527649008570073,2810.672,,,,,1.2008936262717274,,,,,,,
B0006,580,impedance,24,[2008.       5.      25.      11.      40.       9.609],,,,,,,,,,,,,,,,,,,833.2498669221004,331.2608416023847,2.6045348042034995,0.21224917931575346,,0.0751269930267548,0.0976015207267083
B0006,581,charge,24,[2008.       5.      25.      12.      12.      16.578],4.1849861835985696,3.301302176469802,4.201754101022374,0.045537947493141204,0.44813813391317475,-3.7878786914446536,1.5181107742572388,0.5251309889357519,25.41799675980421,23.777946927601736,28.572516311766954,1.628467795658477,10279.047,4.353985140341222,0.44620858558062737,,,,,,,,,,
B0006,582,impedance,24,[2.008e+03 5.000e+00 2.500e+01 1.500e+01 5.000e+00 1.687e+00],,,,,,,,,,,,,,,,,,,838.7058210821075,325.61252429332234,2.663267228387985,0.2190763299506798,,0.07758555911246837,0.10473113760753461
B0006,583,discharge,24,[2008.      5.     25.     15.     37.      8.89],3.4128578373442537,2.4541577949851603,4.179593598747663,0.2562295547306426,-1.5537993411647462,-2.0148417510809367,0.002105455435076752,0.8418998631531451,33.531923269271225,23.716467103089535,41.237668013317766,4.494711757510842,2811.485,,,,,1.1905903985558335,,,,,,,
B0006,584,impedance,24,[2008.      5.     25.     16.     25.     42.25],,,,,,,,,,,,,,,,,,,833.6664619584395,330.8894362171352,2.607207631648571,0.2127091043756275,,0.07300304718574424,0.09986121453402325
B0006,585,charge,24,[2008.       5.      25.      16.      57.      49.359],4.185315793098662,3.301915384586722,4.201712312513253,0.04528426473328769,0.4459610400948337,-3.7843489852839536,1.5191382342108168,0.52368683353368,25.454072385369944,23.827067811720887,28.62669459075133,1.6298720824902004,10299.39,4.40801510989011,0.4440241758241759,,,,,,,,,,
B0006,586,impedance,24,[2008.       5.      25.      19.      50.      54.953],,,,,,,,,,,,,,,,,,,839.1037039963313,324.9238631335276,2.6703727578457905,0.21984063273549773,,0.07914099539982122,0.10410597469599145
B0006,587,discharge,24,[2008.       5.      25.      20.      23.       4.453],3.413450901705652,2.463616101176541,4.180557596235595,0.25633972565262325,-1.5521827524962775,-2.013981544237104,0.0030546197767952537,0.8426741525725665,33.567636169584304,23.75283925140291,41.24068073261839,4.488739697730475,2802.422,,,,,1.185179251041941,,,,,,,
B0006,588,impedance,24,[2008.       5.      25.      21.      11.      31.515],,,,,,,,,,,,,,,,,,,833.5638078615474,331.0172284502574,2.606150255680649,0.2124254790474781,,0.0733791162898153,0.10012439870046425
B0006,589,charge,24,[2008.       5.      25.      21.      43.      40.953],4.185698076549506,3.3017323661121236,4.201956439749408,0.044419076521858364,0.4336735856198965,-3.7858512135022657,1.5189757328553397,0.5198877518871337,25.429946661301248,23.829102002547618,28.631186857858758,1.6258231259022369,10543.077999999994,4.402432903918412,0.43179280730005365,,,,,,,,,,
B0006,590,impedance,24,[2008.       5.      26.       0.      40.      52.859],,,,,,,,,,,,,,,,,,,837.6987916352605,326.5501673960634,2.6507419003261963,0.21769925579954985,,0.07703480377026387,0.1043025357256912
B0006,591,discharge,24,[2.008e+03 5.000e+00 2.600e+01 1.000e+00 1.300e+01 2.796e+00],3.414388187503409,2.470375229475307,4.181414159913002,0.2568441721022827,-1.5452652929126827,-2.014023708028726,0.0020243726684846712,0.8470345896109175,33.60493096509702,23.806067140125037,41.28133907077437,4.480792235047609,2801.625,,,,,1.1796706818144624,,,,,,,
B0006,592,impedance,24,[2.0080e+03 5.0000e+00 2.6000e+01 2.0000e+00 1.0000e+00 2.9328e+01],,,,,,,,,,,,,,,,,,,833.7134547511641,330.5703306286437,2.614171202058451,0.21337556782557746,,0.07400638737748559,0.10058214210272005
B0006,593,charge,24,[2.0080e+03 5.0000e+00 2.6000e+01 2.0000e+00 3.3000e+01 3.9031e+01],4.185822767349111,3.303220076248094,4.201709609217771,0.04425364718820555,0.4356243203367186,-3.78787942201836,1.5205651404243992,0.5194694242613626,25.42050671654486,23.76900806665963,28.612332550569292,1.6344222306548628,10430.109,4.4035853459972865,0.43361492537313434,,,,,,,,,,
B0006,594,impedance,24,[2008.       5.      26.       5.      28.      58.109],,,,,,,,,,,,,,,,,,,837.9957473561198,326.4685786711962,2.650929306643957,0.21787182730522495,,0.07558657312230183,0.10545022867710716
B0006,595,discharge,24,[2.008e+03 5.000e+00 2.600e+01 6.000e+00 1.000e+00 8.171e+00],3.412419038813061,2.4357634426689945,4.180815073540562,0.25993777730028017,-1.538651770825325,-2.016504705213686,0.003941121782864298,0.8513560117080599,33.54281440778599,23.71321070187237,41.28338645880181,4.497310319961048,2802.031,,,,,1.1745952836753915,,,,,,,
B0006,596,impedance,24,[2008.       5.      26.       6.      49.      35.046],,,,,,,,,,,,,,,,,,,833.013558037234,331.58072728130145,2.603477931358838,0.2121323448465994,,0.07445731304872845,0.09771765292275987
B0006,597,charge,24,[2008.       5.      26.       7.      21.      44.953],4.183379948808009,3.302289699470916,4.202177831755399,0.04428176558321919,0.43856471577470724,-3.7928876825609925,1.517804067339829,0.5254014761975567,25.397105626124826,23.776410136992208,28.542199304478256,1.6250206129600369,10154.094,3.785289371174179,0.4367161936560935,,,,,,,,,,
B0006,598,impedance,24,[2008.       5.      26.      10.      12.      28.125],,,,,,,,,,,,,,,,,,,838.1844240788969,325.89071416570954,2.6605553359045127,0.2186095117938144,,0.07680024027253078,0.10505838895245793
B0006,599,discharge,24,[2008.       5.      26.      10.      44.      38.468],3.4148103057455175,2.481190011798763,4.1697037841892834,0.25676219132624173,-1.5169723774339863,-2.0192733708647617,0.002247664734570795,0.8647472127992183,33.472459360982775,23.707339766856947,41.149193043289586,4.458920775963431,2793.39,,,,,1.15381833159625,,,,,,,
B0006,600,impedance,24,[2008.       5.      26.      11.      32.      56.968],,,,,,,,,,,,,,,,,,,833.7051166168118,330.9547829361384,2.608568742711083,0.21270710884423108,,0.07404961895766839,0.10004265315557904
B0006,601,charge,24,[2008.       5.      26.      12.       5.       7.078],4.186038120685106,3.3018242995261127,4.20176385561649,0.0439776268313092,0.4372038286477613,-3.7913311497766347,1.517932231331495,0.5187137492015638,25.419424201944214,23.816906753091807,28.565426308382822,1.6076766145670043,10316.906,4.40431292890475,0.4353848476530332,,,,,,,,,,
B0006,602,impedance,24,[2008.       5.      26.      14.      58.      33.218],,,,,,,,,,,,,,,,,,,838.1812453398767,325.9333494991206,2.6571082012837457,0.2184103809298437,,0.07773379473968531,0.1055258410926404
B0006,603,discharge,24,[2008.       5.      26.      15.      30.      43.968],3.4166177332601,2.491537251958465,4.180283727512206,0.25786885910619006,-1.5238501013926742,-2.014625681416588,0.0020222968056506606,0.8603890556014289,33.58210389885497,23.791460085164704,41.26268252018065,4.465400116342418,2793.39,,,,,1.1644009557372264,,,,,,,
B0006,604,impedance,24,[2008.       5.      26.      16.      19.       2.828],,,,,,,,,,,,,,,,,,,833.1005270081884,331.41772841132826,2.603175490676348,0.2120758047045299,,0.07345356672681479,0.09958433419834246
B0006,605,charge,24,[2008.       5.      26.      16.      51.      13.375],4.186458410641472,3.304408100521819,4.20175644608898,0.04301955828370856,0.4234663540479643,-3.790433217834476,1.5185435324136218,0.5143073625362488,25.432459537239456,23.850339564715096,28.631428241793976,1.6125766382905684,10571.39,4.398319593147751,0.42168549250535337,,,,,,,,,,
B0006,606,impedance,24,[2008.       5.      26.      19.      48.      54.421],,,,,,,,,,,,,,,,,,,838.839532075871,325.3784145415221,2.665137996110375,0.2192459601730079,,0.07649758460967311,0.10668360253694291
B0006,607,discharge,24,[2008.       5.      26.      20.      21.       4.921],3.4121341541171764,2.40904100737121,4.181170015245673,0.26372718676135337,-1.523792814686802,-2.016243208356173,0.0003659402321130544,0.8604329777233659,33.6634605108384,23.802896883148367,41.45791806300034,4.507073999103317,2792.485,,,,,1.1587974947916069,,,,,,,
B0006,608,impedance,24,[2008.      5.     26.     21.      9.     22.89],,,,,,,,,,,,,,,,,,,834.1335482156854,330.1457716166089,2.6168009231377956,0.21368543785974037,,0.07429181207917376,0.10145770673563659
B0006,609,charge,24,[2008.       5.      26.      21.      41.      33.468],4.185803839712749,3.303560314065407,4.201706683800265,0.0443511274150576,0.44935332260144684,-3.7931687120611355,1.5202223510203254,0.5203470399823038,25.57546236674736,23.919128494558716,28.6588020031526,1.611310682109281,9892.375,4.40952691867125,0.4474739404352806,,,,,,,,,,
B0006,610,impedance,24,[2008.       5.      27.       0.      27.      55.562],,,,,,,,,,,,,,,,,,,838.4220905228931,325.9360791133947,2.6611001626943813,0.2188609736742594,,0.07693445086160708,0.10589812281309796
B0006,611,discharge,24,[2008.       5.      27.      15.      52.      41.359],3.419700177568569,2.475767645530351,4.1575524997258,0.2529109631298057,-1.5391310859398721,-2.013736316594881,-0.000423769574389527,0.8511924609455338,33.730546074122294,24.698597962486065,41.11666214070682,4.1670548482657015,2802.016,,,,,1.1749748834769171,,,,,,,
B0006,612,charge,24,[2008.       5.      27.      17.      53.      59.765],4.185713841585135,3.3144498387779717,4.201881752705908,0.043920669195371166,0.4464381676308704,-3.8054224311359532,1.5196958170684782,0.5217929630839083,25.30089012739764,23.886893695356687,28.229569454958643,1.378855451327173,10212.234,4.40860654827969,0.44494145394006657,,,,,,,,,,
B0006,613,discharge,24,[2008.       5.      27.      20.      45.      42.125],3.4234687742187893,2.4160441724133666,4.188511527828155,0.2619158664193414,-1.5426703969635054,-2.014876364498059,0.0032206172427055937,0.8495522069665737,33.8912822372509,24.907725860706154,41.36263766174168,4.080219455624845,2820.39,,,,,1.1856752327929356,,,,,,,
B0006,614,impedance,24,[2008.      5.     27.     21.     34.     28.64],,,,,,,,,,,,,,,,,,,833.402875749444,330.84325695353874,2.606882259102596,0.21263656657743635,,0.07358936787982846,0.09999474026181411
B0006,615,charge,24,[2008.       5.      28.      11.       9.      42.046],3.026934487924202,-0.0014221565384104913,4.985345277460334,2.1154439998020096,-0.0014025788512388184,-0.005157289032680363,0.0003294256124374773,0.00198988201721226,22.987996438827178,22.98409947535817,22.994624737077395,0.004060014984755419,12.656000000000002,2.8340000000000005,-0.0006000000000000001,,,,,,,,,,
B0007,0,charge,24,[2.0080e+03 4.0000e+00 2.0000e+00 1.3000e+01 8.0000e+00 1.7921e+01],4.189507926171337,3.6448995932335473,4.214723891435149,0.04628600824031921,0.657225274788553,-2.2618666203475337,1.4946517877374688,0.6059862906478426,25.115926436461894,23.922227422717448,27.29904441900397,1.035089782780446,7597.875,4.271169835234473,0.6621883396704689,,,,,,,,,,
B0007,1,discharge,24,[2.0080e+03 4.0000e+00 2.0000e+00 1.5000e+01 2.5000e+01 4.1593e+01],3.522006703394617,2.145975766935391,4.199497433806136,0.2874452516516924,-1.8691188840185695,-1.9968672421771276,0.0009103844987851796,0.4752966796525294,32.62485875142121,23.92407356409745,40.59042914535701,3.8821725491629793,3690.234,,,,,1.89105229539079,,,,,,,
B0007,2,charge,24,[2.0080e+03 4.0000e+00 2.0000e+00 1.6000e+01 3.7000e+01 5.1984e+01],4.052903759371662,2.905049544912642,4.214978847580325,0.1953222855692542,0.9550493059431925,-2.258223670085453,1.4969120601322317,0.6431996658780816,26.756606170640403,24.27813784997582,30.577385154985016,1.5992596961344596,10516.0,4.376724468085106,0.9614282978723405,,,,,,,,,,
B0007,3,discharge,24,[2.0080e+03 4.0000e+00 2.0000e+00 1.9000e+01 4.3000e+01 4.8406e+01],3.5319490434317116,2.1110166987852117,4.198510349854315,0.2797089856913086,-1.8680422715350309,-1.9943911963511516,0.003601550603928921,0.47659959994822176,32.738209593287145,24.261106709876195,40.26023408628707,3.767777623445933,3672.344,,,,,1.880637027686859,,,,,,,
B0007,4,charge,24,[2.0080e+03 4.0000e+00 2.0000e+00 2.0000e+01 5.5000e+01 4.0812e+01],4.0484888632002844,2.951646252509994,4.214688912633025,0.19711529091265698,0.9566637790683153,-2.259445364927154,1.495094509906803,0.6433943094285566,26.78896518782561,24.361166488705162,30.66376913104331,1.5868116746119472,10484.547,4.354108858057631,0.9630779082177162,,,,,,,,,,
B0007,5,discharge,24,[2.008e+03 4.000e+00 3.000e+00 0.000e+00 1.000e+00 6.687e+00],3.5344025220217845,2.0251085128182655,4.198280074112568,0.28372654574505013,-1.877784734502072,-1.994681656822022,-0.0010276902277484255,0.4584167741596034,32.68511456550919,24.3190033925327,40.27558633997852,3.746724750145294,3651.641,,,,,1.8806626717011388,,,,,,,
B0007,6,charge,24,[2.0080e+03 4.0000e+00 3.0000e+00 1.0000e+00 1.2000e+01 3.8671e+01],4.047760658857355,2.9467994849709904,4.214772907108823,0.19700892824133792,0.96029909817534,-2.258309855573535,1.496642337061249,0.6421397401915959,26.790949987534404,24.29173650224435,30.792245916339162,1.6241770817582486,10397.89,4.349350482315113,0.9667372990353698,,,,,,,,,,
B0007,7,discharge,24,[2008.       4.       3.       4.      16.      37.375],3.53492504932652,1.922542180649595,4.198267468745592,0.29008702878464626,-1.8875256535871228,-1.9952731083659303,-0.0006983471237198692,0.43922371626617773,32.554748499572646,24.223578724887073,40.29314715799111,3.748713692085809,3631.563,,,,,1.8807709009833444,,,,,,,
B0007,8,charge,24,[2008.       4.       3.       5.      27.      49.125],4.04822297570294,2.939284531221614,4.21467779253526,0.19697770601884743,0.9567567396064011,-2.2598866834853135,1.4967519268674079,0.6439107299084044,26.726850930641444,24.178585795948038,30.89342353302922,1.6634070179604235,10495.203,4.344615795090715,0.9627694770544291,,,,,,,,,,
B0007,9,discharge,24,[2008.       4.       3.       8.      33.      25.703],3.534536640068787,1.8711590450649882,4.198464224146956,0.29220641599968367,-1.8871559747738404,-1.9935500451030046,0.0005983417342468405,0.439454184988277,32.46787845303298,24.13830760704513,40.268872630219796,3.757399994843755,3629.172,,,,,1.8794508728285058,,,,,,,
B0007,10,charge,24,[2008.       4.       3.       9.      44.      35.078],4.049879067690307,2.9488986408910622,4.2150694402361655,0.19686895047709937,0.941081430882649,-2.2568227959927976,1.4964952502128015,0.6499907374453199,26.620773999930954,24.190445945592884,30.821167500690837,1.6506308272715045,10792.672,4.2578298319327725,0.9471830882352941,,,,,,,,,,
B0007,11,discharge,24,[2008.       4.       3.      12.      55.      10.687],3.5411626672196816,2.1756867065903434,4.197967993115647,0.26674308476358344,-1.8675154082122565,-1.9941041745764116,-0.00042434758525011757,0.47752624091693197,32.48624734055599,24.135840711684263,39.67620802332074,3.7187797514899983,3652.281,,,,,1.8807003517117404,,,,,,,
B0007,12,charge,24,[2008.       4.       3.      14.       6.      43.234],4.050759108978297,3.0030807978827,4.2147997979457195,0.19385196612383657,0.9381438417793193,-2.2585172923121335,1.4964453917963974,0.6512663815385707,26.58924306987374,24.288626077672,30.421910739966474,1.5567497445205642,10789.985,4.235237394957983,0.9443293067226891,,,,,,,,,,
B0007,13,discharge,24,[2008.       4.       3.      17.      17.      16.015],3.541165612176161,2.1117887156019437,4.198023461704379,0.27118633921124835,-1.8673304059806155,-1.993164510431567,0.0005401764510727361,0.4774906738400573,32.55779966353037,24.255515986671373,39.803817662926164,3.7152261569509877,3650.828,,,,,1.8799352523566075,,,,,,,
B0007,14,charge,24,[2008.       4.       3.      18.      28.      47.125],4.044734526765342,2.9992763559263356,4.214676316022421,0.1963285996677657,0.9714237873848344,-2.2581337056618764,1.4986271400537168,0.6379742607586015,26.74846360058507,24.314377908034484,30.518431203479878,1.5384031030971992,10127.562,4.399827173913044,0.9775202173913045,,,,,,,,,,
B0007,15,discharge,24,[2008.       4.       3.      21.      28.      14.718],3.5494581176357975,2.026250619894166,4.199372697237068,0.27297824294152273,-1.9063154499484403,-1.9936540341331743,-0.0003281718194490804,0.3979115030496563,32.45374435641106,24.302952144966042,39.88810476942348,3.66750069286357,3572.453,,,,,1.8815088124038797,,,,,,,
B0007,16,charge,24,[2008.       4.       3.      22.      38.      27.453],4.043475031336312,2.9911876187954594,4.214795782824283,0.19801263434603003,0.9708134573226749,-2.257178725012606,1.4958460678502457,0.6385610991927095,26.80373015807701,24.300974781854066,31.081278437806464,1.6403245038701662,10147.952999999994,4.370522258414767,0.9769462540716612,,,,,,,,,,
B0007,17,discharge,24,[2.0080e+03 4.0000e+00 4.0000e+00 1.0000e+00 3.8000e+01 1.5218e+01],3.5502805464079743,1.9505894332906037,4.19921182024681,0.2771296154486181,-1.9164259300038171,-1.99377953803378,0.0005697252689816581,0.37443743546277825,32.373246444985035,24.257530932186896,39.95162250671474,3.662879470802171,3550.594,,,,,1.8696907870385844,,,,,,,
B0007,18,charge,24,[2.008e+03 4.000e+00 4.000e+00 2.000e+00 4.800e+01 6.156e+00],4.043487576569312,2.9850080368215393,4.2147880916189155,0.19838856767434412,0.969493151522299,-2.256867952684998,1.4969011213429317,0.638940102949481,26.78643062225572,24.21765387078277,31.24066372289512,1.6882514229837178,10162.094,4.379498371335505,0.9757685124864278,,,,,,,,,,
B0007,19,discharge,24,[2008.       4.       4.       5.      48.       8.609],3.5481347674910286,1.8688247067658061,4.198957678253482,0.283812978267983,-1.9165016044519978,-1.9937831213829802,0.0035107556642499692,0.3742086617157418,32.30534276235138,24.189583713016194,40.052021854718284,3.6783546666995868,3551.25,,,,,1.870052380139199,,,,,,,
B0007,20,charge,24,[2.008e+03 4.000e+00 4.000e+00 6.000e+00 5.800e+01 2.960e-01],4.043393946582859,2.978122589808053,4.2147872937326705,0.19855177433497287,0.971049086675056,-2.2593801599662027,1.49798050185915,0.6380718327575945,26.717163571192394,24.104222274848492,31.220976754395,1.7090226359227103,10119.375,4.38439347826087,0.9773697826086957,,,,,,,,,,
B0007,21,discharge,24,[2008.       4.       4.       9.      57.      19.765],3.5484272148956437,1.7896213776724978,4.198832114024662,0.28889633724718083,-1.926771167846017,-1.9942511729128334,-9.593499764332657e-05,0.3483926910622938,32.183319483399806,24.062655752137022,40.1213838436794,3.687673913430504,3530.25,,,,,1.8700442394188577,,,,,,,
B0007,22,charge,24,[2008.       4.       4.      11.       6.      50.375],4.042609172722694,2.967811398996865,4.214760443660266,0.19811741727040863,0.9772515046243128,-2.258173949367288,1.4951705029127167,0.6356878320234784,26.780922573059726,24.2260028130671,31.372627292785396,1.708282175283314,10013.235,4.3861905805038335,0.9836785323110625,,,,,,,,,,
B0007,23,charge,24,[2008.       4.       4.      15.       5.      59.906],4.083839046288738,3.4918452502663575,4.214635547971288,0.14157762325902173,0.9327747701425856,-2.259349558224372,1.4963590381220029,0.6434678982730421,26.84939514355575,24.36186819225836,30.225464388780154,1.595492155232017,9586.875,4.369759197324415,0.9390075808249723,,,,,,,,,,
B0007,24,discharge,24,[2008.       4.       4.      17.      56.      27.609],3.5560433603714667,1.910336108594535,4.198945227315025,0.27604177175304995,-1.936979366983281,-1.9938120330189373,-0.0018154689461531233,0.3204322222158979,32.378853181816005,24.334878490739897,40.174657039770814,3.63791535075196,3491.016,,,,,1.8596518987766364,,,,,,,
B0007,25,charge,24,[2008.       4.       4.      19.       5.      19.234],4.042846696176429,3.0148726955046894,4.214697666122234,0.19632218753211686,0.9765825046761387,-2.257250955728727,1.496743154394965,0.6359693093657751,27.007028938797088,24.358368588325746,31.747377634153153,1.7477888765695258,9952.359,4.394621710526316,0.9828961622807018,,,,,,,,,,
B0007,26,discharge,24,[2.0080e+03 4.0000e+00 4.0000e+00 2.2000e+01 1.0000e+00 5.4671e+01],3.5604849642800684,1.9086884059809102,4.1990513028067955,0.2717170193494012,-1.947065774665518,-1.9942213710086447,0.0021769059281878883,0.2882487625048244,32.2913249500013,24.352069874766624,40.016434730174936,3.582678179632668,3470.281,,,,,1.8590746560862206,,,,,,,
B0007,27,charge,24,[2008.       4.       4.      23.      10.      25.421],4.048321143107591,3.002645300353557,4.21478322848139,0.19642956842428508,0.9367527511198251,-2.2577026727640215,1.4954900975923258,0.6521611291745204,26.826630905506512,24.192075362622663,31.779134469034663,1.8269531847638805,10758.031000000003,4.208594111461619,0.9428737118822292,,,,,,,,,,
B0007,28,discharge,24,[2.0080e+03 4.0000e+00 5.0000e+00 2.0000e+00 2.0000e+01 2.6703e+01],3.5562872542469752,1.7868782934275431,4.198107645780677,0.2826191895837473,-1.946961601670498,-1.9939995868905829,-0.0004508051048845279,0.2883646179237529,32.14782797344657,24.125190486792466,40.16569230743226,3.622670216832461,3470.0,,,,,1.8590084577709232,,,,,,,
B0007,29,charge,24,[2008.       4.       5.       3.      28.      57.234],4.042805773132121,2.9902562041660516,4.21480753341866,0.1972893013907486,0.9780048981914566,-2.2587594242447993,1.4976970462895745,0.6350159936857043,26.845102423271214,24.094997248461706,31.742574167707367,1.8136909767748302,9921.75,4.412373216245884,0.9842308452250275,,,,,,,,,,
B0007,30,discharge,24,[2.008e+03 4.000e+00 5.000e+00 6.000e+00 2.500e+01 1.890e+00],3.5647746218187324,2.1361343961784502,4.19925638222589,0.2549992595793087,-1.946851050742258,-1.994356138623711,-0.001132462861187769,0.28894202027233323,32.01380948237792,24.072501109913752,39.46139677634257,3.570709862627515,3450.297,,,,,1.8593622586957048,,,,,,,
B0007,31,charge,24,[2008.       4.       5.       7.      33.      12.734],4.045560380508014,3.0484265884792863,4.214941550491233,0.19271175219811001,0.9713299948475255,-2.259076929798671,1.4953726933783906,0.6375155001757481,26.64132190339396,23.988797791398166,31.367092340830315,1.7565937995174319,10000.25,4.380451859956237,0.9776390590809629,,,,,,,,,,
B0007,32,discharge,24,[2008.       4.       5.      10.      30.      32.312],3.565438928797127,2.0133501283179167,4.199087384946408,0.2598113371383103,-1.9574063719005568,-1.9935665024864544,0.0005922421493807632,0.25171076392728675,31.881310103471357,23.938131916668528,39.5636595172155,3.5607713646101002,3429.407,,,,,1.8587355450601035,,,,,,,
B0007,33,charge,24,[2008.      4.      5.     11.     38.     22.14],4.044533741116961,3.040816842807257,4.214888859693616,0.19388571403737354,0.9736960061342099,-2.2573066258252825,1.497398591968468,0.6365407410685279,26.630410829604692,23.967249593082702,31.5483245449075,1.794095052490242,9936.031,4.380650933040615,0.980095828759605,,,,,,,,,,
B0007,34,discharge,24,[2008.       4.       5.      14.      34.      41.468],3.565961679108638,1.8575547668336483,4.199009971925293,0.26669381029351313,-1.9680136940585706,-1.993742172224942,-0.0019590482402041375,0.20658857155432495,31.854304304240515,23.932016714666645,39.628948319501816,3.552969052142723,3409.484,,,,,1.847817291322145,,,,,,,
B0007,35,charge,24,[2008.       4.       5.      15.      42.      11.531],4.044230721552821,3.028214472456539,4.214844274151372,0.1949646980603593,0.9714159558670731,-2.2555994965654356,1.4956044840220852,0.6376752050885822,26.732842671781054,24.008525704308667,31.877731734386295,1.8570394046378957,9989.532,4.360902519167579,0.977786199342826,,,,,,,,,,
B0007,36,discharge,24,[2008.       4.       5.      18.      39.      25.218],3.572496559005355,2.1657556124208934,4.1985172274243965,0.2443446202400194,-1.9680499927642312,-1.9946244036549008,0.0004326258514957495,0.20727562782238032,31.856555404576753,23.976819790445433,39.225347214914876,3.5240064913765976,3390.422,,,,,1.8485252916137047,,,,,,,
B0007,37,charge,24,[2008.       4.       5.      19.      46.      36.125],4.0483283369868595,3.0748162871179514,4.214811027824689,0.1897760970660536,0.9597080129511604,-2.2572421269163248,1.4964859080218151,0.6423653778033186,26.680612495729743,24.040685182123553,31.64827378798208,1.8142654335081019,10158.782,4.30205748373102,0.9661138828633407,,,,,,,,,,
B0007,38,discharge,24,[2008.       4.       5.      22.      46.      35.484],3.5699492020415136,2.0270686341513207,4.198245740608724,0.25329366708168694,-1.9680218912213907,-1.994455565707021,-0.0024409084852146062,0.20716884485636725,31.867182607083926,23.980775695020398,39.4126321606434,3.5311983271559155,3390.281,,,,,1.848378951850034,,,,,,,
B0007,39,charge,24,[2008.      4.     18.     17.     34.     22.89],4.074946565045077,3.271506410443981,4.21474637892319,0.15254129758855325,0.9481045644637048,-2.2565961562150756,1.495914499365525,0.6453320902423333,25.34511515663789,23.699824143298056,28.79758724840639,1.4096997982550317,10289.312,4.347907824222936,0.9535821007502681,,,,,,,,,,
B0007,40,impedance,24,[2008.       4.      18.      20.      55.      29.859],,,,,,,,,,,,,,,,,,,804.3879881079342,335.71052886799856,2.446360050483571,0.18589277550863706,,0.03816813609946085,0.06158094574229446
B0007,41,discharge,24,[2008.       4.      18.      21.      10.      19.796],3.5464338449590023,1.905311669649934,4.196262462698172,0.2870418502164071,-1.9066656790606797,-1.9992261048783584,-0.0008292148953224378,0.3970264906393026,32.35216872128999,24.35868522365832,39.95874037686836,3.6200786747538674,3591.734,,,,,1.8807805437609766,,,,,,,
B0007,42,impedance,24,[2008.       4.      18.      22.      39.      16.312],,,,,,,,,,,,,,,,,,,811.1556122746427,326.03659796086043,2.567574910537856,0.2064277717327566,,0.042352200255114755,0.07946205744298855
B0007,43,charge,24,[2008.       4.      18.      22.      53.      58.343],4.0497034511262955,2.9686635921177515,4.214913925322058,0.18949384928438212,0.9677294548207197,-2.257614950089563,1.503748163338085,0.6415351394852313,25.81811264335102,24.53498109749642,29.15641159378297,1.2790531199266277,10283.077999999994,4.357154261057174,0.9736869471413161,,,,,,,,,,
B0007,44,impedance,24,[2.0080e+03 4.0000e+00 1.9000e+01 2.0000e+00 1.4000e+01 2.7015e+01],,,,,,,,,,,,,,,,,,,805.2766402880911,334.83489232180506,2.4527247969812906,0.18715320140901773,,0.03971312292013592,0.06180654339682964
B0007,45,discharge,24,[2008    4   19    2   29    9],3.5531968089006387,1.7951975189442124,4.1969587758867,0.28839720112764217,-1.9267118604677658,-1.9940266531677509,0.0007573311396121474,0.34743557997528324,32.60219299451182,24.65025766803762,40.31302300333008,3.609319632122495,3552.297,,,,,1.8814721597443598,,,,,,,
B0007,46,impedance,24,[2008.       4.      19.       3.      57.      24.187],,,,,,,,,,,,,,,,,,,808.4255693284287,324.24915094897574,2.6819370715894446,0.3895638179592664,,0.04171928239305599,0.08085099253522705
B0007,47,charge,24,[2008.       4.      19.       4.      12.       6.343],4.047740326560617,2.9578028920213355,4.214664287644461,0.19141366435362775,0.969498665465437,-2.257687343623163,1.4972768268317336,0.6418048602946806,25.908545561555126,24.54106609251165,29.1544231457191,1.2333656975916836,10281.39,4.343107142857143,0.9749508658008658,,,,,,,,,,
B0007,48,impedance,24,[2008.       4.      19.       7.      32.      33.656],,,,,,,,,,,,,,,,,,,804.2843810436507,336.0957675447977,2.440787034338394,0.18562814727425256,,0.03840146399106517,0.06100130384680727
B0007,49,discharge,24,[2008.       4.      19.       7.      47.      15.703],3.5599340214678805,2.1058524852518143,4.197071720130598,0.262396085205122,-1.9260915660103672,-1.993858646326954,0.0013452537587627588,0.3484920989459363,32.19571819720114,24.306273974736932,39.359447242364645,3.5383074860799546,3531.578,,,,,1.8810954313244785,,,,,,,
B0007,50,impedance,24,[2008.       4.      19.       9.      15.      10.453],,,,,,,,,,,,,,,,,,,805.2060025316931,327.447301900886,2.6207681495035677,0.3140328379581643,,0.041725543288745344,0.07324252372827775
B0007,51,charge,24,[2008.       4.      19.       9.      29.      52.703],4.047339918204985,3.0136515578797805,4.214683020359257,0.1896081522365714,0.9763265840568763,-2.2566610651846633,1.497033123341074,0.637954633958524,25.457306030924414,24.136531653546662,28.71481831414117,1.2414792603780243,10081.797,4.37532056892779,0.9817844638949673,,,,,,,,,,
B0007,52,impedance,24,[2.008e+03 4.000e+00 1.900e+01 1.200e+01 4.700e+01 4.210e-01],,,,,,,,,,,,,,,,,,,803.3401713094164,337.2291269726925,2.433417968521647,0.18475946548704236,,0.0371051772037323,0.06007565108189894
B0007,53,discharge,24,[2.0080e+03 4.0000e+00 1.9000e+01 1.3000e+01 1.0000e+00 4.2562e+01],3.5595604968237993,1.846021007590992,4.19690260801443,0.2755055664428783,-1.9468340181835688,-1.9927272592846585,0.0006146261200233335,0.28754259789672953,31.805988160181123,23.946713982155597,39.454159451189874,3.5365956799637424,3492.907,,,,,1.8710089649779995,,,,,,,
B0007,54,impedance,24,[2008.       4.      19.      14.      28.      58.984],,,,,,,,,,,,,,,,,,,805.4924438135473,326.2836739806992,2.685690769883017,0.4548327737152365,,0.039929523505293565,0.07752548996987343
B0007,55,charge,24,[2008.       4.      19.      14.      43.      41.265],4.052602643278332,2.9931887426126202,4.214632473773596,0.18974815479637583,0.9401045747552429,-2.25873311675073,1.4975499467220157,0.6522454917999334,25.208124224769332,23.937739305737637,28.533877426349584,1.2384880891741903,10797.328,4.219046315789473,0.9454895789473685,,,,,,,,,,
B0007,56,impedance,24,[2008.       4.      19.      18.      12.      47.531],,,,,,,,,,,,,,,,,,,822.4445874536982,341.4120323796764,2.49145364411137,0.1785051818480623,,0.037833946033938984,0.061293760421866045
B0007,57,discharge,24,[2008.       4.      19.      18.      27.      29.828],3.552385161941813,1.7370300333706354,4.1966416719103465,0.28817671720490146,-1.9364196896718646,-1.9934659604006035,-0.000273936052171472,0.31982012695944373,31.737001978644926,23.7951049382806,39.641748274009444,3.6015349556344587,3511.594,,,,,1.8701995151941375,,,,,,,
B0007,58,impedance,24,[2008.       4.      19.      19.      55.       5.296],,,,,,,,,,,,,,,,,,,805.2824638557919,326.59447087474746,2.596893281906727,0.2555885000966424,,0.040868280768717374,0.07683869552898764
B0007,59,charge,24,[2008.      4.     19.     20.      9.     47.75],4.048938302632183,2.983016469304486,4.214717049746853,0.18915299847146055,0.9744267167666859,-2.25410399402555,1.4998085716692229,0.6380917477156635,25.198908450122424,23.886082644381183,28.46161610072502,1.2326636999771083,10099.218,4.385508733624453,0.9798574235807861,,,,,,,,,,
B0007,60,impedance,24,[2008.       4.      19.      23.      27.      13.343],,,,,,,,,,,,,,,,,,,803.5268717000154,336.5254029089654,2.4396027898731276,0.18535120347018405,,0.037520425405365855,0.060073134186248135
B0007,61,discharge,24,[2008.       4.      19.      23.      41.      55.687],3.5707670304281067,2.0506492642329937,4.1971302559922,0.2505087558173121,-1.9675984733558025,-1.9930006393050421,-0.00037863003489925804,0.20616966472270115,31.51707667966367,23.718457017715572,38.86906912217273,3.467097459094623,3431.9370000000054,,,,,1.8706715362800985,,,,,,,
B0007,62,impedance,24,[2.0080e+03 4.0000e+00 2.0000e+01 1.0000e+00 8.0000e+00 1.1406e+01],,,,,,,,,,,,,,,,,,,804.5997791534097,326.9668958794306,2.6744266925413123,0.43807231857303225,,0.04169865656080958,0.0720729677827527
B0007,63,charge,24,[2.0080e+03 4.0000e+00 2.0000e+01 1.0000e+00 2.2000e+01 5.3953e+01],4.05016241592548,3.042010563367481,4.214644865560644,0.1861171823823864,0.9719628515731636,-2.252053665117908,1.4974133892989747,0.6388848647966507,25.088377505443955,23.79804785008748,28.386930544540967,1.2385280304222872,10078.719,4.352604371584699,0.9773261202185793,,,,,,,,,,
B0007,64,impedance,24,[2008.       4.      20.       4.      39.      59.296],,,,,,,,,,,,,,,,,,,803.910001320858,336.39446875363,2.441837620814423,0.18577136918002854,,0.03739727137150672,0.0612330724542185
B0007,65,discharge,24,[2008.       4.      20.       4.      54.      41.734],3.5657224847439295,1.8254369744762284,4.19652461108806,0.26724293226716145,-1.9680130544442065,-1.9947910338783705,-0.001495415658066508,0.20601669067896197,31.442860781038384,23.64183560576637,39.11839966443177,3.4910890369414163,3431.125,,,,,1.8596124644020169,,,,,,,
B0007,66,impedance,24,[2008.       4.      20.       6.      20.      57.125],,,,,,,,,,,,,,,,,,,804.6085690054615,327.32007701246056,2.637179321838589,0.3485055059335486,,0.03998676920342006,0.07363674363826805
B0007,67,charge,24,[2008.       4.      20.       6.      35.      39.765],4.054313355152662,3.028783313945245,4.21482514567111,0.18595279443342191,0.9443066238369472,-2.2596917073338147,1.4959653388775918,0.6498624855048619,24.994883820641892,23.68749336295935,28.336534625568376,1.2423385117429748,10617.375,4.2419925690021225,0.9496031847133758,,,,,,,,,,
B0007,68,impedance,24,[2.0080e+03 4.0000e+00 2.0000e+01 1.0000e+01 1.0000e+00 4.6156e+01],,,,,,,,,,,,,,,,,,,802.8226153057623,337.4807030925962,2.4284714815360764,0.18419571300360846,,0.03591968009886427,0.06057069111701671
B0007,69,discharge,24,[2008.       4.      20.      10.      16.      28.859],3.5712835067487094,2.134879000684994,4.196790308710931,0.24546299726358747,-1.9675572757550353,-1.9956093835681803,0.0005398984445576489,0.2067971048262254,31.32326275303232,23.519892775337357,38.68010761281634,3.477481789559444,3412.406,,,,,1.860033909718346,,,,,,,
B0007,70,impedance,24,[2008.       4.      20.      11.      42.      26.062],,,,,,,,,,,,,,,,,,,803.3693824827301,328.32750960147683,2.7065150036912122,0.6036212287817738,,0.04146824914736063,0.06954303801749961
B0007,71,charge,24,[2008.       4.      20.      11.      57.       8.765],4.056876740812042,3.0803594727149934,4.214813104899418,0.18092439709128527,0.9442998697568391,-2.2556992275076393,1.4966345150093276,0.6492477627413676,24.88975595599089,23.607748358019762,28.23465144539435,1.2483214945230863,10564.157,4.253383386581469,0.9496308839190629,,,,,,,,,,
B0007,72,impedance,24,[2008.      4.     20.     15.     22.     22.64],,,,,,,,,,,,,,,,,,,803.9259518382805,336.2948457214368,2.438402058281561,0.18541426738325795,,0.03738579892114978,0.06131737602920535
B0007,73,discharge,24,[2008.       4.      20.      15.      37.       5.281],3.5679716274891398,1.970455493406623,4.196693048697735,0.256383090128758,-1.967618505240168,-1.9936520198661494,-8.502750867487407e-05,0.20657115133389814,31.28571570579735,23.467259682273063,38.863045678198645,3.496093238915817,3410.688,,,,,1.8591653109160768,,,,,,,
B0007,74,impedance,24,[2.008e+03 4.000e+00 2.000e+01 1.700e+01 3.000e+00 1.140e+00],,,,,,,,,,,,,,,,,,,803.3170237978849,328.5242414754403,2.6844541928665,0.5207890375751096,,0.040910536950841486,0.06973813181143433
B0007,75,charge,24,[2008.       4.      20.      17.      17.      44.031],4.053513642975223,3.076762082909564,4.214716067860107,0.18210441378995168,0.9650472361533327,-2.258604715115658,1.4970927370063392,0.6406817720347786,24.914746778130716,23.631721187820823,28.256499193062336,1.2477057807828462,10143.984,4.349185185185186,0.9705677559912854,,,,,,,,,,
B0007,76,impedance,24,[2008.       4.      20.      20.      35.      56.187],,,,,,,,,,,,,,,,,,,803.261563878846,337.28617402335374,2.4302061260798413,0.18459260105174638,,0.03789058841967389,0.06032875855026001
B0007,77,discharge,24,[2008.       4.      20.      20.      50.      38.921],3.5646314038791784,1.8132694309760007,4.197078923354,0.2688392479727567,-1.9678214300979182,-1.9944764248874858,-0.0021454320098209796,0.20655645682563994,31.331850868998004,23.492198340361576,39.14531169811219,3.5126895678617203,3410.718,,,,,1.8481398178778288,,,,,,,
B0007,78,impedance,24,[2008.       4.      20.      22.      16.      35.078],,,,,,,,,,,,,,,,,,,803.5162723705022,328.0911844537354,2.6267947799028932,0.3416667216559411,,0.040097248859574955,0.07288145197811349
B0007,79,charge,24,[2008.       4.      20.      22.      31.      18.046],4.058658000726498,3.0701709984672556,4.21480821414822,0.18034721116676947,0.9333752539886807,-2.2587445007906664,1.5028674944223235,0.6532246063912783,24.945473030337098,23.652849924278414,28.319210692991568,1.2457086964028519,10790.452999999994,4.19431506849315,0.938804847207587,,,,,,,,,,
B0007,80,impedance,24,[2.0080e+03 4.0000e+00 2.1000e+01 2.0000e+00 0.0000e+00 1.9968e+01],,,,,,,,,,,,,,,,,,,822.0433225279315,340.4710248598764,2.5019298450221634,0.17687788871749524,,0.03715722957533256,0.06103479269674707
B0007,81,discharge,24,[2.008e+03 4.000e+00 2.100e+01 2.000e+00 1.500e+01 2.921e+00],3.568983888921194,2.0483657324095637,4.196062203382386,0.2510097241436422,-1.9675056354779956,-1.9940826161567085,-0.002512174488189696,0.2070579900700325,31.32285733932258,23.51112503683739,38.8380564174779,3.4937493267933273,3392.719,,,,,1.849201702126164,,,,,,,
B0007,82,impedance,24,[2008.       4.      21.       3.      26.      58.453],,,,,,,,,,,,,,,,,,,803.3317873819028,329.9283083211665,2.6012228643080006,0.31535547231910116,,0.04119201955867326,0.06848356653346994
B0007,83,charge,24,[2008.       4.      21.      17.      51.      26.312],4.064996960368117,3.1653143081581017,4.214724856820342,0.16863025555184336,0.9431909350554794,-2.255353130255427,1.4965152191664288,0.6478410334336837,24.984956800651023,23.285506230237175,28.639243249958948,1.441010466466354,10442.891,4.296742826780021,0.9488116896918173,,,,,,,,,,
B0007,84,charge,24,[2008.       4.      22.      14.      15.      41.187],4.220314994509881,3.9949090644351544,8.332909045959154,0.17107510743920057,0.07006667724829657,-2.2554191695406485,1.4199241755447394,0.15596205661637416,23.601078570891087,23.536607627284017,23.703554924939645,0.042162660466054554,1674.484,3.662005154639175,0.07170137457044673,,,,,,,,,,
B0007,85,discharge,24,[2008.       4.      22.      15.      33.      49.875],3.564620688944316,2.181560983985832,4.206531081984383,0.24235648397605905,-1.9683447778186904,-1.9940812941255717,-0.0020329549327671587,0.20521217145448947,31.608436452122476,23.527236127318186,38.95965174080089,3.51820888005486,3470.672,,,,,1.8834677437950846,,,,,,,
B0007,86,impedance,24,[2008.       4.      22.      16.      33.       3.953],,,,,,,,,,,,,,,,,,,826.441690044897,338.2187424107323,2.522410744405404,0.1873943061500618,,0.04105669646645134,0.07065997133250308
B0007,87,charge,24,[2008.       4.      22.      17.       4.      53.218],4.12787165425453,3.0402563294989644,4.214675146206582,0.1380285399867718,0.7079163619781903,-2.2565646173008194,1.5042421632495018,0.6495626705288728,25.24857476578596,23.968480713297836,28.734782385089698,1.3036995398874398,10113.656,4.111887674227931,0.7125504509428807,,,,,,,,,,
B0007,88,impedance,24,[2008.       4.      22.      19.      54.      32.265],,,,,,,,,,,,,,,,,,,825.8386825634658,338.62511440953614,2.5187926166821826,0.18686087604910298,,0.041759405414555945,0.06445608820977453
B0007,89,discharge,24,[2008.       4.      22.      20.      26.      18.921],3.5694388142217837,2.1177799354077496,4.203187727641822,0.23904274000018072,-1.9788067754387157,-2.003329552797809,0.0016192589541852626,0.14698688650583963,31.782101501165204,23.9542942093336,39.053875772291974,3.380302800718849,3414.109,,,,,1.8628211117905844,,,,,,,
B0007,90,impedance,24,[2008.       4.      22.      21.      24.      34.484],,,,,,,,,,,,,,,,,,,826.4239460791545,338.28044964823533,2.522006211413379,0.18732903326601189,,0.04119459773687198,0.07022095542831697
B0007,91,charge,24,[2008.       4.      22.      21.      56.      21.406],4.129220845194228,3.0807107007217356,4.214620610525395,0.1355658272136563,0.7033962205591463,-2.2557644289288383,1.504685171793589,0.6490575349517766,25.2648118529816,23.81332004572655,28.82022743543977,1.3651419725889098,10137.89,4.090341516639389,0.7077157392253138,,,,,,,,,,
B0007,92,impedance,24,[2008.       4.      23.       0.      46.      24.921],,,,,,,,,,,,,,,,,,,826.4854665870645,338.12466239712006,2.521917102234879,0.18738486983282784,,0.04232704798626884,0.06414150947613172
B0007,93,discharge,24,[2.0080e+03 4.0000e+00 2.3000e+01 1.0000e+00 1.8000e+01 1.1796e+01],3.568742147335628,2.1637448793153697,4.202997027311235,0.2361226467707183,-1.9785908218423578,-1.9938003511879974,-0.0016772567366890668,0.14711734266167353,31.515041989202878,23.73407143959736,38.699551697978606,3.363520252997762,3395.219,,,,,1.852085039652352,,,,,,,
B0007,94,impedance,24,[2.008e+03 4.000e+00 2.300e+01 2.000e+00 1.600e+01 8.578e+00],,,,,,,,,,,,,,,,,,,825.1225938318081,339.6522832604498,2.5074395952687123,0.18560698211849994,,0.03996874022966617,0.06812474119697177
B0007,95,charge,24,[2.0080e+03 4.0000e+00 2.3000e+01 2.0000e+00 4.7000e+01 5.5453e+01],4.134788878196348,3.1268493749691935,4.214633202681263,0.1300719381286017,0.6659073348724488,-2.2571525119254,1.4964777167721677,0.6494845722885262,24.83295974161257,23.36985964439706,28.46526973152355,1.3723562144842063,10651.657,3.921642857142857,0.6699458181818182,,,,,,,,,,
B0007,96,impedance,24,[2008.      4.     23.      5.     46.     32.89],,,,,,,,,,,,,,,,,,,824.9240501444419,340.27836868436503,2.499596852014442,0.1847244828907759,,0.03967286398299121,0.06333755034552216
B0007,97,discharge,24,[2008.       4.      23.       6.      18.      19.921],3.5642424070467817,2.0456561472058055,4.2027504558714135,0.2435637592164921,-1.9784335668087778,-1.9942339530946611,-0.002490125507280818,0.1472609174758871,31.13866351339678,23.309807963383705,38.6052414906155,3.4075643650648044,3386.0,,,,,1.8469504648208708,,,,,,,
B0007,98,impedance,24,[2008.       4.      23.       7.      16.       7.671],,,,,,,,,,,,,,,,,,,825.0300578034452,339.8350995238427,2.507115461337037,0.1854918515925803,,0.03979410788978178,0.06877945536158117
B0007,99,charge,24,[2008.       4.      23.       7.      47.      54.718],4.131515049788598,3.1436144259571974,4.214690925137906,0.13108253432805078,0.7047829847696265,-2.254738979525141,1.49923526892651,0.6465077496927853,24.67485217111906,23.3464187186958,28.200378318530046,1.3237300350956924,10032.485,4.140442727021806,0.7091708252829148,,,,,,,,,,
B0007,100,impedance,24,[2008.       4.      23.      10.      36.      13.156],,,,,,,,,,,,,,,,,,,825.1919932049095,339.43504333121456,2.5121416513717048,0.18598538710448834,,0.04046536725285732,0.06397225205950727
B0007,101,discharge,24,[2.008e+03 4.000e+00 2.300e+01 1.100e+01 8.000e+00 3.120e-01],3.5653038098527605,2.1356202266992863,4.202665067816707,0.2380524119042055,-1.9781601679702336,-1.9932621441916,0.00021208804630958597,0.14777650141295554,31.068710515588776,23.305948209951065,38.42604747702835,3.3689280446409944,3368.187,,,,,1.836828431169018,,,,,,,
B0007,102,impedance,24,[2008.       4.      23.      12.       5.      30.437],,,,,,,,,,,,,,,,,,,825.2229110833581,339.761435229896,2.506231817575556,0.1854683408169481,,0.04093901824195282,0.06675223084774302
B0007,103,charge,24,[2008.       4.      23.      12.      37.      17.515],4.136266746327734,3.176248697225785,4.214903299651425,0.12678581342110803,0.6657786122600697,-2.2582134852820483,1.4991783955219666,0.648456521785242,24.895406841356955,23.687380454517946,28.459241345509497,1.3008954473597882,10574.297,3.9277876407436505,0.6698958889761718,,,,,,,,,,
B0007,104,impedance,24,[2008.       4.      23.      15.      34.      37.843],,,,,,,,,,,,,,,,,,,825.1574072853227,339.5641256161401,2.5083545901708715,0.18565899635207314,,0.04083099544598788,0.06292223531520325
B0007,105,discharge,24,[2008.       4.      23.      16.       6.      25.171],3.565432167703823,2.042987153745025,4.20243913428064,0.24360198231062685,-1.9783765899690637,-1.9932668899112056,0.0016978688568831312,0.14769064609715238,31.618244836823447,23.739006255698545,39.0468968949422,3.4394022053585354,3368.266,,,,,1.8371619619672275,,,,,,,
B0007,106,impedance,24,[2008.       4.      23.      17.       3.      55.484],,,,,,,,,,,,,,,,,,,825.1125738209524,339.61808442597135,2.5089297233476873,0.18570739682992207,,0.041067363565729334,0.0662850303940424
B0007,107,charge,24,[2008.       4.      23.      17.      35.      42.828],4.135417505544552,3.172777675647531,4.2146409952312975,0.1276990345619117,0.6726332872106385,-2.2573390854177324,1.4990045933591611,0.6479992280794764,24.993919378962513,23.552176516081406,28.634605591894335,1.3900998911162372,10461.735,3.977513492063492,0.6765466931216932,,,,,,,,,,
B0007,108,impedance,24,[2008.      4.     23.     20.     31.     10.75],,,,,,,,,,,,,,,,,,,825.1367780397082,339.45418044118713,2.5108978925832406,0.18584352736834334,,0.04078701229987664,0.06338858492819599
B0007,109,discharge,24,[2.0080e+03 4.0000e+00 2.3000e+01 2.1000e+01 2.0000e+00 5.8296e+01],3.5622303163451425,1.9786162394118947,4.202794567899269,0.24837093630083507,-1.9780771457931066,-1.9945447573637072,0.0006200071499489343,0.14807220716513025,31.331528063668397,23.487622777066665,38.836764958613884,3.413453157377257,3358.719,,,,,1.8316722583718854,,,,,,,
B0007,110,impedance,24,[2008.       4.      23.      22.       0.      19.218],,,,,,,,,,,,,,,,,,,826.7859051969026,338.046130599685,2.5241369981159676,0.1876370225037466,,0.041661708894818184,0.06816357758679417
B0007,111,charge,24,[2008.       4.      23.      22.      32.       6.671],4.13326568802833,3.187461231001114,4.214616914837865,0.12801076791004665,0.7027319070255572,-2.255795255095618,1.4974081805013466,0.6450664618790503,24.80297144486912,23.32601773577574,28.364390089817356,1.371499357193961,9993.062000000005,4.177653259361997,0.7067370873786408,,,,,,,,,,
B0007,112,impedance,24,[2.0080e+03 4.0000e+00 2.4000e+01 1.0000e+00 1.9000e+01 4.6171e+01],,,,,,,,,,,,,,,,,,,825.6122870137893,339.2861759257933,2.5088942308822357,0.18586039711466298,,0.03981735939635393,0.06446689612483536
B0007,113,discharge,24,[2.008e+03 4.000e+00 2.400e+01 1.000e+00 5.100e+01 3.389e+01],3.564481026852489,2.15845357648832,4.203135326288817,0.23693822731644562,-1.9780971417908424,-1.9937887547057833,0.0003106338402807465,0.14843712211776988,31.132569191182142,23.2595984254445,38.49981470604549,3.426266595856784,3339.5,,,,,1.8211470951317783,,,,,,,
B0007,114,impedance,24,[2.0080e+03 4.0000e+00 2.4000e+01 2.0000e+00 4.8000e+01 3.5687e+01],,,,,,,,,,,,,,,,,,,824.4187529662971,340.77599153054206,2.495782784039871,0.18419760216991318,,0.040333531003242,0.06552022262244311
B0007,115,charge,24,[2008.       4.      24.       3.      20.      23.359],4.139035094131206,3.2205895780370075,4.214648584856087,0.12300697907816406,0.6583616656362965,-2.2571041486474606,1.4974313757048645,0.6461111905456675,24.51176932541328,23.069077109844848,28.1594205841221,1.3874529200555883,10602.281,3.9568319393622584,0.6622072922111868,,,,,,,,,,
B0007,116,impedance,24,[2008.       4.      24.       6.      18.      12.171],,,,,,,,,,,,,,,,,,,824.0887708025856,340.83732517402376,2.4964144163315507,0.1841200635038497,,0.03879098770177327,0.06280987925671022
B0007,117,discharge,24,[2.008e+03 4.000e+00 2.400e+01 6.000e+00 5.000e+01 3.100e-02],3.561614556780574,2.092603698932653,4.202837061508687,0.24121089374904708,-1.977978349880126,-1.992201283338572,1.0269396682341148e-05,0.1485468782929041,30.972969676157927,23.021675511770262,38.582340147970775,3.4730985811134674,3331.265,,,,,1.816506091511515,,,,,,,
B0007,118,impedance,24,[2008.       4.      24.       7.      46.      53.906],,,,,,,,,,,,,,,,,,,824.3748797199838,340.23992283468584,2.505018321476829,0.18510332954470657,,0.039800320946257906,0.06501329487260551
B0007,119,charge,24,[2008.       4.      24.       8.      18.      41.703],4.140171363171507,3.2327489336695137,4.214573623402441,0.12171627469171002,0.652156806609188,-2.2573078069144445,1.4996720002182986,0.6453907076001326,24.44267945496156,23.162011647559755,28.01307299015277,1.3335087353322301,10667.969,3.9257203015336617,0.6562323108916038,,,,,,,,,,
B0007,120,impedance,24,[2008.       4.      24.      11.      17.      36.359],,,,,,,,,,,,,,,,,,,825.6997996497403,339.11315843684986,2.5110852171067446,0.18611130284212077,,0.04135849902166442,0.06409309629130175
B0007,121,discharge,24,[2008.       4.      24.      11.      49.      24.281],3.5630587459190144,2.1528886431678034,4.202745735932991,0.2377592209805917,-1.9784334957218421,-1.9945004268443043,0.00063068070763254,0.14869563071084269,31.1990648511682,23.189779567510282,38.787499833494046,3.4999644177634317,3321.188,,,,,1.8113815601504555,,,,,,,
B0007,122,impedance,24,[2008.       4.      24.      12.      46.       8.171],,,,,,,,,,,,,,,,,,,825.5106432074864,339.03563253503256,2.51486608701056,0.18635539448631247,,0.04068161380288319,0.06480202845662458
B0007,123,charge,24,[2008.      4.     24.     13.     17.     56.25],4.13929567747795,3.245290824706756,4.214635656760874,0.12196481422896936,0.6607051355598498,-2.2617411195901895,1.4982284946927795,0.645558992552632,24.98061830520359,23.7446253498163,28.536212131076272,1.312886752855744,10504.781,3.9805587226181047,0.6650679862760623,,,,,,,,,,
B0007,124,impedance,24,[2008.       4.      24.      16.      14.       7.906],,,,,,,,,,,,,,,,,,,825.4962542927951,339.06156804330425,2.5127367727803107,0.18622449099954466,,0.04198813216408782,0.06290743673977844
B0007,125,discharge,24,[2008.       4.      24.      16.      45.      56.015],3.5629534367704405,2.0537418826405966,4.203198796599359,0.24427062964618607,-1.9782873833989176,-1.9931746766502974,0.0005017093700327061,0.14888480509231408,31.722267598269813,23.746627825123486,39.31221126031847,3.489535773627038,3321.844,,,,,1.8116056333939583,,,,,,,
B0007,126,impedance,24,[2008.       4.      24.      17.      42.      40.796],,,,,,,,,,,,,,,,,,,824.3692499437271,340.4823083373968,2.5003819072477045,0.18465167400417437,,0.04069176276675313,0.06403224799847893
B0007,127,charge,24,[2008.       4.      24.      18.      14.      28.937],4.137154952140779,3.2414914530804664,4.2147081279818845,0.12360256916874808,0.6768531523870726,-2.254744158645107,1.5040256738270672,0.6453759256125176,25.37806773198085,24.00061686838033,28.941934192718506,1.3454977711063925,10246.781,4.046471861471861,0.6810799242424243,,,,,,,,,,
B0007,128,impedance,24,[2008.       4.      24.      21.       6.      22.828],,,,,,,,,,,,,,,,,,,824.5489479891488,339.9350769759911,2.5053386801654454,0.1851348913518109,,0.0410635565050997,0.06183018814159419
B0007,129,discharge,24,[2008.       4.      24.      21.      38.      11.078],3.563446012076242,2.0793300586339956,4.202901668731174,0.24292877825753523,-1.9781961432676651,-1.9946160382197378,0.001495453213727525,0.148965936617679,31.900827580605675,23.98219553879158,39.40567993360536,3.453732440693354,3311.828,,,,,1.8060548955557403,,,,,,,
B0007,130,impedance,24,[2008.       4.      24.      22.      34.      45.921],,,,,,,,,,,,,,,,,,,823.9677138220969,340.85316627622575,2.4985111950840047,0.18426667004702438,,0.04036112042873984,0.06359181730010477
B0007,131,charge,24,[2008.       4.      24.      23.       6.      34.156],4.137424160656775,3.252050457945784,4.214688038425604,0.12289198082265976,0.6802945729581926,-2.258807162947582,1.497096115974733,0.6443677696454317,25.25198951518979,23.76318500119398,28.845042154275994,1.3822654093874462,10166.218999999997,4.081397435897436,0.6844243044189854,,,,,,,,,,
B0007,132,impedance,24,[2.008e+03 4.000e+00 2.500e+01 1.000e+00 5.700e+01 7.593e+00],,,,,,,,,,,,,,,,,,,824.1916247947597,340.57318791500444,2.4983263230712,0.18438908953849084,,0.0397095688006817,0.06308316873083149
B0007,133,discharge,24,[2008.       4.      25.      12.       3.      44.093],3.563998342345823,2.0759793304520757,4.196154302326916,0.25327029403423074,-1.9670969462670498,-1.9952878943511754,0.0009071057750656541,0.2090627886753873,31.5372402498617,23.71372956170196,39.32802757827611,3.5356532818719244,3327.391,,,,,1.8132041826994056,,,,,,,
B0007,134,charge,24,[2.0080e+03 4.0000e+00 2.5000e+01 1.7000e+01 2.0000e+00 3.5703e+01],4.142648094632666,3.231006913482485,4.214711989188702,0.11800118517506472,0.6420297592239262,-2.2585848300420186,1.5016078202351877,0.6453648481723961,24.74618517386197,23.156164089257796,28.650268868340458,1.4470602727934432,10804.922,3.8612869230769227,0.6460899230769231,,,,,,,,,,
B0007,135,discharge,24,[2008.       4.      25.      20.       3.      55.921],3.5604902283110547,2.0674349483094465,4.2044772244864275,0.24529230432510515,-1.9781214643703728,-1.9951041266249487,-0.0007153493376797931,0.1489594972779903,31.24662583059252,23.52099861667097,38.6112528181758,3.352701649272975,3312.078,,,,,1.8062641938283535,,,,,,,
B0007,136,impedance,24,[2008.       4.      25.      21.       0.      31.421],,,,,,,,,,,,,,,,,,,832.3334128600167,332.1241440403719,2.5884743358531597,0.1952675459745421,,0.04725020480421689,0.07272586091049475
B0007,137,charge,24,[2008.       4.      25.      21.      32.      20.468],4.141814607896977,3.2474350465338744,4.214715443852137,0.11949058412856978,0.6422162425838563,-2.255500726606694,1.499047783092931,0.6447779544307615,24.568292813185277,23.14017849562041,28.293152961467708,1.403004808614973,10758.985,3.8536120556414217,0.6461380731581658,,,,,,,,,,
B0007,138,impedance,24,[2008.       4.      26.       0.      32.      46.968],,,,,,,,,,,,,,,,,,,831.2110044241794,332.7772457602095,2.576230340677327,0.1940052117949335,,0.04658869845988432,0.06938696400889426
B0007,139,discharge,24,[2.0080e+03 4.0000e+00 2.6000e+01 1.0000e+00 4.0000e+00 3.5718e+01],3.5567002097886946,2.037264031192436,4.20211656315423,0.24718150200077496,-1.9780364457328714,-1.9939079880095492,-0.0012469857773277939,0.1494284562122661,30.939399361884792,23.07246859020669,38.569726951286874,3.427249603700407,3293.172,,,,,1.7958310249900458,,,,,,,
B0007,140,impedance,24,[2.0080e+03 4.0000e+00 2.6000e+01 2.0000e+00 0.0000e+00 5.2359e+01],,,,,,,,,,,,,,,,,,,831.1732841381557,333.05118057744704,2.5759068566233894,0.19386925722931392,,0.046165351746082724,0.07140516250476096
B0007,141,charge,24,[2.0080e+03 4.0000e+00 2.6000e+01 2.0000e+00 3.2000e+01 4.1093e+01],4.140519345939853,3.2693701972960967,4.214696510731475,0.11945832200377064,0.6668873007117249,-2.257720008282533,1.5001235685442391,0.6429577541033711,24.46813967282139,23.029844824513972,28.158218963844206,1.3980026028610995,10317.515,4.041556870126378,0.6709632696961549,,,,,,,,,,
B0007,142,impedance,24,[2008.       4.      26.       5.      25.      46.234],,,,,,,,,,,,,,,,,,,831.2319990100763,333.39930231916264,2.5725979699592383,0.19348334875559922,,0.045058966847244336,0.06928051739204368
B0007,143,discharge,24,[2008.      4.     26.      5.     57.     35.14],3.5584127263446006,2.1632674190148338,4.202901194454151,0.23972404685296034,-1.977935781469453,-1.9931708315999248,0.0005268652442651537,0.1499746649560789,30.884857004354572,22.983640218520346,38.34572083526661,3.4451204067835475,3275.328,,,,,1.7858852600390451,,,,,,,
B0007,144,impedance,24,[2008.       4.      26.       6.      53.      34.171],,,,,,,,,,,,,,,,,,,830.1936536453126,334.3162044813964,2.5610242132852785,0.1921850388945143,,0.04588397322290627,0.06926007196689592
B0007,145,charge,24,[2008.       4.      26.       7.      25.      23.031],4.144478806017769,3.2934805592161784,4.214588036442186,0.11569189441724025,0.632049417898843,-2.25837582999649,1.4970991816874473,0.6428805529553333,24.383631011491403,23.00190317715027,28.14052310759905,1.4008585781693845,10805.734,3.824639537869063,0.6360447753530167,,,,,,,,,,
B0007,146,impedance,24,[2008.       4.      26.      10.      26.      36.718],,,,,,,,,,,,,,,,,,,831.5866513868405,332.8960566027645,2.57308265543043,0.19379856008193364,,0.04581384765227875,0.06966533025568689
B0007,147,discharge,24,[2008.       4.      26.      10.      58.      25.843],3.556136820956992,2.106631526845483,4.201790697233378,0.24353239714133773,-1.9780170042003,-1.9937766833094566,-0.0024226440673283433,0.14992267004756327,30.920682316695828,22.969922978716898,38.482540634946716,3.482820431217398,3265.016,,,,,1.7803268604502753,,,,,,,
B0007,148,charge,24,[2008.       4.      28.      17.      20.      47.859],4.141978761932281,3.3430878237065715,4.214711618563932,0.11382266477538006,0.6840854079254173,-2.2576031377754036,1.4980958883211717,0.6424036977713681,25.07100125430618,23.447631150505757,28.759859696236166,1.4383743384783667,9946.391,4.151589400278939,0.6883220920502093,,,,,,,,,,
B0007,149,discharge,24,[2008.       4.      29.      12.      15.      56.953],3.568999942180493,2.1809272860788376,4.191916354433964,0.23779858875750914,-1.9779140108313502,-1.993416647067197,-0.00017580190974296852,0.14860159467659112,33.880577817079796,26.46604285791351,41.0499421893331,3.252960553213002,3328.937,,,,,1.8150756899575577,,,,,,,
B0007,150,impedance,24,[2008.       4.      29.      13.      12.      54.375],,,,,,,,,,,,,,,,,,,832.5815732255847,331.1935215854107,2.5952382437897996,0.1961507457439032,,0.04922145778943997,0.07134263821575189
B0007,151,charge,24,[2008.       4.      29.      13.      44.      46.546],4.129690120322505,3.1344560632568843,4.214748254523058,0.1340349605176128,0.6960172520969813,-2.2571010001007035,1.497937928660538,0.6500443608775842,27.032480454408866,25.51815640125726,30.83734369244914,1.4168932651913755,10063.547,4.051592806150467,0.7002988742449203,,,,,,,,,,
B0007,152,impedance,24,[2008.       4.      29.      16.      33.      38.281],,,,,,,,,,,,,,,,,,,832.2030691167707,331.36049349942846,2.592036258992579,0.19578117831531724,,0.04888655382152031,0.06968514370622465
B0007,153,discharge,24,[2008.       4.      29.      17.       5.      27.781],3.571059290544873,2.1773498094527195,4.20342192245769,0.23785906798506715,-1.978162017642311,-1.9946576173158321,-0.0012601283929447712,0.14858283335477085,33.038339318294426,25.38232315092876,40.361944885615415,3.3468582106910603,3329.266,,,,,1.8157025154845838,,,,,,,
B0007,154,impedance,24,[2.0080e+03 4.0000e+00 2.9000e+01 1.8000e+01 2.0000e+00 2.1296e+01],,,,,,,,,,,,,,,,,,,831.6916987659991,332.0865438906059,2.584873536070131,0.19496533357298537,,0.0483951365393567,0.07135159504195451
B0007,155,charge,24,[2008.       4.      29.      18.      34.      10.656],4.134932989245559,3.193020262146675,4.214619976897151,0.1278080808980058,0.6693300293685985,-2.25901127149411,1.5050440269235876,0.6489737370218248,26.29245192725164,24.65434929579378,30.256179923768244,1.4891848421970881,10376.172,3.9200551705756936,0.6732966684434968,,,,,,,,,,
B0007,156,impedance,24,[2008.      4.     29.     21.     28.     15.14],,,,,,,,,,,,,,,,,,,831.9379445489946,331.83796343924126,2.586172154613861,0.1952243435899732,,0.04805522182634865,0.06988641944387855
B0007,157,discharge,24,[2008.      4.     29.     22.      0.      4.75],3.5666921284622095,2.180136101967249,4.202807443974011,0.23760527129618003,-1.9779553399945098,-1.9927642557550822,-0.000769330814282425,0.1492321114384013,32.27329169539202,24.501910100578034,39.6676965288026,3.3756627697109653,3301.579,,,,,1.8002432178056673,,,,,,,
B0007,158,impedance,24,[2008.       4.      29.      22.      56.      30.656],,,,,,,,,,,,,,,,,,,832.1558561063229,331.89900026434367,2.587410202762439,0.19527303451142078,,0.04880060650708679,0.07055158255812932
B0007,159,charge,24,[2008.       4.      29.      23.      28.      20.218],4.133479145170933,3.2375198160016345,4.214585588585567,0.12623985642095975,0.7068111664736322,-2.2578275276481437,1.4983082343296068,0.6439147721844526,25.717432915400742,24.154611995279286,29.511842412811585,1.439929203007379,9756.858999999997,4.209688049957423,0.7109160090831679,,,,,,,,,,
B0007,160,impedance,24,[2.008e+03 4.000e+00 3.000e+01 2.000e+00 1.200e+01 5.609e+00],,,,,,,,,,,,,,,,,,,832.2612289552426,331.6074728471851,2.58901179327858,0.1955279411455256,,0.047509200748586077,0.07037254012210739
B0007,161,discharge,24,[2.0080e+03 4.0000e+00 3.0000e+01 2.0000e+00 4.3000e+01 5.5312e+01],3.563327431073248,2.1286295199076855,4.203276539809248,0.24105488010739884,-1.9779914337720734,-1.9950332824030974,-0.0006536943792753395,0.14961359454639447,31.937919783481355,24.043121291612863,39.481181404811096,3.443436671543625,3283.563,,,,,1.7904476205609308,,,,,,,
B0007,162,impedance,24,[2008.      4.     30.      3.     40.      3.39],,,,,,,,,,,,,,,,,,,831.5128671409906,332.667423557405,2.5785752077256343,0.19428700594623585,,0.047771007804623865,0.07071182578495028
B0007,163,charge,24,[2008.       4.      30.       4.      11.      53.078],4.141043663189292,3.26482214302538,4.214715552650301,0.12017193021823543,0.6461212999124342,-2.25924764393366,1.49700155864397,0.6451670324288112,25.281300307037686,23.788103904178552,29.200173089787796,1.4558329312943636,10610.906,3.8911819843342035,0.6500470496083551,,,,,,,,,,
B0007,164,impedance,24,[2008.       4.      30.       7.       9.      52.656],,,,,,,,,,,,,,,,,,,832.4775471496232,331.1427978644909,2.5918874471487143,0.19593919734602894,,0.048179914298366426,0.07048007986898036
B0007,165,discharge,24,[2008.       4.      30.       7.      41.      42.578],3.5590146214829015,2.155901281560187,4.202580870413733,0.24277115965808288,-1.9721889844228178,-1.994232501388858,0.0007008105306003851,0.18321554183214092,31.688686599521045,23.724772219746917,39.419051143069204,3.496381532348714,3275.125,,,,,1.780343032300132,,,,,,,
B0007,166,impedance,24,[2008.       4.      30.       8.      37.      42.406],,,,,,,,,,,,,,,,,,,832.2010942771705,331.78383464295774,2.589247219145023,0.19546669364320643,,0.04807094716422849,0.07168496170621791
B0007,167,charge,24,[2008.       4.      30.       9.       9.      32.281],4.138547507532556,3.2886027935743436,4.21468240898435,0.12057677720924538,0.6833886553707773,-2.2568491012736267,1.4972965264060565,0.6424409627939848,25.227543828398364,23.786621034021234,29.003660704014656,1.4143672386526074,9978.078,4.1452857142857145,0.6875117565314064,,,,,,,,,,
B0007,168,impedance,24,[2008.       4.      30.      11.      56.      59.203],,,,,,,,,,,,,,,,,,,833.1365266993233,330.7035963801595,2.5980461423337666,0.196644087494804,,0.04853240735824653,0.07034952369656776
B0007,169,discharge,24,[2008.       4.      30.      12.      28.      49.265],3.5566945836342914,2.067103728219671,4.203244171517053,0.24879599446153314,-1.9723254573804139,-1.9927179646840105,0.00015040857434587754,0.18341975964719076,31.779120691032947,23.738337987235628,39.72196117128354,3.555534379207058,3265.656,,,,,1.775328769596812,,,,,,,
B0007,170,impedance,24,[2008.       4.      30.      13.      24.      39.734],,,,,,,,,,,,,,,,,,,832.0692339877129,331.96520012426726,2.58680042255123,0.19520442279332242,,0.04812925712317766,0.07103622899681207
B0007,171,charge,24,[2008.       4.      30.      13.      56.      29.843],4.140791354371345,3.297804083355706,4.214791547114884,0.11876019587624637,0.6634760713583135,-2.260961049109437,1.4976142695893062,0.6431135171282978,25.459049490706317,24.08229486211068,29.209813810542578,1.3898817444909723,10246.984,4.022584190579318,0.6677169193286411,,,,,,,,,,
B0007,172,impedance,24,[2008.       4.      30.      16.      48.      25.875],,,,,,,,,,,,,,,,,,,834.0019623740915,330.090633927183,2.606848962185493,0.19762580528884968,,0.04974625536405859,0.07095960275807538
B0007,173,discharge,24,[2008.      4.     30.     17.     20.     16.14],3.555013984911923,2.0619831864543094,4.202697222668131,0.2513247440204203,-1.9668382736785281,-1.9937154240389596,-0.0009153700172719097,0.21152672057298152,32.133873372089305,24.06931067212055,40.041366724781085,3.5837263034233016,3266.093,,,,,1.7702629734732853,,,,,,,
B0007,174,impedance,24,[2008.      4.     30.     18.     16.      7.25],,,,,,,,,,,,,,,,,,,832.4224862868068,331.43728967825933,2.591260162755358,0.1957808330668792,,0.04905350092860657,0.0716505512430741
B0007,175,charge,24,[2008.      4.     30.     18.     47.     57.39],4.142616291192758,3.3061214365843226,4.214726224038771,0.1171963004937664,0.6494542689881208,-2.2586361225030682,1.4990744287412192,0.6425398170661953,25.343396530192575,23.90250870368899,29.18041772363144,1.4354371575521188,10437.047,3.955264150943396,0.6534635663034812,,,,,,,,,,
B0007,176,impedance,24,[2008.       4.      30.      21.      43.       3.656],,,,,,,,,,,,,,,,,,,833.6290921147335,330.23366651739326,2.6050145242815943,0.19738641795080203,,0.04989362821249148,0.06988750479775756
B0007,177,discharge,24,[2008.       4.      30.      22.      14.      54.062],3.5526373754067415,2.143037413381466,4.202581421564202,0.24843977298975742,-1.960929600351624,-1.9925505277409798,0.00014659719067076842,0.2366096302019096,31.889431533099835,23.857377552308677,39.66314441864834,3.5516310641707514,3257.594,,,,,1.760081061854204,,,,,,,
B0007,178,impedance,24,[2008.       4.      30.      23.      10.      36.859],,,,,,,,,,,,,,,,,,,831.8794668661398,332.2183283756203,2.583133951665632,0.19484259782665103,,0.047713850867314125,0.07104861014688077
B0007,179,charge,24,[2008.      4.     30.     23.     42.     27.25],4.145719435970476,3.3263056672230387,4.21472660323316,0.11378932864408503,0.6223080903373258,-2.2583039255865396,1.4973622442519618,0.6419292581519209,25.228421211568914,23.777378634930113,29.11844804300408,1.4442006367728142,10805.827999999994,3.747407958921694,0.6263419512195122,,,,,,,,,,
B0007,180,impedance,24,[2.0080e+03 5.0000e+00 1.0000e+00 2.0000e+00 4.3000e+01 4.2562e+01],,,,,,,,,,,,,,,,,,,832.609767675592,331.2368462648442,2.5939805471238135,0.19603646397683963,,0.04762093306188868,0.06959637470924757
B0007,181,discharge,24,[2.008e+03 5.000e+00 1.000e+00 3.000e+00 1.500e+01 3.314e+01],3.547186025484395,1.9929057988209282,4.201275185814673,0.2591347484640653,-1.9607588424014128,-1.994265959280498,-0.0009119903753978465,0.23690268546827994,31.81736328028127,23.739137412822192,39.84751541049116,3.610373519382387,3248.593,,,,,1.749647593537689,,,,,,,
B0007,182,impedance,24,[2.008e+03 5.000e+00 1.000e+00 4.000e+00 1.100e+01 7.078e+00],,,,,,,,,,,,,,,,,,,832.7672552724388,331.34670006252645,2.592344068738887,0.1959716725372703,,0.04799398254598553,0.07155340020297168
B0007,183,charge,24,[2.0080e+03 5.0000e+00 1.0000e+00 4.0000e+00 4.2000e+01 5.7703e+01],4.146768957078443,3.3266764067130077,4.214620378441202,0.11316789227684196,0.6223369324512339,-2.261442593761467,1.496394839425256,0.6402768254295704,25.11195849555622,23.64189578344721,28.993570388420174,1.4589325688974888,10805.375,3.8442245055227326,0.6263376059594145,,,,,,,,,,
B0007,184,impedance,24,[2.0080e+03 5.0000e+00 1.0000e+00 7.0000e+00 4.4000e+01 1.2656e+01],,,,,,,,,,,,,,,,,,,833.1178224830898,330.74814418373995,2.601004357844,0.19682579274576203,,0.04647996212810349,0.07109805169409975
B0007,185,discharge,24,[2.008e+03 5.000e+00 1.000e+00 8.000e+00 1.600e+01 3.343e+00],3.546814755244375,2.0335961968180234,4.202508747096239,0.2566708502475146,-1.9607439129501683,-1.9932021181710204,0.0010974883571477682,0.23725449124295286,31.72316205746117,23.58399487368775,39.743357771631004,3.6410744013520295,3238.766,,,,,1.749650075059311,,,,,,,
B0007,186,impedance,24,[2.0080e+03 5.0000e+00 1.0000e+00 9.0000e+00 1.1000e+01 2.7593e+01],,,,,,,,,,,,,,,,,,,831.6063864977731,332.2684172850785,2.5841230957977817,0.19482878125829953,,0.04743838010781302,0.07011601815239543
B0007,187,charge,24,[2.0080e+03 5.0000e+00 1.0000e+00 9.0000e+00 4.3000e+01 1.8359e+01],4.147015930897931,3.3399660153456283,4.214602260880449,0.11236589783135725,0.6263833571838341,-2.2604612537132738,1.4971202294201644,0.6395234742014193,25.084968690362786,23.699471577726065,28.9660427547404,1.4398949218582522,10685.968,3.8847707900207897,0.630606314968815,,,,,,,,,,
B0007,188,impedance,24,[2.0080e+03 5.0000e+00 1.0000e+00 1.2000e+01 4.2000e+01 3.4015e+01],,,,,,,,,,,,,,,,,,,833.2149045508313,330.65006470406934,2.5993422067155287,0.19675610158085802,,0.04796925031131609,0.07089251138004057
B0007,189,discharge,24,[2.0080e+03 5.0000e+00 1.0000e+00 1.3000e+01 1.4000e+01 2.4875e+01],3.5447850172972655,2.0213017345171265,4.202333230196108,0.2590391092431144,-1.9550964299704847,-1.9932663431900044,0.0017748697671920149,0.2595637502376604,31.957150654392294,23.708228344468015,40.07246786936068,3.721644074023953,3240.14,,,,,1.745028739214683,,,,,,,
B0007,190,impedance,24,[2.008e+03 5.000e+00 1.000e+00 1.400e+01 9.000e+00 5.064e+01],,,,,,,,,,,,,,,,,,,832.4545378861336,331.4902515632612,2.591188898303377,0.19574016813460735,,0.048992220667641126,0.07040814900058472
B0007,191,charge,24,[2.0080e+03 5.0000e+00 1.0000e+00 1.4000e+01 4.1000e+01 4.1578e+01],4.146555215254979,3.346258120650001,4.2146424094030746,0.11262161167279715,0.6305342065252072,-2.2569332802096187,1.4974975880267505,0.6396815769942963,25.58786856081741,24.25335383388224,29.3765147762846,1.3985845184085504,10588.64,3.8972575399947544,0.6349512981904013,,,,,,,,,,
B0007,192,impedance,24,[2.0080e+03 5.0000e+00 1.0000e+00 1.7000e+01 3.9000e+01 2.0015e+01],,,,,,,,,,,,,,,,,,,832.7848281722991,331.084788000847,2.595299837118826,0.1962351357448375,,0.04822541815588505,0.07097691576307026
B0007,193,discharge,24,[2.0080e+03 5.0000e+00 1.0000e+00 1.8000e+01 1.1000e+01 1.0984e+01],3.5465215420964156,2.0789964919635966,4.202490707154508,0.25599663439330134,-1.955058998571939,-1.9938941800121164,0.0005136007463939187,0.2597754002497576,32.29917704213345,24.21598770999788,40.247716114003914,3.631661556788779,3230.109,,,,,1.7396457455286727,,,,,,,
B0007,194,impedance,24,[2.0080e+03 5.0000e+00 1.0000e+00 1.9000e+01 6.0000e+00 2.6859e+01],,,,,,,,,,,,,,,,,,,831.5517134029393,332.236504979196,2.583564504526759,0.19480044775787797,,0.04821470056663109,0.06961687203754899
B0007,195,charge,24,[2.0080e+03 5.0000e+00 1.0000e+00 1.9000e+01 3.8000e+01 1.7968e+01],4.147921891536968,3.3539272742593558,4.214627240268389,0.11124943844975463,0.6199172500124813,-2.259998699912,1.4978032450181034,0.638764997235341,25.48842021020059,24.062188560809773,29.326964606810204,1.4303286517199738,10736.094,3.840025873221215,0.6240573350582148,,,,,,,,,,
B0007,196,impedance,24,[2.0080e+03 5.0000e+00 1.0000e+00 2.2000e+01 3.8000e+01 2.4062e+01],,,,,,,,,,,,,,,,,,,833.1384006487064,330.90716837958513,2.595368663976681,0.19637139527044564,,0.04908955036286932,0.07022873713037443
B0007,197,discharge,24,[2.0080e+03 5.0000e+00 1.0000e+00 2.3000e+01 1.0000e+01 1.5265e+01],3.540832547654255,1.9925354808829658,4.202290557382721,0.2637981986834192,-1.9491545130405272,-1.9929599237339224,-0.0018160550004962658,0.27992445983861897,32.128842946565555,24.018596493562136,40.27220819224188,3.646211067036828,3229.7810000000027,,,,,1.7285642277717963,,,,,,,
B0007,198,impedance,24,[2.0080e+03 5.0000e+00 2.0000e+00 0.0000e+00 5.0000e+00 3.1015e+01],,,,,,,,,,,,,,,,,,,831.4651455318117,332.63537812708205,2.5791512874960967,0.19434257273941322,,0.047912972518477946,0.06948120171428374
B0007,199,charge,24,[2.0080e+03 5.0000e+00 2.0000e+00 0.0000e+00 3.7000e+01 2.2234e+01],4.1432664230185265,3.3597926914012777,4.214680376168718,0.11414211949279596,0.6789755179077069,-2.2593197213429033,1.4970030415422197,0.6361803269191758,25.520562110849983,23.94337805381705,29.227532412342384,1.45046036495359,9790.859,4.241835371054877,0.6832523457492181,,,,,,,,,,
B0007,200,impedance,24,[2.0080e+03 5.0000e+00 2.0000e+00 3.0000e+00 2.1000e+01 4.3218e+01],,,,,,,,,,,,,,,,,,,833.3791938093277,330.31346691713935,2.6023230279215244,0.1971356331046735,,0.048817413924019566,0.07189407403925935
B0007,201,discharge,24,[2.0080e+03 5.0000e+00 2.0000e+00 3.0000e+00 5.3000e+01 3.4765e+01],3.542992511358393,2.14041602578448,4.20313824854604,0.25433595231008316,-1.9485230174751031,-2.002837999763986,0.0002657157345997756,0.2810230250199101,32.021134355757404,23.868157730931408,39.89848456781458,3.6712023779065106,3212.469,,,,,1.723900324588418,,,,,,,
B0007,202,impedance,24,[2.0080e+03 5.0000e+00 2.0000e+00 4.0000e+00 4.8000e+01 3.3343e+01],,,,,,,,,,,,,,,,,,,831.070790667561,332.61698727306884,2.5797038787543154,0.19430186853633793,,0.04761040788727024,0.0703612147830665
B0007,203,charge,24,[2.0080e+03 5.0000e+00 2.0000e+00 5.0000e+00 2.0000e+01 2.4687e+01],4.1474070239405405,3.376509019874446,4.214737281479257,0.11071848119125459,0.6428347086195202,-2.2575805910920255,1.5049587626131586,0.6365705185537869,25.33659989417566,23.76552536946995,29.12070979710154,1.4612316142706916,10274.359,4.0358894608507185,0.6469418856678408,,,,,,,,,,
B0007,204,impedance,24,[2.0080e+03 5.0000e+00 2.0000e+00 8.0000e+00 1.2000e+01 4.9328e+01],,,,,,,,,,,,,,,,,,,833.0292681645725,331.02809045552993,2.5928623342116435,0.19613307338678387,,0.04889219507251717,0.07012605128802055
B0007,205,discharge,24,[2.0080e+03 5.0000e+00 2.0000e+00 8.0000e+00 4.4000e+01 4.0859e+01],3.5360811169860216,2.006753861515003,4.202703239422359,0.2648942463001822,-1.9431227050969846,-1.994963835157279,0.00032219947807198153,0.29989514018536995,31.859048861486652,23.679272417109907,40.0571305311587,3.723390766043564,3213.219,,,,,1.7139788776485192,,,,,,,
B0007,206,impedance,24,[2.0080e+03 5.0000e+00 2.0000e+00 9.0000e+00 3.9000e+01 4.0343e+01],,,,,,,,,,,,,,,,,,,832.1266354502404,331.7313017540267,2.588875957383929,0.19541610649294436,,0.048347237713963785,0.07029953014036178
B0007,207,charge,24,[2.0080e+03 5.0000e+00 2.0000e+00 1.0000e+01 1.1000e+01 3.1921e+01],4.150676946753748,3.380599431151528,4.214674041982327,0.1081048500675604,0.6139637849196286,-2.2576286112338373,1.5031257128452604,0.6350736111705684,25.20201911662045,23.834973424070707,29.023105935768037,1.4291275639522099,10711.063,3.9078122565567384,0.6182129836406127,,,,,,,,,,
B0007,208,impedance,24,[2.0080e+03 5.0000e+00 2.0000e+00 1.3000e+01 1.1000e+01 1.3468e+01],,,,,,,,,,,,,,,,,,,832.488256019012,331.15263828683493,2.593774896588911,0.1961170895690272,,0.04742321873077289,0.06907761875176498
B0007,209,discharge,24,[2.008e+03 5.000e+00 2.000e+00 1.300e+01 4.300e+01 5.093e+00],3.5392436935272635,2.121868132176415,4.202907102508285,0.25696742774933107,-1.9430080085541772,-2.0016459444206927,0.0004335128310188525,0.3003153138279422,32.16100333536097,23.840345275714288,40.240711749549135,3.792421226705538,3203.578,,,,,1.7139701997004613,,,,,,,
B0007,210,impedance,24,[2.0080e+03 5.0000e+00 2.0000e+00 1.4000e+01 3.7000e+01 5.5109e+01],,,,,,,,,,,,,,,,,,,832.2788271145652,331.30782007594513,2.5932172890761493,0.19595549910613852,,0.050111225517516046,0.06960073254899966
B0007,211,charge,24,[2.0080e+03 5.0000e+00 2.0000e+00 1.5000e+01 9.0000e+00 4.6812e+01],4.1509731200236155,3.3874643908747073,4.2146702808474625,0.10767552881395401,0.6065289378598703,-2.258245841718614,1.4993858128225064,0.6350543577103138,25.656761357540805,24.266947604555735,29.46574411938269,1.4237860964574656,10806.015,3.8196254826254825,0.6106440411840413,,,,,,,,,,
B0007,212,impedance,24,[2.008e+03 5.000e+00 2.000e+00 1.800e+01 1.100e+01 3.593e+00],,,,,,,,,,,,,,,,,,,833.256207763477,330.40605584089707,2.6006207482392827,0.19696582380605254,,0.048460437754935325,0.0708375336017697
B0007,213,discharge,24,[2.0080e+03 5.0000e+00 2.0000e+00 1.9000e+01 7.0000e+00 4.8359e+01],3.5348237062932575,2.0119648758828452,4.201457080806326,0.2662038409344857,-1.9425165961920092,-1.9940444299252393,0.0008557352401421723,0.3009740923792116,32.10276048728767,24.239122695185117,40.12941739090177,3.6038326573225334,3195.125,,,,,1.7036521173638766,,,,,,,
B0007,214,charge,24,[2.0080e+03 5.0000e+00 2.0000e+00 2.0000e+01 2.8000e+01 2.5781e+01],4.149258356029318,3.384148738889905,4.214623533956246,0.10923067916466841,0.6248712469131674,-2.258186681343964,1.4968577962984817,0.6354189394431149,25.703556204950726,24.096504225443194,29.509744013346197,1.4962136076169663,10481.047,3.934391500664011,0.6289848871181939,,,,,,,,,,
B0007,215,discharge,24,[2.0080e+03 5.0000e+00 2.0000e+00 2.3000e+01 2.4000e+01 1.7687e+01],3.5366477402090606,2.0744390946376323,4.204304103661928,0.2616558182168718,-1.9370190075205085,-1.99394242124594,0.0009344669590898851,0.3186080584168873,32.33880662180898,24.100749099673767,40.3959693732437,3.7734678513608726,3195.3129999999946,,,,,1.7040137474382486,,,,,,,
B0007,216,impedance,24,[2008.       5.       3.       0.      18.      59.734],,,,,,,,,,,,,,,,,,,833.0677437515383,330.8404515179386,2.598518649966387,0.19660958702066722,,0.04874528416849275,0.07248947480976828
B0007,217,charge,24,[2008.       5.       3.       0.      50.      52.187],4.148663453896309,3.3958097418259205,4.214751677091127,0.10893909816050776,0.6424405789081298,-2.2565198053976188,1.5016940825675127,0.6341472959468091,25.605973227211333,23.96008384566041,29.387918001266215,1.5009604032842345,10153.36,4.070616524842163,0.6466994784518255,,,,,,,,,,
B0007,218,impedance,24,[2008.       5.       3.       3.      41.      16.453],,,,,,,,,,,,,,,,,,,833.9857960389569,330.1220233757272,2.6020909838448025,0.19728418374803,,0.04890922045962195,0.07224375321168745
B0007,219,discharge,24,[2008.       5.       3.       4.      13.       8.609],3.5352062840980913,2.188793384556236,4.20220228055958,0.25544791069144723,-1.9310192096578356,-1.994068391906693,0.002218898125991317,0.33583111935932713,32.21373014824893,23.89454515016851,40.18751058333668,3.806474467128874,3186.297,,,,,1.6935716157343033,,,,,,,
B0007,220,impedance,24,[2008.       5.       3.       5.       7.      41.812],,,,,,,,,,,,,,,,,,,831.9796394044437,332.4479108652196,2.5818939373236502,0.19465866815387223,,0.04834801429353973,0.07007227991852431
B0007,221,charge,24,[2008.       5.       3.       5.      39.      33.921],4.15237266814831,3.40732726471443,4.214660426373847,0.10573431149889605,0.6079057067208262,-2.2568508289793328,1.4960260367773932,0.6325745560899773,25.387711853967417,23.80860958276678,29.24631551480774,1.5078102753427374,10662.468,3.879760125424614,0.6119727201463289,,,,,,,,,,
B0007,222,impedance,24,[2008.       5.       3.       8.      38.      27.484],,,,,,,,,,,,,,,,,,,834.4397067861458,329.747026116428,2.607281952599695,0.19784533508750268,,0.05049341528042814,0.0714779278737494
B0007,223,discharge,24,[2008.       5.       3.       9.      10.      19.812],3.5329852237553396,2.1739523632140685,4.202001482736379,0.25706788640824413,-1.9304738354803441,-1.9931157642861432,-0.0005031657572301142,0.33610450717728846,32.09949526722965,23.747372758256024,40.14605167557969,3.8368014709408094,3176.438,,,,,1.6876577363877656,,,,,,,
B0007,224,impedance,24,[2008.       5.       3.      10.       4.      43.296],,,,,,,,,,,,,,,,,,,832.3663973225715,331.84826940757745,2.588023679085779,0.1954002384909578,,0.04790614551385609,0.07076656687245311
B0007,225,charge,24,[2008.       5.       3.      10.      36.      35.781],4.152356182458047,3.411722460954055,4.2147387353767405,0.1056859196937777,0.6155482454563233,-2.259539997317955,1.498951752123876,0.6316386736709438,25.34324683845571,23.782545924452386,29.172752711612734,1.4973508274122609,10494.625,3.964665605095541,0.6196742038216561,,,,,,,,,,
B0007,226,impedance,24,[2008.       5.       3.      13.      32.      41.671],,,,,,,,,,,,,,,,,,,834.6847134895578,329.3611743049576,2.612371124306599,0.19840281373433308,,0.049653807534869046,0.07281511275371025
B0007,227,discharge,24,[2008.       5.       3.      14.       4.      34.187],3.532158560934324,2.1783847786257136,4.202600613133091,0.25743321846075945,-1.9305510314753316,-1.9932876007572093,0.0026672247503980754,0.3367955832619307,32.11305439113157,23.732576134274755,40.18846095484838,3.8534531796730453,3167.593,,,,,1.6830744356583152,,,,,,,
B0007,228,impedance,24,[2008.       5.       3.      14.      58.      49.093],,,,,,,,,,,,,,,,,,,832.3363234726725,331.709453427899,2.5889835158848773,0.19551594107565876,,0.04815631252607322,0.07031487671206166
B0007,229,charge,24,[2008.      5.      3.     15.     30.     41.64],4.152709194310727,3.416241958699925,4.214931268516532,0.10521636583157663,0.6152087686046263,-2.25643385717496,1.4989497852420448,0.630854387445794,25.404838740175805,23.85018234983641,29.21475971618361,1.4940236360811243,10467.75,3.9807074340527575,0.6194023447908342,,,,,,,,,,
B0007,230,impedance,24,[2008.       5.       3.      18.      26.      20.765],,,,,,,,,,,,,,,,,,,834.6696471870309,329.3920504627331,2.613312733519811,0.19842880185194667,,0.049804698569480284,0.07183693248710026
B0007,231,discharge,24,[2008.       5.       3.      18.      58.      13.468],3.5308376380023527,2.191481814157953,4.202328519159183,0.25735132818647616,-1.9247195409983122,-1.9932567265208059,0.0005503459303460755,0.3526649608118804,32.20371989479744,23.784085634385107,40.2789498830108,3.8766566501795,3167.719,,,,,1.6779270142025482,,,,,,,
B0007,232,impedance,24,[2008.       5.       3.      19.      52.      28.578],,,,,,,,,,,,,,,,,,,833.0102676203454,331.4279853983409,2.591626325132717,0.1959093960825188,,0.04871866527250497,0.07073110778960329
B0007,233,charge,24,[2008.       5.       3.      20.      24.      21.312],4.150213011801893,3.4196364100267753,4.214762412303275,0.10697756502644026,0.6487998814529682,-2.258322298582479,1.4986846958697126,0.6299025963049254,25.53866446967712,23.90456514902012,29.26292921590928,1.499780781772682,9904.406,4.214241408450704,0.6531271830985917,,,,,,,,,,
B0007,234,impedance,24,[2008.      5.      3.     23.     10.     37.25],,,,,,,,,,,,,,,,,,,834.5543053765265,329.6904464418779,2.6095960883873155,0.19807513703496724,,0.04960142143548596,0.07212114083797687
B0007,235,discharge,24,[2008.       5.       3.      23.      42.      30.093],3.5296958440720005,2.1753473356526807,4.202855889678493,0.25903317835716594,-1.9245739020356052,-1.9933610066273437,0.002600197507149313,0.35306848458191703,32.23340825772458,23.83125634938924,40.310727434969614,3.8809728822466507,3159.077999999994,,,,,1.6732060275966172,,,,,,,
B0007,236,impedance,24,[2008.       5.       4.       0.      36.      36.703],,,,,,,,,,,,,,,,,,,832.4418852356001,331.7783739889416,2.588052517367942,0.1954250470246411,,0.04830978182442808,0.07064084986534173
B0007,237,charge,24,[2.0080e+03 5.0000e+00 4.0000e+00 1.0000e+00 8.0000e+00 2.9578e+01],4.155306899207721,3.4230046773800953,4.2147220153611,0.10293739014034883,0.592157777971494,-2.2589681205832584,1.4985988008967346,0.6285148090256132,25.392212094931914,23.839627958141584,29.24635618901523,1.5112603501721853,10805.656,3.8500061951471345,0.5962692565823438,,,,,,,,,,
B0007,238,impedance,24,[2008.       5.       4.       4.       9.      47.078],,,,,,,,,,,,,,,,,,,834.7647102848033,329.35455497650804,2.6124700915080035,0.19838730678359603,,0.04933286951263678,0.07263784411726666
B0007,239,discharge,24,[2008    5    4    4   41   40],3.5281819372126093,2.1832922624558813,4.202212609390717,0.2590267647030847,-1.9243785304854075,-1.9942955362628867,5.813877826634093e-05,0.353697587121458,32.212169716369466,23.780373043169558,40.31733812871393,3.897110967912235,3148.829,,,,,1.6674367208253988,,,,,,,
B0007,240,impedance,24,[2008.       5.       4.       5.      35.      36.578],,,,,,,,,,,,,,,,,,,832.4859374814201,331.53701760042946,2.5912248606202506,0.19576603970175066,,0.04802200703480097,0.07107634151010893
B0007,241,charge,24,[2008.       5.       4.       6.       7.      29.546],4.15567222938149,3.425725733310602,4.2147218693240704,0.10256256984900268,0.5920487199801124,-2.2572765027836446,1.497417810301238,0.6277393230769064,25.37882063803655,23.82025891547306,29.246890579031508,1.5146198887886195,10777.328,3.8699844680300286,0.5961563810509968,,,,,,,,,,
B0007,242,impedance,24,[2008.       5.       4.       9.       8.      18.734],,,,,,,,,,,,,,,,,,,833.8100288892061,330.26222967703256,2.604632540201664,0.19736647516729391,,0.048245150285560964,0.07344417258506274
B0007,243,discharge,24,[2008.       5.       4.       9.      40.      11.906],3.5265730179666974,2.192864020990023,4.202335745153063,0.25895117983184,-1.9184028799161776,-1.9951017113211473,-0.0006209850775538972,0.36885103516009277,32.21746401954225,23.770282871894263,40.332563430145015,3.918876824662239,3149.094,,,,,1.6622662630667526,,,,,,,
B0007,244,impedance,24,[2008.       5.       4.      10.      34.       8.906],,,,,,,,,,,,,,,,,,,832.3789659259373,331.5789508458783,2.5922636413634423,0.19579289651882878,,0.04887856396815102,0.07067979605623653
B0007,245,charge,24,[2008.       5.       4.      11.       6.       2.078],4.156007874053479,3.429153432536516,4.2147325399745,0.1020314991373001,0.5915470879419605,-2.256202226309472,1.498590224623081,0.6270516714777199,25.36610442135351,23.801249183030563,29.227147864241523,1.5170577104727632,10745.86,3.862667618800312,0.5956068813295249,,,,,,,,,,
B0007,246,impedance,24,[2008.       5.       4.      14.       6.      20.031],,,,,,,,,,,,,,,,,,,835.0759853995723,329.10425857610613,2.6149065386264536,0.19874572737630833,,0.05001512861656075,0.07381936636092858
B0007,247,discharge,24,[2008.       5.       4.      14.      38.      13.359],3.5245022548553444,2.1560972126643922,4.201997273379946,0.26179245053019967,-1.9181664471622712,-1.9939693898192545,-0.0008196546730972273,0.36930143578125346,32.23410177209762,23.76194654931583,40.431258866851486,3.9425202907421366,3140.547,,,,,1.6574243065763063,,,,,,,
B0007,248,impedance,24,[2.008e+03 5.000e+00 4.000e+00 1.500e+01 3.200e+01 1.953e+00],,,,,,,,,,,,,,,,,,,832.0202566399524,332.25413118409784,2.583884782025653,0.19488377497992437,,0.04912443706060332,0.07004253090015103
B0007,249,charge,24,[2008.       5.       4.      16.       3.      55.281],4.15668004634962,3.430660001964537,4.214579723018079,0.10133471254805305,0.5867625337906409,-2.2576076874496755,1.497934656066319,0.626221577656504,25.36601497084141,23.79976434310875,29.24258075677239,1.5231770110224623,10806.781,3.8330216998191684,0.5904765435288041,,,,,,,,,,
B0007,250,impedance,24,[2008.       5.       4.      19.       5.      14.343],,,,,,,,,,,,,,,,,,,833.7960551637074,330.73307789679285,2.5980860652899156,0.19674857002516108,,0.047456705587096075,0.07255600991617446
B0007,251,discharge,24,[2008.      5.      4.     19.     37.      7.89],3.5228548406546385,2.138540138129487,4.201599523927098,0.26334902608175864,-1.9180994998619483,-1.9959097500887342,-0.0005785652845972775,0.36972121910128913,32.228343983674435,23.751263650793735,40.46247985933005,3.9516136358563108,3131.625,,,,,1.652538684928734,,,,,,,
B0007,252,impedance,24,[2008.       5.       4.      20.      30.      47.687],,,,,,,,,,,,,,,,,,,833.2345286770606,330.90517572120297,2.5962972516922345,0.19646856685847758,,0.04893713330364649,0.07109876809149202
B0007,253,charge,24,[2.0080e+03 5.0000e+00 4.0000e+00 2.1000e+01 2.0000e+00 4.1203e+01],4.157264783828636,3.4323801576639834,4.214616737514549,0.10093486947993584,0.5852801437987227,-2.2559698725759985,1.4972758281312217,0.6250381976223519,25.328687996097223,23.756892741633997,29.205804963938984,1.534645221040405,10806.593999999997,3.8741049366761438,0.589272680279142,,,,,,,,,,
B0007,254,impedance,24,[2.008e+03 5.000e+00 5.000e+00 0.000e+00 4.000e+00 2.500e-01],,,,,,,,,,,,,,,,,,,834.3955009539463,329.5460238361135,2.6113436406643884,0.19822168926728426,,0.048886406569936064,0.07289868386035867
B0007,255,discharge,24,[2008.       5.       5.       0.      35.      53.968],3.5222829121237855,2.1646493163558524,4.20196227209543,0.2622165090473685,-1.9179522150901998,-1.9950531920364833,0.0007067950076479342,0.3704409853164542,32.1833106060944,23.692389087728426,40.40103455658551,3.954583146041962,3121.907,,,,,1.6472174627573322,,,,,,,
B0007,256,impedance,24,[2.0080e+03 5.0000e+00 5.0000e+00 1.0000e+00 2.9000e+01 2.4203e+01],,,,,,,,,,,,,,,,,,,833.4934407939203,330.70692891664527,2.598912674937345,0.19676859264252533,,0.04911103876049412,0.07147560174006445
B0007,257,charge,24,[2.008e+03 5.000e+00 5.000e+00 2.000e+00 1.000e+00 1.789e+01],4.156127781729184,3.4364884554424178,4.214694942964417,0.10163560943051886,0.6042134870023935,-2.2586154785414965,1.498671625820865,0.6249420941541747,25.324904467851695,23.71139065017894,29.15027468636607,1.5361933377246992,10429.547,3.9967302949061656,0.6080651742627347,,,,,,,,,,
B0007,258,impedance,24,[2008    5    5    4   56   20],,,,,,,,,,,,,,,,,,,834.3520011651011,329.7960122396509,2.6101918663292953,0.19798777685462543,,0.04904240478915373,0.07202371305148902
B0007,259,discharge,24,[2008.       5.       5.       5.      28.      13.937],3.5189923820688493,2.1187211383693167,4.202045571197949,0.26579878809823443,-1.9116539768893375,-1.993252278498655,0.002584297365125661,0.38501324372590207,32.17200142078129,23.642375027314003,40.4426971996319,3.989270609895539,3122.125,,,,,1.6364136810898071,,,,,,,
B0007,260,impedance,24,[2008.       5.       5.       6.      21.      44.546],,,,,,,,,,,,,,,,,,,834.5307011249246,329.4436796900883,2.6098134724803015,0.19821128454044948,,0.05030151322042697,0.07382011728457984
B0007,261,charge,24,[2008.       5.       5.       6.      53.      38.406],4.158424100775489,3.437390590174292,4.214633904589618,0.09965161142393164,0.5810528247044214,-2.2596361366365243,1.4961162418899276,0.6228240499953488,25.15003755101717,23.473927272399827,29.069744196379535,1.5787483903522876,10807.094,3.8790620796689077,0.5848880237972065,,,,,,,,,,
B0007,262,impedance,24,[2008.      5.      5.      9.     54.     58.25],,,,,,,,,,,,,,,,,,,834.2048708751457,330.00382206211873,2.6067246631162804,0.19769039676321457,,0.04861981736892422,0.07223470556283451
B0007,263,discharge,24,[2008.     5.     5.    11.    41.    31.5],3.5177844279570794,2.1377868706438155,4.204697039833386,0.26600215117219994,-1.9115865510736891,-1.9934424013813434,0.0016296703790506485,0.3850783041628466,32.03316223587618,23.617774403005388,40.26214977673693,3.9283211145844676,3121.672,,,,,1.6362554312048496,,,,,,,
B0007,264,charge,24,[2008.       5.       5.      17.      40.      16.687],4.159699163403841,3.4601443516238364,4.214745527678928,0.09673596578341406,0.583481440731189,-2.2575471354309986,1.49634019858811,0.6226066462310614,25.474627913650302,24.108973796406932,29.345336772449535,1.466880495839105,10719.016,3.8872181059222544,0.5875364466475346,,,,,,,,,,
B0007,265,discharge,24,[2008.       5.       5.      20.      40.       8.562],3.5212226057273495,2.103155697792567,4.203964293328523,0.267463244027458,-1.917648718820213,-1.993721164618022,-0.0003124695442695881,0.37032820729133353,32.506671891788216,24.167910537487234,40.645668361956844,3.863021171137795,3120.86,,,,,1.641119179218384,,,,,,,
B0007,266,impedance,24,[2008.      5.      5.     21.     33.     38.39],,,,,,,,,,,,,,,,,,,832.8052767228231,331.1064302108165,2.59646376515082,0.19631016977190688,,0.04858590816702541,0.07223412421622642
B0007,267,charge,24,[2008.     5.     5.    22.     5.    32.5],4.1580679564787895,3.4272940026925487,4.214717340768705,0.10022864956038958,0.583036658247554,-2.2578144403866363,1.4978950673011409,0.6230153257491114,25.309912948438804,23.653037327226095,29.227318696670796,1.5658486059479173,10806.437000000005,3.8809961230292065,0.586545929180667,,,,,,,,,,
B0007,268,impedance,24,[2.0080e+03 5.0000e+00 6.0000e+00 1.0000e+00 6.0000e+00 5.2015e+01],,,,,,,,,,,,,,,,,,,834.4059530022511,329.3683162416963,2.614616746803487,0.19852870899448596,,0.04830739180756976,0.07449610987674748
B0007,269,discharge,24,[2.0080e+03 5.0000e+00 6.0000e+00 1.0000e+00 3.8000e+01 4.6265e+01],3.5172227884430147,2.186737546753024,4.201985395805308,0.26251805234594217,-1.9111337702474194,-1.9950801271316676,0.0010705188392996711,0.3859863634088458,31.961039485620926,23.553024490779926,39.95209030011925,3.9075613618643468,3103.828,,,,,1.6315700789656966,,,,,,,
B0007,270,impedance,24,[2.0080e+03 5.0000e+00 6.0000e+00 2.0000e+00 3.1000e+01 5.9093e+01],,,,,,,,,,,,,,,,,,,832.3442536386859,331.5804726680815,2.5882491179829055,0.1954943230050313,,0.04876858782226287,0.07064567543830795
B0007,271,charge,24,[2008.      5.      6.      3.      3.     53.39],4.159707944141472,3.4387485764711876,4.214654945008987,0.0981891908300519,0.5782298330343395,-2.257803885265159,1.4985336695650835,0.6203441264929798,24.83271348154768,23.218283145452887,28.734579293571617,1.5578181442641992,10805.265,3.8814823925427238,0.5814418177110307,,,,,,,,,,
B0007,272,impedance,24,[2008.       5.       6.       6.       5.      11.921],,,,,,,,,,,,,,,,,,,834.6708869614508,329.53882339382125,2.6080896390988886,0.198033050542031,,0.04807714089362054,0.07403770271784743
B0007,273,discharge,24,[2008.       5.       6.       6.      37.       6.296],3.5125010864221813,2.1007747911593695,4.20178017149305,0.26841940308331047,-1.9108556098369367,-1.9937540476262585,0.0012645403116355951,0.3864575673331354,31.798082670491866,23.15836420422582,40.165034583244065,4.039383392805075,3095.094,,,,,1.621213282987236,,,,,,,
B0007,274,impedance,24,[2008.       5.       6.       7.      30.      10.578],,,,,,,,,,,,,,,,,,,832.5617499453714,331.44345239789897,2.588834903450806,0.19564728546574425,,0.04812419279863444,0.07218949222755539
B0007,275,charge,24,[2.008e+03 5.000e+00 6.000e+00 8.000e+00 2.000e+00 5.062e+00],4.157611519016756,3.439361746601517,4.214643753973769,0.0998208879496483,0.6108532334353195,-2.256363794384646,1.4969963282788086,0.6207492608697688,24.88956188067808,23.30660768818024,28.661365876187777,1.5198898490864376,10208.062,4.137746637386768,0.6145512764205326,,,,,,,,,,
B0007,276,impedance,24,[2008.       5.       6.      10.      53.      26.531],,,,,,,,,,,,,,,,,,,834.2076948172315,329.8160834894723,2.6068481464292783,0.19772844077037943,,0.048897202430558395,0.07193674461638987
B0007,277,discharge,24,[2008.       5.       6.      11.      25.      21.031],3.5129614635074673,2.1417010068719846,4.202220537976551,0.26549914451346457,-1.9049762303506044,-1.9934634318284483,0.000774643552012622,0.4005172724970495,31.95802833708937,23.26175935743409,40.36674175781141,4.100074784183007,3095.781,,,,,1.6164273214762122,,,,,,,
B0007,278,impedance,24,[2008.       5.       6.      12.      18.      26.171],,,,,,,,,,,,,,,,,,,832.2988480709973,331.5581925556611,2.589490043357999,0.19561346820742812,,0.048287687725557416,0.0711931915352938
B0007,279,charge,24,[2008.       5.       6.      12.      50.      20.781],4.1603779113712145,3.4422909692222348,4.214780400715733,0.09746688988914297,0.5736847833082896,-2.2547997798913593,1.4974912131364522,0.6191248016891988,25.13848713559105,23.71602336594692,29.00140228722429,1.497862836630692,10807.219,3.878931623931624,0.5775689717689718,,,,,,,,,,
B0007,280,impedance,24,[2008.       5.       6.      15.      51.      41.546],,,,,,,,,,,,,,,,,,,835.8294256426766,327.92473673977616,2.627973098591822,0.20023888341401,,0.05060519273798081,0.07400471120772745
B0007,281,discharge,24,[2008.       5.       6.      16.      23.      36.296],3.5125204100391962,2.0912297625621297,4.2013887453306085,0.26924432437899815,-1.9051068520548522,-1.9955237523449136,0.0004752084007865389,0.4005777576368912,32.41813169746276,23.705879583857502,40.88269125311642,4.104813634275824,3094.328,,,,,1.615823510161921,,,,,,,
B0007,282,impedance,24,[2008.       5.       6.      17.      16.      40.109],,,,,,,,,,,,,,,,,,,835.3300316860958,328.5317248395472,2.622001386090585,0.19953513434176853,,0.0518898593763007,0.07337968785128729
B0007,283,charge,24,[2008.       5.       6.      17.      48.      34.906],4.159943440903098,3.440167531478127,4.21461504007756,0.09810080489188214,0.5735566316606672,-2.2575052091681385,1.5002181576903035,0.619672483853091,25.67656084340354,24.12666750927868,29.537310773703567,1.5103202930802742,10805.906,3.8708871051268767,0.5776187208700155,,,,,,,,,,
B0007,284,impedance,24,[2008.       5.       6.      20.      49.      54.421],,,,,,,,,,,,,,,,,,,838.10899418251,325.56670984112674,2.6546075000278972,0.20337215409781084,,0.05513227508897388,0.07463188429536609
B0007,285,discharge,24,[2008.       5.       6.      21.      21.      49.265],3.5151454557578807,2.1663009505205935,4.201620573144587,0.264592914024469,-1.9049079394753692,-1.9937747556066172,0.0014730247330521256,0.40110938112637234,32.64044972789331,24.063147568932987,40.856332202254556,4.035276418212726,3086.531,,,,,1.61672418029789,,,,,,,
B0007,286,impedance,24,[2008.       5.       6.      22.      14.      45.453],,,,,,,,,,,,,,,,,,,835.9755844861733,327.5998685115003,2.6338937432291476,0.20082056685793037,,0.05314810765507648,0.07419785919197229
B0007,287,charge,24,[2008.       5.       6.      22.      46.      40.375],4.159692060850637,3.442544012611506,4.214731729762176,0.09831908029692679,0.5801903405112744,-2.2583118126282766,1.4975965365931376,0.6191133641039983,25.62368416476886,24.019794912566326,29.488543232595912,1.5460273498863168,10655.937000000005,3.9366269048870204,0.5841019968470836,,,,,,,,,,
B0007,288,impedance,24,[2.0080e+03 5.0000e+00 7.0000e+00 1.0000e+00 4.5000e+01 3.0125e+01],,,,,,,,,,,,,,,,,,,837.5080132671146,326.4416802164821,2.641831092936748,0.20206659454078424,,0.052122387063300676,0.07530335771038864
B0007,289,discharge,24,[2.0080e+03 5.0000e+00 7.0000e+00 2.0000e+00 1.7000e+01 2.5156e+01],3.513443179473182,2.1843637809529235,4.201668680267049,0.26388369352167246,-1.898761620917719,-1.993529946094214,0.0007479343585839389,0.4145639691317064,32.56399373078006,23.95500402082536,40.778024611598504,4.0489676097337375,3085.625,,,,,1.6108655863730026,,,,,,,
B0007,290,impedance,24,[2008.       5.       7.       3.      10.      20.671],,,,,,,,,,,,,,,,,,,835.5085311305087,328.14127891078937,2.6284197035372694,0.20013658269931042,,0.051886743475727706,0.07331681215513984
B0007,291,charge,24,[2008.      5.      7.      3.     42.     15.75],4.157997794537938,3.446221259821577,4.214640908593128,0.0995852718028866,0.6100629362631118,-2.2561160307677173,1.4970654794540754,0.6189939199799399,25.554462099423464,23.863378155862616,29.344957303409892,1.5570796627461965,10117.172,4.178019683947879,0.6139666204602162,,,,,,,,,,
B0007,292,impedance,24,[2008.       5.       7.       6.      32.       6.906],,,,,,,,,,,,,,,,,,,836.8598126936562,326.96028640657335,2.6406417323116425,0.20163306628146005,,0.05077571807567494,0.07496378520798935
B0007,293,discharge,24,[2008.       5.       7.       7.       4.       2.109],3.5097089402574535,2.113995772639173,4.202567159315787,0.26957573994134193,-1.90433828068926,-1.9937950394148773,0.002791130516547081,0.4023836860850073,32.28305350922276,23.712966469853818,40.5829305350897,4.030966130077138,3067.203,,,,,1.6006603374309376,,,,,,,
B0007,294,impedance,24,[2008.      5.      7.      7.     56.     39.25],,,,,,,,,,,,,,,,,,,835.488610106699,328.08502130068035,2.62990572528696,0.20026586395033905,,0.05127880020286333,0.07413404629394856
B0007,295,charge,24,[2008.       5.       7.       8.      28.      34.453],4.161882420497646,3.4475763911040884,4.2146284359111865,0.09599774919290255,0.5677156704779872,-2.2565972479494287,1.497239174516359,0.6156239737661698,25.086777788456857,23.463900080247207,28.997287486309055,1.570160282036182,10805.86,3.900590095929479,0.5714099299974075,,,,,,,,,,
B0007,296,impedance,24,[2008.       5.       7.      11.      29.      54.546],,,,,,,,,,,,,,,,,,,836.9455779441923,326.92132157302854,2.6363311204406625,0.20139778006793385,,0.05126724930337932,0.07541159661766002
B0007,297,discharge,24,[2.0080e+03 5.0000e+00 7.0000e+00 1.2000e+01 1.0000e+00 4.9906e+01],3.5042771471756997,2.0287779476202195,4.201472345711643,0.27593869419229977,-1.904192698545851,-1.9948137474440242,0.0015411386303345927,0.4031010093914232,32.06065237439007,23.380469376342713,40.6345689985191,4.1025915192805655,3058.157,,,,,1.5959174487005663,,,,,,,
B0007,298,impedance,24,[2008.      5.      7.     12.     54.     18.25],,,,,,,,,,,,,,,,,,,836.238991020435,327.41645486122144,2.6336025182879665,0.2008754571224853,,0.05162074784919272,0.07456760686704336
B0007,299,charge,24,[2008.       5.       7.      13.      26.      13.671],4.162474734978786,3.4474734570188126,4.214711732650793,0.09518185107664755,0.5662162384023229,-2.2587285258591323,1.4973010402435254,0.6148799809102539,25.056441260108773,23.574984552490218,28.942764795322784,1.530744373973862,10806.328,3.902082188229193,0.5700752916774695,,,,,,,,,,
B0007,300,impedance,24,[2008.       5.       7.      16.      27.      34.437],,,,,,,,,,,,,,,,,,,836.6749017714616,326.9161170054683,2.637702237160689,0.20145361672735837,,0.051355678502895456,0.0749649652243977
B0007,301,discharge,24,[2008.       5.       7.      16.      59.      29.937],3.509207943122176,2.1948906641943635,4.201332830124454,0.26403401116573244,-1.8982712229514884,-1.994905249607193,-7.384784317216585e-05,0.41633846419839154,32.365261126964526,23.582488319458513,40.75070125010339,4.154090104643841,3058.812,,,,,1.5962179519462243,,,,,,,
B0007,302,impedance,24,[2008.       5.       7.      17.      51.      59.125],,,,,,,,,,,,,,,,,,,836.0041933138606,327.7691368900117,2.6315433758276163,0.2006211969871966,,0.05218773955758448,0.0730264613396324
B0007,303,charge,24,[2008.       5.       7.      18.      23.      54.687],4.162064680444332,3.4521481957478666,4.214650058526536,0.09568703500960926,0.567810278444246,-2.2578935905488997,1.4979403218483653,0.6153168413721931,25.564533976059447,24.032844472635702,29.435653039427557,1.5355765690497265,10744.828,3.905472475867466,0.5715877119749545,,,,,,,,,,
B0007,304,impedance,24,[2008    5    7   21   24   14],,,,,,,,,,,,,,,,,,,836.931144112781,326.6959921105534,2.639980150803669,0.20170919770008214,,0.05194895745860293,0.07469906780400354
B0007,305,discharge,24,[2008.       5.       7.      21.      56.       9.656],3.5095064920492853,2.1621122251410005,4.201522880341636,0.26651020354295685,-1.8977934870545983,-1.9940601969636647,0.0018530612527821342,0.4164923578079049,32.68851871366292,23.982069185971252,41.0672419235651,4.12963931213872,3058.578,,,,,1.5958065114633972,,,,,,,
B0007,306,impedance,24,[2008.      5.      7.     22.     48.     38.75],,,,,,,,,,,,,,,,,,,835.3384009376081,328.34607526940107,2.6245085924309097,0.19978496885867592,,0.051323546192023374,0.07394056507406407
B0007,307,charge,24,[2008.       5.       7.      23.      20.      34.515],4.162110677449121,3.449998672984214,4.214607868406527,0.09579600521154723,0.5646348152196095,-2.2576276206357586,1.4977223610449262,0.614996986664774,25.71603687619593,24.11607787722904,29.629351330078233,1.5642022371647688,10804.797000000006,3.8905901426718543,0.5684276783398184,,,,,,,,,,
B0007,308,impedance,24,[2.0080e+03 5.0000e+00 8.0000e+00 2.0000e+00 2.1000e+01 5.4109e+01],,,,,,,,,,,,,,,,,,,836.7157000585704,327.4141568364044,2.6319665390056493,0.20086930992171503,,0.05128667477654547,0.07539484013414438
B0007,309,discharge,24,[2.0080e+03 5.0000e+00 8.0000e+00 2.0000e+00 5.3000e+01 4.9937e+01],3.505203266169396,2.0092802451741245,4.201386492450036,0.27780037236330035,-1.9036436467205253,-1.9937194932286224,0.004041019442751478,0.40372631842414586,32.747733642524246,24.051439279589804,41.40590880756584,4.151667084862949,3049.328,,,,,1.5906507821480704,,,,,,,
B0007,310,impedance,24,[2008.       5.       8.       3.      46.       9.968],,,,,,,,,,,,,,,,,,,836.1768360014385,327.60866761055604,2.6315112426809137,0.20066404380075575,,0.052841857026562786,0.07385806546031527
B0007,311,impedance,24,[2008.       5.       9.      11.      53.      10.593],,,,,,,,,,,,,,,,,,,839.7862179335885,323.84541380832303,2.6716836463852225,0.20546700908188856,,0.05502813794451862,0.07705920199069437
B0007,312,discharge,24,[2008    5    9   12   25    7],3.5281182345919753,2.144268362237989,4.2333254357000865,0.27416305799250557,-1.936992342648715,-1.9937139334305616,0.0010773421833417186,0.31958358926764696,32.50500516961017,23.850620264439623,41.01558674901627,3.999264397606396,3177.219,,,,,1.6888211161855506,,,,,,,
B0007,313,impedance,24,[2008.       5.       9.      13.      19.      35.703],,,,,,,,,,,,,,,,,,,839.1203879056455,324.4885601730337,2.6667000733851,0.2048070856491155,,0.05527266157182866,0.07666481641775076
B0007,314,charge,24,[2008.       5.       9.      17.      26.      51.968],4.16124700040263,3.444905434804836,4.214646441245995,0.09508117371578918,0.5728250416510824,-2.259536832988886,1.4969195166274447,0.6205915367541502,25.616278552522115,24.14817210616072,29.492381619864656,1.4553633502465402,10802.578,3.8407395132055924,0.5772107975142414,,,,,,,,,,
B0007,315,discharge,24,[2008.       5.       9.      20.      28.       9.734],3.519590928396835,2.0962813773920193,4.203917718634026,0.27054736304342386,-1.9233409193548265,-1.9940123642001173,0.00016193231789911412,0.35732712227323765,32.91993878980996,24.43569034018692,41.31851435911838,3.9779476648867633,3082.937,,,,,1.6259938279733204,,,,,,,
B0007,316,impedance,24,[2008.       5.       9.      21.      21.       3.765],,,,,,,,,,,,,,,,,,,837.9564727793359,325.26918933369626,2.6554348975197204,0.20355676212808002,,0.05378413050825462,0.07630704682775627
B0007,317,charge,24,[2.008e+03 5.000e+00 9.000e+00 2.100e+01 5.300e+01 2.810e-01],4.157403064239153,3.4128725007871648,4.214634163331606,0.10068562551544777,0.5912602816785927,-2.25984186287353,1.4957895477700944,0.6230998894766528,26.192445895478503,24.572723293075224,30.056355404654543,1.5392395952935458,10544.452999999994,3.9313623111582294,0.595402120328651,,,,,,,,,,
B0007,318,impedance,24,[2008.       5.      10.       0.      49.      59.984],,,,,,,,,,,,,,,,,,,838.3319493591165,325.4721282114629,2.653400625313554,0.20338269495413216,,0.05324102311684918,0.07558335014316388
B0007,319,discharge,24,[2.008e+03 5.000e+00 1.000e+01 1.000e+00 2.100e+01 5.650e+01],3.5146260368096875,2.0376560852489356,4.202046403451837,0.27485823359870815,-1.916884219356136,-1.9933319825535087,0.0025807635004239486,0.37299749235952684,32.948305858317944,24.481210786362457,41.4002950560853,4.0004148447474615,3074.266,,,,,1.6157433862812898,,,,,,,
B0007,320,impedance,24,[2.0080e+03 5.0000e+00 1.0000e+01 2.0000e+00 1.4000e+01 4.2109e+01],,,,,,,,,,,,,,,,,,,838.5276571997938,325.0686887268294,2.6603351387945886,0.2040204930420548,,0.05478650507622205,0.07743191172663344
B0007,321,charge,24,[2.0080e+03 5.0000e+00 1.0000e+01 2.0000e+00 4.6000e+01 3.8734e+01],4.159130474098866,3.4209172933304357,4.214633287059249,0.09890475874556356,0.5784386636466524,-2.257119845149217,1.4967368393033191,0.6207035693448208,25.99244956080433,24.334799267695907,29.9217154585725,1.5769968921552928,10701.125,3.8747282466684085,0.5824674157303372,,,,,,,,,,
B0007,322,impedance,24,[2008.       5.      10.       5.      46.      15.296],,,,,,,,,,,,,,,,,,,837.8792389555188,325.82406647058536,2.6478474884035546,0.20275411635089988,,0.05273469991494585,0.07574262774043826
B0007,323,discharge,24,[2008    5   10    6   18   12],3.5115494818370454,2.050265845971926,4.201592874087554,0.2738568804220646,-1.910472150518363,-1.9934516762680057,0.00030225152811291756,0.38840976951005973,32.76906651915661,24.228447169823482,41.2508092329952,4.043926015268153,3066.0,,,,,1.6056626764846538,,,,,,,
B0007,324,impedance,24,[2008.       5.      10.       7.      10.      49.593],,,,,,,,,,,,,,,,,,,837.8959169368591,326.3332661921408,2.646528891516335,0.2025384957317521,,0.05427689977479273,0.07517125637103751
B0007,325,charge,24,[2008.       5.      10.       7.      42.      46.312],4.160505352231573,3.428883275083532,4.214655908274801,0.0973505872691939,0.5688224055990168,-2.2580269759095866,1.4967058708335692,0.618578145821638,25.7378775367257,24.094715980354046,29.685947006810565,1.5838792488387996,10805.813,3.829368530020703,0.572920781573499,,,,,,,,,,
B0007,326,impedance,24,[2008.       5.      10.      10.      44.       7.859],,,,,,,,,,,,,,,,,,,839.0987835627426,324.58564296259055,2.6638345867483686,0.20449967853328577,,0.054101669766115246,0.07605862048749032
B0007,327,discharge,24,[2008.       5.      10.      11.      16.       4.843],3.510769869032659,2.1421639870693685,4.201214370586727,0.26772380868625756,-1.904277326283454,-1.9942033375334116,-0.0006093698061376766,0.40296100009297364,32.59734424608833,24.003142454503458,40.95362783962595,4.061553116289224,3056.437,,,,,1.5949746921524348,,,,,,,
B0007,328,impedance,24,[2008.       5.      10.      12.       8.      32.875],,,,,,,,,,,,,,,,,,,837.730592682274,326.15503603922633,2.6469066298351396,0.20259129168002946,,0.05335555094385589,0.07624199701827614
B0007,329,charge,24,[2008.      5.     10.     12.     40.     29.89],4.161111580296077,3.4381876429567035,4.214734865641993,0.09674553657394112,0.5717975094361378,-2.2588361587869192,1.4998824605574792,0.6170048850270762,25.603747603389166,23.973131410215718,29.52893852325117,1.5773393883120566,10693.438,3.903585538380927,0.5758787005501703,,,,,,,,,,
B0007,330,impedance,24,[2008.      5.     10.     15.     39.     59.14],,,,,,,,,,,,,,,,,,,838.9992112569762,324.7315966730817,2.6622605606371654,0.204383399029602,,0.053379437619037746,0.0768769249386572
B0007,331,discharge,24,[2008.       5.      10.      16.      11.      56.109],3.50804494279531,2.093098662464846,4.201660608337926,0.2714351723858833,-1.904002494100001,-1.9942540792901025,0.0005774339704760785,0.40347471459758105,32.52349894408369,23.879196296054904,40.989022190981714,4.1006818446076005,3048.219,,,,,1.5904102438871945,,,,,,,
B0007,332,impedance,24,[2008.       5.      10.      17.       4.      16.015],,,,,,,,,,,,,,,,,,,838.7059133579825,324.8370354150891,2.661065142069715,0.20422702603832335,,0.05518512471358772,0.0767334331584221
B0007,333,charge,24,[2008.       5.      10.      17.      36.      13.062],4.161784165329537,3.4400904606244587,4.214744172995059,0.0960661872299088,0.5689033167628476,-2.2578079576131604,1.497871651645936,0.615697948189209,25.574680690927398,23.9842830437136,29.489260448244107,1.563744671796519,10708.406,3.915232339089482,0.5730559131344846,,,,,,,,,,
B0007,334,impedance,24,[2008.       5.      10.      20.      35.      57.437],,,,,,,,,,,,,,,,,,,840.1949541802645,323.181092298495,2.676915670185417,0.20615599545520558,,0.05523767045005179,0.07884381066373808
B0007,335,discharge,24,[2008.       5.      10.      21.       7.      54.625],3.507748080950393,2.109503853325003,4.201750207865124,0.27050869918323595,-1.9036546380501311,-1.9999801485407718,0.001450116371467092,0.40435867681465476,32.578228834731775,23.935993772910926,41.02622774121347,4.111733496864432,3039.218,,,,,1.5853517062988178,,,,,,,
B0007,336,impedance,24,[2008.       5.      10.      22.       0.       5.781],,,,,,,,,,,,,,,,,,,838.525469366438,324.91233102678876,2.6627501831974847,0.2042699675756159,,0.053994133680981084,0.07773988563055201
B0007,337,charge,24,[2008.       5.      10.      22.      32.       2.937],4.162435132005642,3.4431661794657753,4.214670168995556,0.0952480183953448,0.5616365499924564,-2.2571025923731836,1.4983768514491753,0.6147658766591454,25.62855590034613,24.036904658545424,29.555663549954055,1.5678230721114985,10805.297000000006,3.8615289084780917,0.5658029556650247,,,,,,,,,,
B0007,338,impedance,24,[2.0080e+03 5.0000e+00 1.1000e+01 1.0000e+00 3.3000e+01 2.4437e+01],,,,,,,,,,,,,,,,,,,839.7752132430719,323.71541924574285,2.675911941952286,0.20584957734650175,,0.054439338280930595,0.07785420519610012
B0007,339,discharge,24,[2.0080e+03 5.0000e+00 1.1000e+01 2.0000e+00 5.0000e+00 2.1796e+01],3.5066673521067266,2.1295447836320704,4.201226117420626,0.2692433210994772,-1.8977146678452774,-1.995744295058308,0.00030953117886836455,0.41774616488674415,32.62728298499839,23.980765847990668,41.01371342582121,4.116933403314129,3039.047,,,,,1.5799737147242376,,,,,,,
B0007,340,impedance,24,[2.0080e+03 5.0000e+00 1.1000e+01 2.0000e+00 5.7000e+01 3.2984e+01],,,,,,,,,,,,,,,,,,,838.620436088298,324.9276715838943,2.662281398297671,0.20423598331782652,,0.055109377347250715,0.07623069832622051
B0007,341,charge,24,[2008.       5.      11.       3.      29.      30.359],4.161122628619384,3.445279149806934,4.2146517893649875,0.09645918486181747,0.5846780336100885,-2.2580114961651523,1.4985326647097332,0.6153504408707144,25.704388603277437,24.057464111898444,29.573584932950624,1.5721186346778313,10363.61,4.042874390904169,0.5888952355170547,,,,,,,,,,
B0007,342,impedance,24,[2008.      5.     11.      6.     23.     30.25],,,,,,,,,,,,,,,,,,,839.4354199234531,324.0845886365925,2.666530246686595,0.2050018847245326,,0.05405487569096337,0.07821105614795815
B0007,343,discharge,24,[2008.       5.      11.       6.      55.      27.734],3.5061843921745397,2.138556110583413,4.201796973837129,0.2691227468747876,-1.8973347377958825,-1.995283636272928,0.0007088973292597752,0.41823604974731454,32.652115712561326,23.999220368885872,41.04923314430273,4.118310158305885,3030.375,,,,,1.5752185465278068,,,,,,,
B0007,344,impedance,24,[2008.       5.      11.       7.      47.      30.468],,,,,,,,,,,,,,,,,,,838.8218403654264,324.7696949494061,2.662692444983547,0.20435279674659598,,0.05479070192432567,0.0771316593546729
B0007,345,charge,24,[2008.       5.      11.       8.      19.      27.953],4.163316309598824,3.4484807940696336,4.214608312282589,0.09427009690666739,0.5580418254115235,-2.2598985853212543,1.4984986693548632,0.6129345869034374,25.63485128551617,24.038172084351473,29.574504883211656,1.5780233427496184,10805.094,3.861736773858921,0.5621167531120331,,,,,,,,,,
B0007,346,impedance,24,[2008.       5.      11.      11.      20.      49.578],,,,,,,,,,,,,,,,,,,839.2617862837154,324.3889397627579,2.668060136799301,0.20493064177089967,,0.05335322659418541,0.07819867312210359
B0007,347,discharge,24,[2008.       5.      11.      11.      52.      47.187],3.5051004339266254,2.1437793669909317,4.201200470517945,0.26893892592128943,-1.8970045774163773,-1.9943198333456515,0.0016972268277341874,0.4188464005659871,32.64767456395258,23.973654052530293,41.05277512550887,4.135322062548897,3021.0,,,,,1.569798484648868,,,,,,,
B0007,348,impedance,24,[2008.       5.      11.      12.      44.      40.703],,,,,,,,,,,,,,,,,,,837.5924774751375,325.89766096641944,2.6512098585406805,0.20293485001068293,,0.05372850301976263,0.07612674604645071
B0007,349,charge,24,[2008.      5.     11.     13.     16.     38.64],4.163753434252257,3.450761952918757,4.214720979959802,0.09389173271251344,0.5565552914703132,-2.2580707743707293,1.4979188896311995,0.6118386819444694,25.6527336441731,24.065347545297957,29.59702533136257,1.5774313387403562,10805.5,3.8759099403062542,0.5605823514144823,,,,,,,,,,
B0007,350,impedance,24,[2.008e+03 5.000e+00 1.100e+01 1.600e+01 1.800e+01 8.120e-01],,,,,,,,,,,,,,,,,,,839.3073425757308,324.2630028640728,2.664745640527148,0.20480178644363822,,0.05354779689154472,0.07799840526566774
B0007,351,discharge,24,[2008.       5.      11.      16.      49.      58.921],3.5054479186890566,2.199196544880164,4.201289094579205,0.26547378393904136,-1.8909127399289274,-1.9968908750212224,0.005071881446587334,0.4318752742370957,32.6993879231031,24.01135599553165,41.02092182377061,4.1434355534635925,3021.75,,,,,1.5702565375950357,,,,,,,
B0007,352,impedance,24,[2008.       5.      11.      17.      41.      53.265],,,,,,,,,,,,,,,,,,,837.1734115700887,326.729014077385,2.641559389999512,0.20189076426158178,,0.05342880437818603,0.07475396587125875
B0007,353,charge,24,[2008.       5.      11.      18.      13.      51.109],4.164091233459148,3.453533218535534,4.214656066398112,0.09340928685810798,0.5545574634930884,-2.256273737870077,1.4975633884026134,0.6111343408460373,25.668484796650056,24.070443712647574,29.608387587301,1.584108857159072,10806.844,3.875396833636128,0.558618894368025,,,,,,,,,,
B0007,354,impedance,24,[2008.       5.      11.      21.      15.      14.843],,,,,,,,,,,,,,,,,,,839.5123124171641,324.1468682233476,2.666655237091133,0.20497937651828887,,0.05429631089195726,0.07755605645193993
B0007,355,discharge,24,[2008.       5.      11.      21.      47.      12.843],3.500074246846,2.0252901014990434,4.201033482375415,0.2780974884933766,-1.8968789299198896,-1.9939195524210047,-9.090347803085198e-05,0.4193757586765284,32.724576765133094,24.011740056772418,41.34840278359994,4.183372291476193,3012.265,,,,,1.565249873909438,,,,,,,
B0007,356,impedance,24,[2008.       5.      11.      22.      38.      57.843],,,,,,,,,,,,,,,,,,,839.3981878436049,324.2483016413017,2.6674704176424697,0.2050115941349355,,0.05466184236291413,0.07846015850370025
B0007,357,charge,24,[2008.       5.      11.      23.      10.      55.875],4.162630452592037,3.449609110599129,4.214792569529256,0.09476049504882829,0.5787017238749383,-2.2561311748891355,1.4973120843578551,0.6122876700136023,25.74432548238452,24.06443202258218,29.610572699408394,1.5924905207989253,10367.906000000003,4.057928223185265,0.5827789274106177,,,,,,,,,,
B0007,358,impedance,24,[2.008e+03 5.000e+00 1.200e+01 2.000e+00 5.000e+00 7.030e-01],,,,,,,,,,,,,,,,,,,839.8891345785173,323.70352627509095,2.675026930783941,0.20569406318610453,,0.054140507846383475,0.07849103991881125
B0007,359,discharge,24,[2.0080e+03 5.0000e+00 1.2000e+01 2.0000e+00 3.6000e+01 5.8921e+01],3.5011647157526498,2.0874226328484515,4.201482697501314,0.2734435466054509,-1.8964710309338209,-1.9941986616958334,0.0010516290130581486,0.41987506069301295,32.70434030242972,23.99347983811607,41.23753665797544,4.172822950886433,3002.641,,,,,1.559633933561147,,,,,,,
B0007,360,impedance,24,[2008.       5.      12.       3.      28.      34.484],,,,,,,,,,,,,,,,,,,838.4531327100291,325.2326195132121,2.6595455873367206,0.20390804666769938,,0.053882401638940244,0.0774785569851945
B0007,361,charge,24,[2008.       5.      12.       4.       0.      32.718],4.164844499586838,3.453203709197547,4.214652953232849,0.09266625965135963,0.552443348784874,-2.25781444074406,1.4975132135180846,0.6095974202731592,25.633915030387637,24.0046671590383,29.581957944882603,1.5973879654004859,10806.719,3.889680944963655,0.5564474039460021,,,,,,,,,,
B0007,362,impedance,24,[2008.       5.      12.      12.      24.      36.453],,,,,,,,,,,,,,,,,,,839.9231125427326,323.37652788260834,2.676945205964008,0.2060879968660434,,0.05497736185369785,0.07863873360391814
B0007,363,discharge,24,[2008.       5.      12.      12.      56.      34.781],3.500407285435189,2.0863200514042264,4.196165946742788,0.2727539732933852,-1.8967768141795405,-1.9932029763532655,0.0024946169574364503,0.41968280080139775,32.74051962267582,24.069019867711653,41.21700308433066,4.141460947088176,3012.0,,,,,1.5649820533392105,,,,,,,
B0007,364,impedance,24,[2008.      5.     12.     13.     48.     19.89],,,,,,,,,,,,,,,,,,,837.605049904601,325.9654365646092,2.6498448105392143,0.20279582181637068,,0.05427616393971161,0.07537775917996459
B0007,365,charge,24,[2008.      5.     12.     16.     11.     11.14],4.162361800436451,3.474066303192785,4.214725432157408,0.09368135458898505,0.5981192428393753,-2.26044629702722,1.4950414989699965,0.6133543953616999,26.086357315160182,24.763107013413315,29.869815946124863,1.4935093353341522,10043.172,4.201458310016787,0.6027068550643537,,,,,,,,,,
B0007,366,discharge,24,[2008.       5.      12.      18.      59.      59.453],3.507816455272743,2.0588247910323827,4.205246397279064,0.2757283357353109,-1.9031485600103595,-1.9969727693616797,0.00028709959940812835,0.4052945132199409,33.38712825139849,24.773284683784794,41.89753189273277,4.106168727289112,3020.11,,,,,1.57497949984227,,,,,,,
B0007,367,impedance,24,[2008.       5.      12.      19.      51.      52.953],,,,,,,,,,,,,,,,,,,837.9631786112451,325.7752511758716,2.6541442343341575,0.20326237775340417,,0.05377474963866314,0.07616309255239219
B0007,368,charge,24,[2008.       5.      12.      20.      23.      51.828],4.162074459333904,3.441155396926415,4.214702509937045,0.09591117658288872,0.5709027757167792,-2.2579101044409127,1.4975919743234478,0.6139134494791267,26.36503424612251,24.701135648676683,30.28624835971873,1.5960674654699518,10569.812,3.97101378944577,0.5751207902413153,,,,,,,,,,
B0007,369,impedance,24,[2008.       5.      12.      23.      21.      19.078],,,,,,,,,,,,,,,,,,,839.8887019629025,323.49426972707835,2.6744811803520463,0.20582399390111406,,0.054523978157317556,0.0781727897082057
B0007,370,discharge,24,[2008.       5.      12.      23.      53.      17.609],3.5025243992110107,2.007722684403967,4.201509838937999,0.27939830506505453,-1.9028574663381217,-2.0040394709724123,0.0011258644840676153,0.40660201692694903,33.270627344923426,24.60432088403771,41.90270996402953,4.15734860812137,3002.172000000006,,,,,1.5652811168780458,,,,,,,
B0007,371,impedance,24,[2008.      5.     13.      0.     44.     53.25],,,,,,,,,,,,,,,,,,,837.712037243713,325.8081387836316,2.651896859777119,0.20309634847683725,,0.0531805398246686,0.07546214094908074
B0007,372,charge,24,[2.0080e+03 5.0000e+00 1.3000e+01 1.0000e+00 1.6000e+01 5.1859e+01],4.160213369745536,3.4458722132559876,4.21478424347132,0.09712688453165497,0.6055173410823118,-2.259929684740767,1.497329721199648,0.6140122018790112,26.295278993185978,24.52617714556618,30.11536638731283,1.602301925815312,9917.203,4.222118380062305,0.6097359671481167,,,,,,,,,,
B0007,373,impedance,24,[2008.      5.     13.      4.      3.     26.64],,,,,,,,,,,,,,,,,,,839.61376471712,323.70852535650454,2.6708339074162986,0.20544435414363096,,0.05441238770330601,0.07816806645061
B0007,374,discharge,24,[2008.       5.      13.       4.      35.      25.359],3.505155823274424,2.190682586389996,4.201909525379603,0.26716096018418656,-1.8963219640753084,-2.0003771874564404,0.001227537594917131,0.42073904575858384,33.115074143665915,24.423639542020226,41.48233804274523,4.145666540073196,2992.703,,,,,1.559755497470126,,,,,,,
B0007,375,impedance,24,[2008.       5.      13.       5.      26.      51.781],,,,,,,,,,,,,,,,,,,838.251475375056,325.310332600088,2.6573577187948283,0.20370610169851178,,0.05409518971933728,0.07684363196174843
B0007,376,charge,24,[2008.       5.      13.       5.      58.      50.796],4.1627693488989195,3.4537456835985108,4.214954620222875,0.09422287330206193,0.57269340675655,-2.258982739820645,1.4975272002120483,0.6122596023838672,26.019053861613617,24.301229457636957,29.940843049405782,1.6236300325677422,10317.406,3.9245059523809522,0.5768029491341993,,,,,,,,,,
B0007,377,impedance,24,[2008.      5.     13.      8.     52.      5.89],,,,,,,,,,,,,,,,,,,839.0586536744987,324.3287449603765,2.6666510066813323,0.20481727607769792,,0.05451219205855288,0.07651054614613173
B0007,378,discharge,24,[2008.       5.      13.       9.      24.       4.718],3.4983646475135717,2.008435320437976,4.199865517000471,0.2800179112567817,-1.908430732943726,-2.0052937156241972,0.0010402847333103626,0.3948750790494943,32.90572814040102,24.19968791502018,41.641162265997195,4.18531988772862,2964.468,,,,,1.549897685670499,,,,,,,
B0007,379,impedance,24,[2008.       5.      13.      10.      15.       2.906],,,,,,,,,,,,,,,,,,,839.6674915613148,323.7345613132163,2.6729268914883733,0.20562450771063387,,0.056164422063534065,0.07769932463139873
B0007,380,charge,24,[2.008e+03 5.000e+00 1.300e+01 1.000e+01 4.700e+01 1.828e+00],4.165255711471095,3.4509356247774288,4.214615041399025,0.09223260893408479,0.5496004964633577,-2.255223398916022,1.498178178101348,0.6083016624379072,25.806756459289247,24.168872543485133,29.783065327576665,1.611866123386983,10806.109,3.889544533887302,0.5535975071410023,,,,,,,,,,
B0007,381,impedance,24,[2008.       5.      13.      13.      48.      25.875],,,,,,,,,,,,,,,,,,,838.520454411732,324.749201233903,2.66014165147237,0.20405903028754188,,0.052351911552094406,0.0772564945442686
B0007,382,discharge,24,[2008.       5.      13.      14.      20.      24.937],3.500140843862167,2.1646360641399958,4.2008597336564515,0.26887813430357094,-1.889754408573026,-1.9945472659822978,0.00034126514562278867,0.4344167924236918,32.953112654161664,24.11639369687997,41.433877603827945,4.228928723876436,2983.375,,,,,1.5438771531345021,,,,,,,
B0007,383,impedance,24,[2008.       5.      13.      15.      11.      42.234],,,,,,,,,,,,,,,,,,,838.6606775406658,324.594691191307,2.664273876557911,0.20452141977173252,,0.05561672295492655,0.07570816049932046
B0007,384,charge,24,[2008.       5.      13.      15.      43.      41.296],4.162797199607679,3.4578129478367954,4.214879556531111,0.09451760275202689,0.5890634205311576,-2.259596881543815,1.498196674430361,0.6102728600731393,26.09212236076689,24.479804047896952,29.877944013477087,1.5507086000623764,10041.921,4.18233790593505,0.593625307950728,,,,,,,,,,
B0007,385,impedance,24,[2008.       5.      13.      18.      32.      21.281],,,,,,,,,,,,,,,,,,,839.5097281189164,324.15972434439317,2.6701931389457627,0.20527179876240256,,0.055582769847162185,0.07723477152073635
B0007,386,discharge,24,[2008.       5.      13.      19.       4.      20.531],3.49909547013937,2.0647427536919833,4.20162098338246,0.2760027250501692,-1.8959167588975119,-1.9938553434941435,-0.000648355297209732,0.4220196727922293,33.2282109237263,24.459092848668906,41.8543569979417,4.2233786094138015,2975.297,,,,,1.5450187488690073,,,,,,,
B0007,387,impedance,24,[2008.       5.      13.      19.      55.      29.859],,,,,,,,,,,,,,,,,,,839.4186379888612,323.7899934595495,2.674634493082344,0.20568314454535383,,0.054893315578426714,0.0784417847890159
B0007,388,charge,24,[2008.       5.      13.      20.      27.      29.109],4.165298218363235,3.454965319144475,4.214640660350812,0.0922981417260199,0.5509421000516213,-2.259158636180731,1.4969915436028307,0.608016406656441,26.277216685610473,24.68197459949037,30.19701485838157,1.5739542501573882,10719.281,3.915549712192569,0.5550902407116693,,,,,,,,,,
B0007,389,impedance,24,[2008.       5.      13.      23.      27.      26.625],,,,,,,,,,,,,,,,,,,839.9481080327178,323.6138225457621,2.67544623099581,0.2058951895309261,,0.05474089300471066,0.07901841555586095
B0007,390,discharge,24,[2008.       5.      13.      23.      59.      26.015],3.5010357611640615,2.170172617792397,4.201149059944848,0.26906391858600187,-1.889387844169526,-1.9945388143156637,0.002722359158197647,0.4354171727207348,33.361342590516294,24.609806274773607,41.78271326384125,4.200820925974331,2974.9850000000006,,,,,1.5445940154102908,,,,,,,
B0007,391,impedance,24,[2008.      5.     14.      0.     50.     35.39],,,,,,,,,,,,,,,,,,,838.7785825750581,324.71793550022784,2.663819346200342,0.20447010369678711,,0.05559975704161817,0.07623453799616979
B0007,392,charge,24,[2.0080e+03 5.0000e+00 1.4000e+01 1.0000e+00 2.2000e+01 3.4765e+01],4.165982566818228,3.4590321960495136,4.214580333704422,0.09160341733279682,0.5447626668883798,-2.2569537095235206,1.4987485361597486,0.6067190651621897,26.15850923293319,24.46187348192432,30.16491960110753,1.6336335733141913,10804.719,3.8824890909090906,0.5488238961038961,,,,,,,,,,
B0007,393,impedance,24,[2008.       5.      14.       4.      23.      57.968],,,,,,,,,,,,,,,,,,,840.757115098265,322.539456349692,2.6852959825347846,0.2071250177029419,,0.055237233438058246,0.0799393133533925
B0007,394,discharge,24,[2008.       5.      14.       4.      55.      57.453],3.497212315865497,2.120750718982474,4.200810741834928,0.2725395525815381,-1.8889185963670394,-2.0003871362753527,0.0017320639758289188,0.4358379461976045,33.12431679486816,24.334930769941984,41.62744766181303,4.219242537204774,2966.25,,,,,1.5343086721758876,,,,,,,
B0007,395,impedance,24,[2008.       5.      14.       5.      46.      58.078],,,,,,,,,,,,,,,,,,,838.9050381910005,324.71916246339816,2.661713596681276,0.20433440255640964,,0.05396274243560972,0.07868889028954579
B0007,396,charge,24,[2008.       5.      14.       6.      18.      57.625],4.166560676451064,3.460213197821777,4.214688734910135,0.0906778344444164,0.5426963486339283,-2.257525864287733,1.503636257133217,0.6053996054467612,25.828357624929552,24.194499586748268,29.80917785848533,1.6212468315341235,10805.687,3.871905405405405,0.5467847972972973,,,,,,,,,,
B0007,397,impedance,24,[2008    5   14    9   20   22],,,,,,,,,,,,,,,,,,,841.5107684615341,322.0782750655618,2.6933878692652944,0.20797822902941385,,0.0572653476857599,0.07942312226110386
B0007,398,discharge,24,[2008.       5.      14.       9.      52.      22.062],3.496089957852059,2.13627215665258,4.200373974181371,0.271483182584801,-1.8885071150010755,-1.996471333028226,0.0004949274212671783,0.4362675159871197,32.991553593266204,24.140776797393674,41.552128441464966,4.259597344555285,2956.359,,,,,1.5287603942958483,,,,,,,
B0007,399,impedance,24,[2008.       5.      14.      10.      43.      12.953],,,,,,,,,,,,,,,,,,,837.960135577127,325.48333621905715,2.654400572489345,0.20337710420310381,,0.0541146320474673,0.07612960917607249
B0007,400,charge,24,[2008.       5.      14.      11.      15.      12.671],4.163872052915668,3.461840732568602,4.214625841394862,0.09324712214617295,0.5856467502792922,-2.2570099014195613,1.4969479091528413,0.6075715280774528,26.095617992004808,24.437853281074144,29.89283012850155,1.5776933521937,10011.406,4.217564520663481,0.5900473432667979,,,,,,,,,,
B0007,401,impedance,24,[2008.      5.     14.     14.      3.     22.75],,,,,,,,,,,,,,,,,,,839.3570478018055,324.0686762155281,2.6695295260655647,0.20519610752372675,,0.05107064795051435,0.07876484726875482
B0007,402,discharge,24,[2008.       5.      14.      14.      35.      22.515],3.495877119417779,2.0938572364769055,4.201791474587699,0.27453166041980637,-1.8888180820733198,-1.9936433250812406,0.0010239776284218605,0.4365325722003185,33.2318318845246,24.391660570898495,41.839167194182565,4.262261181975609,2956.344,,,,,1.5289260249179843,,,,,,,
B0007,403,impedance,24,[2008.       5.      14.      15.      26.      13.546],,,,,,,,,,,,,,,,,,,838.8087150628543,324.82426997542933,2.6635849961467706,0.2044206137024942,,0.05245305255719061,0.07836888342427649
B0007,404,charge,24,[2008.       5.      14.      15.      58.      13.406],4.166950763269816,3.4606976274936625,4.214612424103626,0.09040020887220405,0.5402864951047418,-2.2579368697950892,1.49653615950944,0.6044707655810607,26.247673777602802,24.72599372045621,30.164464056505928,1.5588497370563257,10806.625,3.8834806443232,0.5446012210963888,,,,,,,,,,
B0007,405,impedance,24,[2008.      5.     14.     18.     59.     38.89],,,,,,,,,,,,,,,,,,,840.2000079863063,323.2639958348731,2.677997055777942,0.2062362169481553,,0.05508857873132331,0.07806701171840846
B0007,406,discharge,24,[2008.      5.     14.     19.     31.     39.39],3.493116071455022,1.9959465760122976,4.20067023466464,0.2817618222544089,-1.8887930414931369,-1.9952567240378403,0.0018837863099458731,0.43658181390188044,33.5098123920945,24.672067025619615,42.23998716092915,4.274457633860022,2956.406,,,,,1.529091650133123,,,,,,,
B0007,407,impedance,24,[2008.      5.     14.     20.     22.     30.64],,,,,,,,,,,,,,,,,,,838.6314061042099,324.7521146937201,2.662788138770693,0.204349772917897,,0.053291029799270764,0.07774180078331032
B0007,408,charge,24,[2008.       5.      14.      20.      54.      30.671],4.1667553061663325,3.458030514001882,4.214667908011257,0.09047415257980768,0.5408526939341504,-2.256062462105012,1.4973975874863148,0.6046673099401003,26.33793086974434,24.654476174864875,30.30672706771009,1.622826711385306,10805.563,3.874364439823239,0.5449255523784767,,,,,,,,,,
B0007,409,impedance,24,[2008.       5.      14.      23.      55.      55.406],,,,,,,,,,,,,,,,,,,840.7105282190254,323.0808319143491,2.680902511527407,0.20654618839688557,,0.055778574185470456,0.07824269800333249
B0007,410,discharge,24,[2008.       5.      15.       0.      27.      55.625],3.492655946458748,2.0305769860653866,4.20021831736756,0.279043030854902,-1.888168080257056,-2.001090966399853,-0.00013231082391631182,0.43714861287355133,33.382402850667845,24.56852628281145,42.040902384977116,4.268524433351918,2947.266,,,,,1.5239059324661248,,,,,,,
B0007,411,impedance,24,[2.008e+03 5.000e+00 1.500e+01 1.000e+00 1.800e+01 3.789e+01],,,,,,,,,,,,,,,,,,,839.1170633866626,324.7907071488384,2.6627008879998386,0.2044311325562719,,0.05374267950314573,0.07767030600334027
B0007,412,charge,24,[2.0080e+03 5.0000e+00 1.5000e+01 1.0000e+00 5.0000e+01 3.8062e+01],4.167406043259077,3.459949861559192,4.214569582582126,0.08993031571479257,0.5393305737547829,-2.259058585442117,1.5071688067024442,0.603277464300091,26.124984681348387,24.427116681855225,30.109069799343242,1.638562253710422,10807.219,3.9039466978679145,0.5433233489339575,,,,,,,,,,
B0007,413,impedance,24,[2008.       5.      15.       4.      52.       4.609],,,,,,,,,,,,,,,,,,,841.9158197942979,321.58974896571914,2.697599013689412,0.20846306109880208,,0.058454793092531966,0.07808837738558039
B0007,414,discharge,24,[2008.      5.     15.      5.     24.      4.89],3.49208824531703,2.0758803797636745,4.200674971032527,0.2761335994927761,-1.887904907597145,-1.9951199234830206,0.0011947086906479835,0.43794829478988856,33.17829959346276,24.34305560390618,41.803429062834496,4.274613938139993,2937.984,,,,,1.5186675419100615,,,,,,,
B0007,415,impedance,24,[2008.       5.      15.       6.      14.      38.093],,,,,,,,,,,,,,,,,,,839.5692647335967,324.32335284552227,2.665576874555748,0.20487471723991899,,0.05464489394226865,0.07820049396409737
B0007,416,charge,24,[2008.     5.    15.     6.    46.    38.5],4.167984383816882,3.46228066697465,4.214620581299379,0.08915431604892303,0.5374065640988215,-2.2579079030077556,1.4969271646430231,0.6021882379062733,25.852136896684545,24.155907536283483,29.88284075789973,1.665141371374673,10805.547,3.8968030184751496,0.5412987509758002,,,,,,,,,,
B0007,417,impedance,24,[2008.       5.      15.       9.      48.       3.453],,,,,,,,,,,,,,,,,,,841.1036663236428,322.3263453165901,2.68765836622307,0.20742097098866627,,0.05487289835073646,0.08114313792394433
B0007,418,discharge,24,[2008.       5.      15.      10.      20.       3.875],3.490216477408044,2.0793549048242492,4.200371214024706,0.2758276886812699,-1.8877303662432205,-1.995116853206629,0.001065313064968555,0.4384469835295734,33.01591345323486,24.0993140682898,41.6886924602386,4.313576443869671,2929.125,,,,,1.5136482266426952,,,,,,,
B0007,419,impedance,24,[2008.       5.      15.      11.      10.      28.328],,,,,,,,,,,,,,,,,,,841.2165509374196,322.00224567369213,2.6930244546136906,0.20794565173469595,,0.05828419298726298,0.07844622962445755
B0007,420,charge,24,[2008.       5.      15.      11.      42.      28.859],4.1674360130407715,3.4636127352061976,4.214627867929713,0.08975862320222011,0.5513854072140381,-2.257241324478822,1.5062546660535039,0.602623485228381,25.97324099771749,24.38766265317192,29.8612751603721,1.5921844444013105,10510.453,4.030479785809906,0.5556153413654618,,,,,,,,,,
B0007,421,impedance,24,[2008.       5.      15.      14.      38.      58.781],,,,,,,,,,,,,,,,,,,840.9337776638073,322.40616860591507,2.6874403346367863,0.20724784126621174,,0.0568991758337347,0.07887220766486298
B0007,422,discharge,24,[2008.       5.      15.      15.      10.      59.437],3.4905931958620466,2.0585109366080414,4.200965645223048,0.277468540309286,-1.8878077163294114,-1.9949523118907793,0.0004787085189064806,0.438505597682676,33.271000362987586,24.36377918362768,41.988171601182124,4.3242665867829135,2928.454,,,,,1.5136050185229033,,,,,,,
B0007,423,impedance,24,[2.008e+03 5.000e+00 1.500e+01 1.600e+01 1.000e+00 2.339e+01],,,,,,,,,,,,,,,,,,,838.824233641119,324.4586996282813,2.666783830872442,0.20477438763636704,,0.05428987712099985,0.07797181026914603
B0007,424,charge,24,[2008.       5.      15.      16.      33.      24.093],4.166129848167657,3.4625380421291427,4.214638929315727,0.09121852178893154,0.5682752595293801,-2.2595809027237586,1.4962637193312824,0.6040190679509154,26.37673825663932,24.77768675541089,30.190535444314815,1.5659683730174834,10202.781,4.161532302595251,0.5725625069022641,,,,,,,,,,
B0007,425,impedance,24,[2008.       5.      15.      19.      24.      46.593],,,,,,,,,,,,,,,,,,,841.461514838153,321.72375211865585,2.694868251396308,0.20818248236217732,,0.05574285095910161,0.08005685613579032
B0007,426,discharge,24,[2008.      5.     15.     19.     56.     47.39],3.4911419366203664,2.0253107306977376,4.201492773602507,0.2798972380490623,-1.887674933393443,-1.994323430810411,0.0014011551714919052,0.4384231819570503,33.61966967517867,24.74466282559706,42.33252236723314,4.305718262524468,2929.375,,,,,1.5139470614867965,,,,,,,
B0007,427,impedance,24,[2008.       5.      15.      20.      47.      12.406],,,,,,,,,,,,,,,,,,,840.0450322452419,323.20803294445017,2.6800378580531654,0.20640702095663124,,0.056765631832907296,0.0783665633777987
B0007,428,charge,24,[2008.       5.      15.      21.      19.      13.234],4.165590685660384,3.461673906528261,4.2146547086355275,0.09172645336489302,0.5718096460403833,-2.257798765752091,1.4982187257024808,0.6046311618377852,26.649421931226808,24.890659137607738,30.51470759808182,1.6228829362726502,10140.858999999997,4.153440866185452,0.5757691837867851,,,,,,,,,,
B0007,429,impedance,24,[2008.       5.      16.       0.       9.      33.937],,,,,,,,,,,,,,,,,,,839.9556897733519,323.6211491742077,2.6759456737511775,0.20583892270452128,,0.05446434802277253,0.07791983537472322
B0007,430,discharge,24,[2008.       5.      16.      16.      54.      59.812],3.49283645226053,2.0069579017420067,4.192768207316796,0.280648377364394,-1.901022727285377,-1.9935581248677674,0.0001912373509952447,0.41018924523222833,33.29697162630193,24.95875411585554,41.63553796804361,4.0496455069214905,2946.031,,,,,1.5339599193158786,,,,,,,
B0007,431,charge,24,[2008.       5.      16.      18.      43.      58.906],4.165235787565802,3.464235866571072,4.214695718376011,0.09149500709701186,0.5705163411451948,-2.2577325249929077,1.4987162844481141,0.6082217175948129,26.383044651599388,24.926108185222,30.118986881967757,1.4929076796826815,10340.672,4.09368569874932,0.5746382001087549,,,,,,,,,,
B0007,432,discharge,24,[2008.       5.      16.      21.      37.      39.671],3.5025157522808223,2.19792648712031,4.204602036514753,0.26895843585075985,-1.8951144121477894,-2.002748484975491,0.003005896380260811,0.42332838857169847,33.393130865360554,24.95211336056763,41.470498076928735,4.027667151212495,2955.438,,,,,1.5391372798653098,,,,,,,
B0007,433,impedance,24,[2008.       5.      16.      22.      28.      31.078],,,,,,,,,,,,,,,,,,,842.4601634018181,320.6403524823773,2.708507807169458,0.20975959423177856,,0.05968120820514389,0.07951493628212278
B0007,434,charge,24,[2008.       5.      16.      23.       0.      32.515],4.165908079107956,3.4522230178897524,4.214668177679377,0.09167006622628832,0.5479456472951081,-2.2569767043713065,1.5033334322123462,0.6064170045354331,26.395185471876317,24.70081527168358,30.279995940987064,1.6120047577897088,10700.062999999995,3.922540278142219,0.5517292311729206,,,,,,,,,,
B0007,435,impedance,24,[2.0080e+03 5.0000e+00 1.7000e+01 2.0000e+00 0.0000e+00 1.2656e+01],,,,,,,,,,,,,,,,,,,841.4630336588592,322.0426876900119,2.6901759355401667,0.20777205465352686,,0.05604258367132115,0.07991327205972212
B0007,436,discharge,24,[2.0080e+03 5.0000e+00 1.7000e+01 2.0000e+00 3.2000e+01 1.3968e+01],3.492953565598811,2.0299415196572554,4.200995491738166,0.2795996279931968,-1.8941478117057606,-1.9944619397860412,0.001322240211430216,0.42451541923358677,33.13820710362847,24.59206034022774,41.54038193238441,4.122985103685159,2937.625,,,,,1.5236247972838737,,,,,,,
B0007,437,impedance,24,[2008.       5.      17.       3.      22.      47.796],,,,,,,,,,,,,,,,,,,842.0951137412994,321.3940275027132,2.7006865427392377,0.20885491971966075,,0.057541452922451095,0.08149127802203272
B0007,438,charge,24,[2008.       5.      17.       3.      54.      49.125],4.166720223625047,3.453635008201832,4.214593660188518,0.09060949876015978,0.5484980695147647,-2.255662068284336,1.498904792864969,0.6044857640356366,25.994181141235586,24.30957848881103,29.884417292240713,1.6243099383583062,10628.938,3.9610023796932836,0.5521908778424115,,,,,,,,,,
B0007,439,impedance,24,[2008.       5.      17.       6.      53.      18.328],,,,,,,,,,,,,,,,,,,842.4303310868908,320.7675652167552,2.7047034358538973,0.20941334783538776,,0.05719697967170129,0.08185319457580625
B0007,440,discharge,24,[2008.       5.      17.       7.      25.      19.906],3.4917462636517236,2.1171503915767786,4.201036137691208,0.27350870981613745,-1.8875042014728922,-1.993640903324712,0.001962038617783373,0.4382617517151343,32.84069778843796,24.21295183077047,41.13947017697289,4.157487508293686,2929.078,,,,,1.5135813035589147,,,,,,,
B0007,441,impedance,24,[2008.       5.      17.       8.      15.      45.265],,,,,,,,,,,,,,,,,,,841.6269306267583,322.04573738000335,2.6927676350297904,0.20792757361232847,,0.056906824959249674,0.0800043038139232
B0007,442,charge,24,[2008.       5.      17.       8.      47.      46.703],4.168345111839039,3.4582094661693827,4.214655341587215,0.08885641326044005,0.535915350798397,-2.2568773718044937,1.4973632998046749,0.6013355442732797,25.74488779237481,24.1369855410439,29.63090988603296,1.5945788068563564,10807.109,3.916415820973198,0.5396730158730159,,,,,,,,,,
B0007,443,impedance,24,[2008.       5.      17.      11.      49.      14.296],,,,,,,,,,,,,,,,,,,841.6003397360379,321.66775611456296,2.693604877837837,0.20809700728888214,,0.05533954029001459,0.08086669055606474
B0007,444,discharge,24,[2008.      5.     17.     12.     21.     15.89],3.490432264232956,2.1309899052747716,4.200762329918291,0.2729068935891816,-1.8871434043422721,-1.994011319738722,0.0007664599576748683,0.43906275735498046,32.75739655594484,24.083470327760516,41.09041922644824,4.183156275222846,2918.375,,,,,1.5077850749847914,,,,,,,
B0007,445,impedance,24,[2008.       5.      17.      13.      11.      30.687],,,,,,,,,,,,,,,,,,,841.7574386374298,321.4356869362867,2.6987500707191945,0.20864924849536515,,0.05670268214391647,0.08127758920341213
B0007,446,charge,24,[2008.       5.      17.      13.      43.      32.281],4.168592130149556,3.461064524519648,4.214784966178019,0.08853310235283432,0.5379933087567587,-2.2582502812523337,1.502365217214161,0.6006974478466459,25.71873647224021,24.12303168819397,29.598129752060995,1.5885006225554057,10722.515,3.9516801364471266,0.5417258724744163,,,,,,,,,,
B0007,447,impedance,24,[2008.       5.      17.      16.      43.      35.437],,,,,,,,,,,,,,,,,,,842.4934048854653,320.7954614989883,2.706097652369573,0.20946846069102554,,0.057050602535577005,0.08153840356165401
B0007,448,discharge,24,[2008.       5.      17.      17.      15.      37.281],3.488861416967918,2.1294318317485654,4.201013677167557,0.2728699120961805,-1.8807630082774924,-1.9944414808648834,0.0012256774265900067,0.45190204705088705,32.77234087259374,24.06336388722212,41.10034021580957,4.202981030070509,2919.812,,,,,1.5031960676037333,,,,,,,
B0007,449,impedance,24,[2008.       5.      17.      18.       5.      53.796],,,,,,,,,,,,,,,,,,,840.1530720145256,323.3083983764507,2.678548373279351,0.20618603924667311,,0.05753505401536875,0.07713077542429995
B0007,450,charge,24,[2008.       5.      17.      18.      37.      55.593],4.169233311039406,3.4624903192213274,4.214636124334508,0.08780686911406553,0.5329945667470827,-2.261216960162669,1.502532884267093,0.5992526126958445,25.673994611790967,24.07109682335225,29.564284108505642,1.5988832586602642,10772.969,3.9290788100208767,0.5367131524008351,,,,,,,,,,
B0007,451,impedance,24,[2008.       5.      17.      21.      38.      49.296],,,,,,,,,,,,,,,,,,,842.9249351553517,320.47531240398973,2.708661478922624,0.20984747374722246,,0.0577616170406075,0.0820660023586674
B0007,452,discharge,24,[2008.       5.      17.      22.      10.      51.218],3.4891932104785104,2.164511453629433,4.200439147859412,0.27114343726176793,-1.886419275237733,-1.9927344450972762,0.002815913681284574,0.44033851342651237,32.720417557744895,24.014672446811392,41.03075447325996,4.201910479264187,2900.422,,,,,1.4978220596995881,,,,,,,
B0007,453,impedance,24,[2008.       5.      17.      23.       0.      48.453],,,,,,,,,,,,,,,,,,,841.8839399033383,321.9771477396704,2.694328474033908,0.2081171429342413,,0.057686948907810176,0.08022088362573354
B0007,454,charge,24,[2008.       5.      17.      23.      32.      50.468],4.169409262891975,3.46317040283679,4.21459392347149,0.08745870361956774,0.5327984749938566,-2.2525444182563477,1.496955358269631,0.5989162924334923,25.676415041989998,24.061364272823035,29.569686993063936,1.60429527081306,10745.718999999997,3.9117628272251306,0.5364706544502618,,,,,,,,,,
B0007,455,impedance,24,[2.0080e+03 5.0000e+00 1.8000e+01 2.0000e+00 3.3000e+01 1.7109e+01],,,,,,,,,,,,,,,,,,,843.0431923876332,320.08816863188366,2.7136843708490943,0.21037715477194233,,0.057585488535843915,0.08293347770359485
B0007,456,discharge,24,[2008.       5.      18.       3.       5.      19.265],3.4878785713375917,2.1743012710834013,4.200264786461796,0.27036963128436114,-1.8800039366336023,-1.9942563048805741,0.0022981628295229055,0.45328208839432876,32.710022803073514,23.987947203431663,40.99688397371006,4.212517381521927,2901.375,,,,,1.492848534633516,,,,,,,
B0007,457,impedance,24,[2008.       5.      18.       3.      55.      17.546],,,,,,,,,,,,,,,,,,,841.7643312724846,321.51801950019996,2.6964407067239002,0.2084665788256149,,0.05770347788466892,0.08126925834885164
B0007,458,charge,24,[2008.       5.      18.       4.      27.      19.656],4.169972718454648,3.464456527696152,4.214655620893534,0.08670469515230464,0.5280307381775012,-2.2559007086342158,1.4979876187903611,0.5975432265867234,25.56512774573633,23.944099242881734,29.477071860791316,1.614997462158517,10807.094,3.890901588128091,0.5316318146316065,,,,,,,,,,
B0007,459,impedance,24,[2008    5   18    7   28   48],,,,,,,,,,,,,,,,,,,843.139437862474,320.17804205005206,2.71427366249198,0.2103133547108684,,0.05670666348649182,0.08268806521788226
B0007,460,discharge,24,[2008.       5.      18.       8.       0.      50.421],3.486430546073901,2.1928976284966537,4.200151660684939,0.2689857507962565,-1.8733366537372407,-1.9933001058929758,0.0016961980319279539,0.465528036840312,32.62076759783716,23.86413247301575,40.88481342461614,4.2318435663728,2901.187,,,,,1.492414389867026,,,,,,,
B0007,461,impedance,24,[2008.       5.      18.       8.      50.      48.718],,,,,,,,,,,,,,,,,,,842.8364281483836,320.707750345125,2.706281262562585,0.20956838687446733,,0.05723155595298293,0.0826950250965445
B0007,462,charge,24,[2008.       5.      18.       9.      22.      51.046],4.168125294398354,3.466691378043697,4.214617519145497,0.08855491968677018,0.5636670026872931,-2.2589460744649728,1.4975441155013474,0.5996902967982667,25.559920462706533,23.854268280916607,29.374914905673503,1.6170464207428392,10113.641,4.164616457461645,0.5673488981868898,,,,,,,,,,
B0007,463,impedance,24,[2008    5   18   12   12   46],,,,,,,,,,,,,,,,,,,844.2229007283095,319.2840366542691,2.722732057781979,0.2114571651603482,,0.05871571908588068,0.08294174003043774
B0007,464,discharge,24,[2008.       5.      18.      12.      44.      48.437],3.4812572775226682,2.0298495899147295,4.200453152662228,0.2805884049743061,-1.879702248133121,-1.994355063355133,0.00036095829228417655,0.45377105836715836,32.57651826255201,23.796556329674626,41.09400879501426,4.2680046087936,2891.64,,,,,1.487482776538081,,,,,,,
B0007,465,impedance,24,[2008.       5.      18.      13.      34.      37.281],,,,,,,,,,,,,,,,,,,842.088850093421,321.41704555323196,2.7001467022198042,0.20878032734125762,,0.05786085013264919,0.08079562408415836
B0007,466,charge,24,[2008.       5.      18.      14.       6.      39.921],4.170055075501605,3.4632500212285176,4.214819217519119,0.08664292298441773,0.5369712503220357,-2.258542844329382,1.4968503424573727,0.596951408144854,25.488875323515025,23.857260077641424,29.358312360503618,1.6103283295653292,10585.812,3.9958878256246675,0.5406045986177566,,,,,,,,,,
B0007,467,impedance,24,[2008.       5.      18.      17.       4.      27.234],,,,,,,,,,,,,,,,,,,842.989317841902,320.4205687122729,2.707042231076015,0.20971806977254792,,0.057109751399146834,0.08239034528661737
B0007,468,discharge,24,[2008.       5.      18.      17.      36.      29.734],3.4823550791204023,2.0959492247836815,4.200291122451955,0.2757345575864043,-1.8790751470067306,-1.9927610429233324,0.00019610973754523192,0.45452900446391487,32.58396494906228,23.788802856443375,41.01377835587309,4.266172820747234,2882.906,,,,,1.482535148640411,,,,,,,
B0007,469,impedance,24,[2008.       5.      18.      18.      26.      10.015],,,,,,,,,,,,,,,,,,,841.9401277786175,321.3159005422212,2.699869647279732,0.2087826265165255,,0.057511140154939196,0.08182855408185172
B0007,470,charge,24,[2008.       5.      18.      18.      58.      12.609],4.170980328996168,3.465482224999649,4.214598142669415,0.08552921046951677,0.5244500117849293,-2.258716490308573,1.496424334348125,0.5950411196817442,25.487686966812053,23.892832669198956,29.383571730227782,1.6085924273822203,10806.562,3.9112838154808447,0.5281326817826427,,,,,,,,,,
B0007,471,impedance,24,[2008.       5.      18.      21.      59.      40.796],,,,,,,,,,,,,,,,,,,842.3903359312786,321.26253879522505,2.7008830799380212,0.20894172078550974,,0.05701776890792207,0.0816566640960627
B0007,472,discharge,24,[2008.       5.      18.      22.      31.      45.515],3.4835074286280525,2.177723491219515,4.199877643371451,0.2702230568822358,-1.8728728303565048,-1.9944391195904978,0.001518080994059945,0.46708909531252873,32.623742674615976,23.82871891762843,40.90635248178393,4.259765769333201,2883.265,,,,,1.4827874322228984,,,,,,,
B0007,473,impedance,24,[2008.       5.      18.      23.      21.      28.437],,,,,,,,,,,,,,,,,,,842.8997218448354,320.3440940847332,2.711666293089113,0.21016314815840986,,0.05818081028754896,0.08248706088939217
B0007,474,charge,24,[2008.       5.      18.      23.      53.      33.781],4.171423760789058,3.468149058038774,4.2146348248502346,0.08515486471433324,0.5228745271775046,-2.2564909012037067,1.4967776729212956,0.5941181430120732,25.448935623731767,23.80878132698172,29.380641256719517,1.6289486288204342,10805.281000000003,3.927075899843505,0.5265150234741784,,,,,,,,,,
B0007,475,impedance,24,[2.008e+03 5.000e+00 1.900e+01 2.000e+00 5.500e+01 2.843e+00],,,,,,,,,,,,,,,,,,,843.9267861543266,319.34359768644816,2.7189016670127177,0.2111420902380268,,0.05771468674207234,0.08397428323884612
B0007,476,discharge,24,[2008.       5.      19.       3.      27.       7.765],3.478976541530706,2.056251340337525,4.200436806124781,0.2785599820113761,-1.8726786421400121,-1.994379463643991,0.0005279711713773091,0.4668330320827534,32.58599202496769,23.743478109305848,41.06596192416311,4.30066202858035,2882.969,,,,,1.476971179775059,,,,,,,
B0007,477,impedance,24,[2008.       5.      19.       4.      16.      50.453],,,,,,,,,,,,,,,,,,,842.3668138093566,321.37283527109935,2.700061086199637,0.2087639054307299,,0.057554341890008825,0.08219829115379546
B0007,478,charge,24,[2008.       5.      19.       4.      48.      55.437],4.1713108733450905,3.466273152441549,4.214579375370762,0.0850811026660548,0.5258455798836628,-2.257969068065784,1.4973391635944364,0.5940987721841955,25.401218153058803,23.758735258070157,29.307071169348962,1.62601680291483,10733.391,3.9293466386554625,0.5294017069327731,,,,,,,,,,
B0007,479,impedance,24,[2008.       5.      19.       7.      49.      12.843],,,,,,,,,,,,,,,,,,,844.0203367537525,319.4342587511298,2.719986743751863,0.21118985333794868,,0.0568683507839505,0.08373541370295104
B0007,480,discharge,24,[2008.       5.      19.      15.      34.      33.625],3.483501191305966,2.1512510632923165,4.193077426787744,0.2710187642003124,-1.872734820116884,-1.992644974954703,0.002404244703822979,0.4662180398477774,32.864544723781215,24.457169523678328,40.84520330629611,4.080941387761504,2891.656,,,,,1.4819015554137276,,,,,,,
B0007,481,charge,24,[2008.       5.      19.      17.      58.      12.687],4.1721850943029075,3.480355203803637,4.214632397666789,0.08325202154478302,0.5265611001877474,-2.2578025360471528,1.496169896102188,0.5947314342741102,25.892291164391303,24.55701320593272,29.669057228550887,1.4826047901175443,10805.547,3.9759747066492825,0.5300108213820078,,,,,,,,,,
B0007,482,discharge,24,[2008.       5.      19.      20.      59.      48.437],3.4899701994096612,2.1693699073642034,4.203372086437543,0.27165150373790076,-1.8800362373714223,-1.9933389783603288,0.0008283088613030969,0.453311253523682,33.079651096902374,24.575871874910508,41.12807910254104,4.10422717641776,2901.25,,,,,1.4981366198874824,,,,,,,
B0007,483,charge,24,[2008.      5.     19.     22.      8.     37.25],4.168170344859338,3.433264946104916,4.214691285585271,0.09038181063765709,0.5310122697991213,-2.255855489249506,1.4969367539563512,0.5994336819018833,26.195166662980835,24.355323783201875,30.05088773324804,1.7529357392794058,10751.266000000003,3.897048117154811,0.5344813023012552,,,,,,,,,,
B0007,484,discharge,24,[2.0080e+03 5.0000e+00 2.0000e+01 1.0000e+00 1.6000e+01 4.2609e+01],3.484801138956006,2.116759239247948,4.202065190134895,0.2744248030587602,-1.8730214281226414,-1.9933817364068822,0.0030675311032014436,0.46638797880400595,32.932141650182686,24.328512035193278,41.094988453128494,4.167224495126409,2891.703,,,,,1.4820775214392872,,,,,,,
B0007,485,impedance,24,[2.0080e+03 5.0000e+00 2.0000e+01 2.0000e+00 6.0000e+00 3.2234e+01],,,,,,,,,,,,,,,,,,,842.2536353876134,320.63447980359143,2.7074969777627476,0.20959520608122548,,0.06009510252454094,0.07958025942701291
B0007,486,charge,24,[2.0080e+03 5.0000e+00 2.0000e+01 2.0000e+00 3.8000e+01 3.5343e+01],4.170885773793107,3.462285438762016,4.2146912830068315,0.08588003312806314,0.5247779670071384,-2.255906181220569,1.4965785683642265,0.5952900438127804,25.775432615050974,24.157896234124433,29.64944323132459,1.6108359231441207,10805.625,3.919915320479416,0.528069775924961,,,,,,,,,,
B0007,487,impedance,24,[2008    5   20    5   40    3],,,,,,,,,,,,,,,,,,,841.5573699880755,321.5177175139864,2.6971944074005325,0.20839911706573525,,0.0546567857524269,0.08196905646669346
B0007,488,discharge,24,[2008.       5.      20.       6.      12.       6.265],3.47835437960934,2.009424225590032,4.200086642861885,0.28185158475661226,-1.8725486136074456,-1.9932411647857315,0.0030467354150696246,0.4670460159468524,32.755748003791545,24.080433038145774,41.11877573165318,4.224926755149784,2883.016,,,,,1.4771155312812152,,,,,,,
B0007,489,impedance,24,[2.008e+03 5.000e+00 2.000e+01 7.000e+00 1.000e+00 4.739e+01],,,,,,,,,,,,,,,,,,,841.8040124208304,321.8714396687131,2.693453572054485,0.20807633487410968,,0.05600939306983416,0.08238368438591265
B0007,490,charge,24,[2008.       5.      20.       7.      33.      50.828],4.171489343593048,3.461845869782442,4.2145829400294605,0.08499325676901158,0.5227942136156173,-2.2522363111364445,1.4970208910593144,0.5939367224383885,25.502094661985332,23.847987464888355,29.390818858325176,1.6296973097136414,10806.672,3.912153364632237,0.5259681533646323,,,,,,,,,,
B0007,491,impedance,24,[2008.       5.      20.      10.      35.      19.875],,,,,,,,,,,,,,,,,,,843.3844496579122,319.6388711953518,2.7167469053017617,0.21079565681382584,,0.05855396288691582,0.0817127037862085
B0007,492,discharge,24,[2008.       5.      20.      11.       7.      23.453],3.475694933923807,2.0034792344341588,4.199758658258613,0.2821225408880852,-1.8724613181992062,-1.995591810750265,0.002195963691779368,0.46760190562357584,32.52965474617847,23.77234297368613,40.980034990626955,4.271493224906279,2873.453,,,,,1.4720772783056488,,,,,,,
B0007,493,impedance,24,[2008.       5.      20.      11.      56.      55.343],,,,,,,,,,,,,,,,,,,842.1331142263192,320.9363155352057,2.704312719388449,0.2092379354119173,,0.05716927145517217,0.08220383699971687
B0007,494,charge,24,[2008.       5.      20.      12.      28.      58.687],4.1709391437180825,3.4628007070501536,4.2146670379589235,0.0854651914489029,0.536327403771149,-2.258114717902984,1.5051516404093634,0.5948765085315637,25.633883413252562,24.130355857836072,29.386940749297114,1.542352467353892,10502.453,4.0270963758389255,0.5397632483221477,,,,,,,,,,
B0007,495,impedance,24,[2008.       5.      20.      15.      25.      23.625],,,,,,,,,,,,,,,,,,,843.3790448710882,319.53256611477406,2.7188261560072795,0.2109483615480542,,0.058279853382820955,0.08282201995515953
B0007,496,discharge,24,[2008.       5.      20.      15.      57.      27.312],3.481431873453954,2.172988732474185,4.199843161074874,0.27031845545040223,-1.8659419458758726,-1.9935321227601952,0.0019190547671286233,0.4798199080245358,32.848065199041,24.130003633195166,41.017509953482886,4.229905234799717,2874.031,,,,,1.472248013656454,,,,,,,
B0007,497,impedance,24,[2008.       5.      20.      16.      46.      59.765],,,,,,,,,,,,,,,,,,,848.2186125769646,314.7563009317619,2.7749303297477357,0.21749549833672888,,0.06391487439073515,0.08730430672192088
B0007,498,charge,24,[2008.       5.      20.      17.      19.       3.375],4.1715299959864875,3.466432952965466,4.2147482589232705,0.08502456143268472,0.5251077757889828,-2.2562328997373022,1.5018014613025368,0.5936136612955867,25.938494846858667,24.444379429435767,29.732600284223718,1.5577417428040126,10689.219,3.9627882942262063,0.5286513577643027,,,,,,,,,,
B0007,499,impedance,24,[2008.       5.      20.      20.      18.      35.187],,,,,,,,,,,,,,,,,,,850.1870370981354,312.81890826075124,2.79740827661051,0.22004135350203416,,0.06554333401316845,0.08712630369162297
B0007,500,discharge,24,[2008.       5.      20.      20.      50.      39.015],3.4796060336232353,2.087464676179042,4.200352076636086,0.2760443341294343,-1.865786095147701,-1.9930538887372675,0.0021311239778481466,0.4796371624062805,33.072327061961936,24.398489581288885,41.299420742573055,4.223536418835768,2874.234,,,,,1.4670106672274665,,,,,,,
B0007,501,impedance,24,[2008.       5.      20.      21.      40.      11.843],,,,,,,,,,,,,,,,,,,846.9281149669869,316.0909824914601,2.7604697187914056,0.21582937458926113,,0.06305909149270444,0.08573561975109256
B0007,502,charge,24,[2008.       5.      20.      22.      12.      15.984],4.170738157771229,3.464968643287994,4.214695275380121,0.08589012394820272,0.5382171193720412,-2.256373893963063,1.4978759571001075,0.5949318095289015,25.940545343617295,24.247564392544408,29.774982060233484,1.6245003722493334,10436.453999999998,4.053897837837838,0.5415650540540541,,,,,,,,,,
B0007,503,impedance,24,[2.008e+03 5.000e+00 2.100e+01 1.000e+00 7.000e+00 3.514e+01],,,,,,,,,,,,,,,,,,,850.031123995168,313.10284015041253,2.7943682557560128,0.21969350729400197,,0.06343709105065118,0.08961239735080084
B0007,504,discharge,24,[2.0080e+03 5.0000e+00 2.1000e+01 1.0000e+00 3.9000e+01 3.8968e+01],3.4782258967329596,2.110564313669325,4.200169604165679,0.27467455818201325,-1.8654605849037513,-1.996737767854495,0.0025488236883237985,0.4803629887383534,32.85096451719535,24.15787591865575,41.105738037939375,4.2315095942649,2864.984,,,,,1.4617672495335379,,,,,,,
B0007,505,impedance,24,[2.008e+03 5.000e+00 2.100e+01 2.000e+00 2.900e+01 2.656e+00],,,,,,,,,,,,,,,,,,,849.4607067344946,313.8854655566101,2.785557835727943,0.21890129961067703,,0.06464924767693998,0.08956183369238867
B0007,506,charge,24,[2.008e+03 5.000e+00 2.100e+01 3.000e+00 1.000e+00 6.687e+00],4.170530612676785,3.466044204993785,4.214624712705536,0.08593435543359586,0.5490657293897764,-2.2571590453370423,1.4975049405202117,0.5947331275701023,25.680165940793994,23.94599325737671,29.490551964069194,1.641091924629047,10193.25,4.1324860072042116,0.5524054031587697,,,,,,,,,,
B0007,507,impedance,24,[2008    5   21    5   52   23],,,,,,,,,,,,,,,,,,,850.0721840989714,312.77785061374897,2.796461351449439,0.22001996558167672,,0.064090710272644,0.08923128682926011
B0007,508,discharge,24,[2008.       5.      21.       6.      24.      27.281],3.4743233868367187,2.0724687293779813,4.199911577879335,0.2773685437531875,-1.865134613881632,-1.9940890874950365,0.0015365248744252662,0.48115670765904056,32.572302329954546,23.833084099928946,40.87704013237699,4.272118524208809,2855.093,,,,,1.4566952670489708,,,,,,,
B0007,509,impedance,24,[2008.      5.     21.      7.     13.     41.25],,,,,,,,,,,,,,,,,,,847.8967077417155,315.1097550998738,2.7715770016965617,0.2170969892097613,,0.06341897509984018,0.08798070573782549
B0007,510,charge,24,[2008.       5.      21.       7.      45.      45.343],4.172971180189329,3.4662552193383576,4.214658540157633,0.0831852783447866,0.5190213642521984,-2.257554114506629,1.4978167888796983,0.5901044381955289,25.300800520190858,23.649232782523505,29.190163881380066,1.6430144132205897,10733.703,3.9607403416557156,0.5224123784494087,,,,,,,,,,
B0007,511,impedance,24,[2.008e+03 5.000e+00 2.100e+01 1.000e+01 4.600e+01 1.953e+00],,,,,,,,,,,,,,,,,,,849.8705675600645,312.97030885566073,2.7953391105349703,0.21974467690480215,,0.0649449108692077,0.0882787478820197
B0007,512,discharge,24,[2008.       5.      21.      11.      18.       6.015],3.4737305453330443,2.1253826973270513,4.199564012073342,0.27350409030007017,-1.858515986418667,-1.9932272893446619,0.001152214891556579,0.4926088565466325,32.450684441760906,23.613836363374315,40.730219862268235,4.307107583090939,2855.625,,,,,1.451354972758956,,,,,,,
B0007,513,impedance,24,[2008.       5.      21.      12.       7.      20.984],,,,,,,,,,,,,,,,,,,849.5005283108612,313.4180663803409,2.7905112068283127,0.21926220192197202,,0.06404659499126542,0.08969255599053269
B0007,514,charge,24,[2008.       5.      21.      12.      39.      25.421],4.173136529821085,3.46829613962132,4.214670640009291,0.08299809602380098,0.5212247354397453,-2.255133153543163,1.4978496428150132,0.5896657593486281,25.391998291850797,23.88564979897056,29.208672053167405,1.579835658366215,10647.812,3.997099894011659,0.5249211446740859,,,,,,,,,,
B0007,515,impedance,24,[2008.       5.      21.      15.      38.      16.546],,,,,,,,,,,,,,,,,,,850.3670285135854,312.50431583932664,2.8001405069001355,0.22041405544816062,,0.06309122315038551,0.09066468210852158
B0007,516,discharge,24,[2008.       5.      21.      16.      10.      21.203],3.47481272321405,2.1147331324879475,4.199951033620322,0.27411896588082374,-1.8588972649148483,-1.9966895581151058,0.003091812567802781,0.49288536462136934,32.7394359440147,23.88537512458738,41.03226257370644,4.314471991597492,2855.594,,,,,1.451615926257375,,,,,,,
B0007,517,impedance,24,[2008.      5.     21.     16.     59.     36.14],,,,,,,,,,,,,,,,,,,848.3078848164774,314.5488437144988,2.776583152219292,0.21775707293144456,,0.06435127573332249,0.08733673232133125
B0007,518,charge,24,[2008.       5.      21.      17.      31.      40.671],4.172745325894311,3.467241409467978,4.21472448455011,0.08339852031045969,0.5227837242747636,-2.256906167617702,1.5039358074189484,0.5903732040001062,25.6831340414972,24.08072880753596,29.453610291006044,1.5805843093954606,10621.235,3.9843974495217855,0.5262198990435706,,,,,,,,,,
B0007,519,impedance,24,[2008.       5.      21.      20.      30.       5.343],,,,,,,,,,,,,,,,,,,849.6104678079431,313.1480446987128,2.791977836761127,0.21938645083811278,,0.0635675339735441,0.09036756488030863
B0007,520,discharge,24,[2.008e+03 5.000e+00 2.100e+01 2.100e+01 2.000e+00 9.781e+00],3.476096426841386,2.1738445330859366,4.19995987158867,0.2707101067699333,-1.8581969672334215,-1.9930274022141452,0.002962840512688362,0.49363110012121336,32.775898242252914,24.02342893757079,40.89527781087817,4.253460060290458,2847.437,,,,,1.4468161332173683,,,,,,,
B0007,521,impedance,24,[2008.       5.      21.      21.      51.      16.781],,,,,,,,,,,,,,,,,,,850.0528367395194,312.71730687755786,2.800276482280639,0.22037846632029567,,0.06591948382872609,0.08850648431782984
B0007,522,charge,24,[2008.       5.      21.      22.      23.      21.421],4.171047565221992,3.4691175130491394,4.214610406565265,0.08528789644209525,0.555883023393749,-2.257868026922765,1.498673089786127,0.59271652288045,25.622119348419083,23.84567015198834,29.4002159239623,1.6489086654999574,9969.577999999994,4.24169954648526,0.5592959183673469,,,,,,,,,,
B0007,523,impedance,24,[2.0080e+03 5.0000e+00 2.2000e+01 1.0000e+00 1.0000e+01 5.4593e+01],,,,,,,,,,,,,,,,,,,850.5616625635843,312.44776814638925,2.8013936736242706,0.22030188322970878,,0.06354297240865986,0.08993700983227765
B0007,524,discharge,24,[2.0080e+03 5.0000e+00 2.2000e+01 1.0000e+00 4.2000e+01 5.9218e+01],3.4686822529487804,1.9947266977360072,4.200414702164272,0.2832693778438166,-1.8581200056254086,-1.9935942445664658,0.0006568763083351514,0.4934164587081907,32.5817324044051,23.75894434400727,41.02491521192672,4.322639954618495,2847.36,,,,,1.4467570607768785,,,,,,,
B0007,525,impedance,24,[2.008e+03 5.000e+00 2.200e+01 2.000e+00 3.200e+01 6.250e+00],,,,,,,,,,,,,,,,,,,849.7332296368227,313.0346528477778,2.7946804111189842,0.2198244226022826,,0.0649977419450826,0.08918839817199381
B0007,526,charge,24,[2008.       5.      22.       3.       4.      11.015],4.1731997912013625,3.4657943900903527,4.214597262406814,0.08282083267410406,0.5270829202942389,-2.258617736872377,1.4959344632234537,0.5890077372031406,25.24459175658463,23.52218592740421,29.113406673153683,1.6645669845464197,10501.094,4.048363196125908,0.5304537799300512,,,,,,,,,,
B0007,527,impedance,24,[2008.       5.      22.       6.       0.      35.953],,,,,,,,,,,,,,,,,,,851.3101229968278,311.6405048150128,2.8097062870552563,0.2215631557169814,,0.06362757826786986,0.09244959245559134
B0007,528,discharge,24,[2008.       5.      22.       6.      32.      40.921],3.4661964701943586,2.0033802121225017,4.199552965128597,0.2821947324675514,-1.8577209868352302,-1.9943703142615519,0.0026276137551773395,0.4943028089733894,32.35021153014993,23.458006651239486,40.815968345794715,4.367565785231717,2837.328,,,,,1.4413797481446793,,,,,,,
B0007,529,impedance,24,[2008.       5.      22.       7.      21.      37.921],,,,,,,,,,,,,,,,,,,849.7831865650955,313.08133554806835,2.791986017133708,0.21957787044824242,,0.0659153562053605,0.08881959919920622
B0007,530,charge,24,[2008.       5.      22.       7.      53.      42.703],4.174045930624699,3.4668131281524825,4.214627427143576,0.08186813454658332,0.5218736168128816,-2.2593509787883517,1.4965654749981268,0.5872085362356657,25.02365948571139,23.363526924258842,28.907801618466582,1.659793519067122,10570.735,4.053703822507351,0.5252585404971932,,,,,,,,,,
B0007,531,impedance,24,[2008.       5.      22.      10.      51.      17.265],,,,,,,,,,,,,,,,,,,851.0455624894603,311.6260575350189,2.810084017742684,0.22140672877088272,,0.06590148740383334,0.09003267092142803
B0007,532,discharge,24,[2008.       5.      22.      11.      23.      22.187],3.468183423895935,2.116470909151213,4.199706970400125,0.27403294432013725,-1.8512458354075154,-1.9938361784378094,0.002131550219558885,0.5055252635242714,32.28754240914786,23.312450683066256,40.65138669632271,4.387918298052043,2837.281,,,,,1.4362456252208178,,,,,,,
B0007,533,impedance,24,[2008.       5.      22.      12.      12.      19.453],,,,,,,,,,,,,,,,,,,849.7747966960452,313.1595612899837,2.794211537599594,0.21970725874528307,,0.06514267045890823,0.08999845498726056
B0007,534,charge,24,[2008.       5.      22.      12.      44.      24.687],4.174892211293496,3.469423844237273,4.214620092853143,0.08072410829495945,0.5078516215351652,-2.256353178406088,1.4965438816810746,0.5853001502797807,25.179508727208052,23.678199536972524,28.99403425065165,1.5785711953353863,10804.765,3.9397350405016978,0.5115061144499609,,,,,,,,,,
B0007,535,impedance,24,[2008.       5.      22.      15.      45.      53.515],,,,,,,,,,,,,,,,,,,851.6234693829514,311.278096138247,2.815044966658635,0.22209943087280992,,0.06434871776064219,0.09283376873093901
B0007,536,discharge,24,[2008.      5.     22.     16.     17.     58.89],3.4678606629897453,2.051877342511651,4.199300346769649,0.27831710554100686,-1.8514531972432,-1.9942060517882434,0.0003083819002708808,0.5055032219238349,32.603239183227075,23.67192071435474,40.965385542419945,4.3654701294274805,2838.515,,,,,1.4368154153924828,,,,,,,
B0007,537,impedance,24,[2008.       5.      22.      17.       6.      57.515],,,,,,,,,,,,,,,,,,,850.2376407495913,312.7186382355929,2.799571257601754,0.22027421173262998,,0.06518183738180343,0.09083905346760647
B0007,538,charge,24,[2008.       5.      22.      17.      39.       2.953],4.172379158512296,3.467729347782864,4.214647181101116,0.08378199590883967,0.5483523895533353,-2.25840755446194,1.4981805035027547,0.5898368233644191,25.490818359886532,23.780487539606998,29.23623523004328,1.6253392439167949,10037.5,4.240138105975197,0.5519279030439684,,,,,,,,,,
B0007,539,impedance,24,[2008.       5.      22.      20.      27.      44.765],,,,,,,,,,,,,,,,,,,851.0133795523775,311.7709154407298,2.8083535225155907,0.22128305404917506,,0.06476902315692028,0.09121990458691583
B0007,540,discharge,24,[2008.       5.      22.      20.      59.      50.203],3.4662499547181245,2.003221375307111,4.200086391757318,0.28238524242891305,-1.8574211435317929,-1.993515247147098,0.0028170347777114165,0.49499694759507895,32.61208344144242,23.703251528067923,41.11319128215138,4.37997105530099,2828.328,,,,,1.4362945145860047,,,,,,,
B0007,541,impedance,24,[2008.       5.      22.      21.      48.      39.015],,,,,,,,,,,,,,,,,,,848.7913385540737,314.3582756574943,2.7801701557813185,0.21815028202660694,,0.063543167392366,0.08852778068820681
B0007,542,charge,24,[2008.      5.     22.     22.     20.     44.39],4.173774108358943,3.4666311734732704,4.2146361817942335,0.08170449240601312,0.5191813677586598,-2.259097266720638,1.496567847421288,0.5875968780613531,25.427226509947285,23.783156620293063,29.260162178612,1.627305967686535,10555.125,3.95199464811346,0.5228322718758363,,,,,,,,,,
B0007,543,impedance,24,[2008.       5.      23.      11.      41.      10.187],,,,,,,,,,,,,,,,,,,850.2899495714114,312.3267151885518,2.800836982164636,0.220395435312106,,0.06353069093235883,0.09116725503746168
B0007,544,discharge,24,[2008.       5.      23.      12.      13.      16.359],3.462469269360201,1.9865974995249178,4.189989265375979,0.28188198416963234,-1.857823928669184,-1.99378580594933,0.0021921104214289405,0.4943078671975977,32.26742656599958,23.32719332912165,40.78738321989129,4.383264304717054,2838.265,,,,,1.4418575315878015,,,,,,,
B0007,545,impedance,24,[2.0080e+03 5.0000e+00 2.3000e+01 1.3000e+01 2.0000e+00 1.5484e+01],,,,,,,,,,,,,,,,,,,848.2226597786666,314.45808327375676,2.7770432150103344,0.21776605488663078,,0.06422481176747886,0.087404820535234
B0007,546,charge,24,[2008.       5.      23.      17.      12.      57.796],4.176667622988601,3.4769486106172556,4.214834925217452,0.07727081985969544,0.5108276673272917,-2.2567865372680984,1.4970569660222037,0.584130376292924,25.255921086783268,23.90544739681296,28.954663869279074,1.4835193845635364,10807.328,4.034916252289976,0.514403559277676,,,,,,,,,,
B0007,547,discharge,24,[2008.       5.      23.      20.      14.      29.875],3.480518309485383,2.1908121182442706,4.202670619155847,0.270428573348554,-1.8658259561850365,-1.9962132509416517,0.0023628760398125477,0.4805485663838978,32.637733704417855,23.97791363088396,40.73001188190229,4.214467261135465,2864.547,,,,,1.4672063484781797,,,,,,,
B0007,548,impedance,24,[2008.       5.      23.      21.       3.      54.921],,,,,,,,,,,,,,,,,,,849.5961330794868,313.2945992149246,2.791487717453061,0.21932515767664462,,0.06415912257007907,0.09032883849831895
B0007,549,charge,24,[2.008e+03 5.000e+00 2.300e+01 2.100e+01 3.600e+01 7.500e-01],4.1723894854090275,3.4579398064036844,4.2148256201936745,0.08408470520267747,0.5186373641011148,-2.2549548700674427,1.4989725765754875,0.5913825453330571,25.59348621208872,23.984148116563034,29.42943562413917,1.605185373793705,10790.062999999995,3.952506269592476,0.5222827324973877,,,,,,,,,,
B0007,550,impedance,24,[2008.       5.      24.       0.      37.      15.656],,,,,,,,,,,,,,,,,,,849.7713112788489,312.93281007340926,2.793073982262003,0.2196720531186096,,0.06643642479689273,0.08671624569408547
B0007,551,discharge,24,[2.0080e+03 5.0000e+00 2.4000e+01 1.0000e+00 9.0000e+00 2.1562e+01],3.4723137993738336,2.033261415031626,4.199186500777735,0.2802109931464832,-1.8647784241320742,-1.993458887321793,0.0012510749735953092,0.4816733351722642,32.665258715232376,23.91927093515108,40.990354594470126,4.283289390084547,2846.39,,,,,1.4518640367848885,,,,,,,
B0007,552,impedance,24,[2.0080e+03 5.0000e+00 2.4000e+01 1.0000e+00 5.8000e+01 2.8718e+01],,,,,,,,,,,,,,,,,,,847.7268071294142,315.22758747537506,2.7708786568148476,0.21689374200193826,,0.0634542700643541,0.08768736146246846
B0007,553,charge,24,[2.0080e+03 5.0000e+00 2.4000e+01 2.0000e+00 3.0000e+01 3.4593e+01],4.172439615550392,3.4594478763053855,4.2146713937986995,0.08391761472495424,0.5253361030002095,-2.25880994914598,1.4967619414701205,0.5912408294224412,25.51897802342435,23.832539592229104,29.365754863674997,1.639014278772526,10574.641,4.010535733333333,0.5288769066666668,,,,,,,,,,
B0007,554,impedance,24,[2008.       5.      24.       5.      28.      14.078],,,,,,,,,,,,,,,,,,,848.7660084325238,313.9146651203117,2.7849821288783403,0.2185643859649624,,0.06329811599005293,0.0883740485896972
B0007,555,discharge,24,[2008.       5.      24.       6.       0.      20.156],3.474362108592906,2.19135439601875,4.199638763972608,0.2695426070546689,-1.8578958465335809,-1.9936626344417874,0.0026139024713906912,0.4944188415321409,32.502652632323915,23.750323116940578,40.62521315513875,4.270076308909606,2837.969,,,,,1.4471379752748499,,,,,,,
B0007,556,impedance,24,[2008.       5.      24.       6.      49.      19.062],,,,,,,,,,,,,,,,,,,847.7072193030705,315.39078708443986,2.7684636678150447,0.21669316709416409,,0.06291934396330487,0.08582394976894858
B0007,557,charge,24,[2008.      5.     24.      7.     21.     25.14],4.171666582599625,3.4642547434680373,4.2146109514153425,0.08458579768943122,0.5482928652501677,-2.2584783582795844,1.4964253891216397,0.5918792665751542,25.42437424452934,23.69298669556928,29.18156159876141,1.6371606170667503,10074.109,4.202766488913836,0.5518778557395454,,,,,,,,,,
B0007,558,impedance,24,[2008.       5.      24.      10.      10.      44.312],,,,,,,,,,,,,,,,,,,849.1525689271656,313.6532262332198,2.7872278786153295,0.21884115086301406,,0.06145601214896925,0.08889557028653669
B0007,559,discharge,24,[2008.       5.      24.      10.      42.      50.484],3.4722823212388754,2.1840705012733683,4.200028390360542,0.2699344065566691,-1.8511947629213035,-1.9935668796843673,0.0027107013781295553,0.5056082033558461,32.446842086875606,23.628172831563695,40.58944296824891,4.299125865852939,2838.156,,,,,1.441790586562399,,,,,,,
B0007,560,impedance,24,[2008.       5.      24.      11.      31.      49.718],,,,,,,,,,,,,,,,,,,848.5387746805051,314.6297445860607,2.7761217934276843,0.2176574641974306,,0.06237849213168391,0.08721191866822824
B0007,561,charge,24,[2008.       5.      24.      12.       3.      55.937],4.173308388953154,3.466210100780912,4.214633074793416,0.08265009085669747,0.5270265711463848,-2.255748051528351,1.4984766757849677,0.5889939611698011,25.283850691977545,23.59651674656068,29.11061940894592,1.6348701750471872,10423.047,4.050185094850948,0.5305420054200543,,,,,,,,,,
B0007,562,impedance,24,[2008.       5.      24.      14.      59.       4.171],,,,,,,,,,,,,,,,,,,850.3066927059969,312.4117801012607,2.801947684664047,0.2205207566467157,,0.06382375412452716,0.09017378045499043
B0007,563,discharge,24,[2008.       5.      24.      15.      31.      10.593],3.4701761898320465,2.1664368343684446,4.199347098159206,0.2710858021641952,-1.8509042611451945,-1.9934697961407999,0.0007252787010097335,0.5063097294204744,32.39361892904713,23.53981212995311,40.584393586876246,4.325115898670607,2829.843,,,,,1.431630947911111,,,,,,,
B0007,564,impedance,24,[2.008e+03 5.000e+00 2.400e+01 1.600e+01 2.000e+01 1.515e+00],,,,,,,,,,,,,,,,,,,849.0041604740603,313.9265309538977,2.7830087557459273,0.2184966796921335,,0.06275733239183592,0.08974609994235133
B0007,565,charge,24,[2008.       5.      24.      16.      52.       7.875],4.174003023265578,3.4669149276247255,4.21461935257323,0.08174046822787358,0.5195386971891812,-2.2584636147375927,1.4963928823885033,0.5873395932492709,25.219518229828754,23.5601547870927,29.06555232624057,1.6377112994463945,10534.046,4.006664075067024,0.5230444504021449,,,,,,,,,,
B0007,566,impedance,24,[2008.       5.      24.      19.      49.       7.109],,,,,,,,,,,,,,,,,,,850.2514439522653,312.5140781221922,2.79906137460369,0.22015645206553155,,0.06454679946231442,0.09024797990776603
B0007,567,discharge,24,[2008.       5.      24.      20.      21.      13.437],3.4635011119445216,1.987193667465448,4.199148920577739,0.2832898045943784,-1.850858274670624,-1.9934414275491175,-0.00017952143405607933,0.5063070156205356,32.417221778010834,23.49802323358846,40.884444140401214,4.3883223279882495,2829.625,,,,,1.4318084249673686,,,,,,,
B0007,568,impedance,24,[2008.       5.      24.      21.      10.       4.265],,,,,,,,,,,,,,,,,,,848.614545959976,314.3631587253062,2.7801003472407104,0.21798124147220962,,0.06393487478280767,0.08892224605524425
B0007,569,charge,24,[2008.      5.     24.     21.     42.     10.75],4.173398722303291,3.464270782504146,4.214701956762942,0.08256855654909549,0.5339761745910121,-2.256396613983185,1.4970517069516487,0.5882641112827637,25.266231486558603,23.59598587810552,29.04585339751556,1.6312858816770475,10266.812000000005,4.141658032515845,0.5375617801047121,,,,,,,,,,
B0007,570,impedance,24,[2008.      5.     25.      0.     34.     43.14],,,,,,,,,,,,,,,,,,,850.4842995074736,312.57046908831177,2.797736702440247,0.22011581517937565,,0.06249691986052604,0.09115545784670619
B0007,571,discharge,24,[2.0080e+03 5.0000e+00 2.5000e+01 1.0000e+00 6.0000e+00 4.9828e+01],3.467453100453348,2.1314172797434523,4.199648027535327,0.2734041808329979,-1.8504182940365097,-1.9940355259074865,0.0012810100184850572,0.5071972807923033,32.40094040453025,23.52742809133315,40.65159637790841,4.3463556783787,2819.437,,,,,1.4262562585106868,,,,,,,
B0007,572,impedance,24,[2.0080e+03 5.0000e+00 2.5000e+01 1.0000e+00 5.5000e+01 3.0531e+01],,,,,,,,,,,,,,,,,,,848.1113672747878,315.20158572317575,2.772091035672163,0.21718300405611699,,0.06265091616586904,0.08803688863240228
B0007,573,charge,24,[2.008e+03 5.000e+00 2.500e+01 2.000e+00 2.700e+01 3.725e+01],4.1746908334356565,3.4669879191412143,4.214669612650231,0.08097048853245487,0.5157693405738868,-2.25866372505632,1.4973333834369937,0.5855895115019988,25.207190052999604,23.55242060245302,29.05618290210888,1.6411614563634322,10568.109,4.015840106951871,0.5192486363636364,,,,,,,,,,
B0007,574,impedance,24,[2008.       5.      25.       5.      25.      11.093],,,,,,,,,,,,,,,,,,,850.7786281959173,312.09212472879886,2.8015915239787716,0.2206305117714031,,0.06334787344507525,0.09172637881195314
B0007,575,discharge,24,[2008.      5.     25.      5.     57.     17.89],3.4675864728547845,2.188995882590831,4.1991931757384515,0.2695141803952856,-1.8436892876926974,-1.9937717858912956,0.000535666450658973,0.5181427821072656,32.36314241861482,23.458033825865048,40.53138082339522,4.351714431704272,2819.579,,,,,1.4260877528924913,,,,,,,
B0007,576,impedance,24,[2008.       5.      25.       6.      45.      59.203],,,,,,,,,,,,,,,,,,,850.4683641664724,312.18883977302244,2.8048735603912136,0.22088735208447763,,0.06579302475690738,0.0902509933428324
B0007,577,charge,24,[2008.       5.      25.       7.      18.       6.015],4.175753535378941,3.4689243884004695,4.214658147798891,0.0796838456822973,0.502595244074321,-2.257828874652089,1.4981440474450978,0.5830681362307476,25.097670267805956,23.479425929496,28.98532286604206,1.6390317231146339,10798.344,3.932604341004183,0.5060860878661088,,,,,,,,,,
B0007,578,impedance,24,[2008.       5.      25.      10.      19.      30.093],,,,,,,,,,,,,,,,,,,850.933393007891,311.97461145994833,2.8049759200128648,0.22099770551264894,,0.06729379539953537,0.08877642239876088
B0007,579,discharge,24,[2008.       5.      25.      10.      51.      37.015],3.462182535852444,2.0322464946417114,4.199053572226856,0.2801600866578969,-1.8498733070449755,-1.9938797141417293,0.0026041426376996195,0.507894137527647,32.382600705235255,23.438813900162128,40.821433488540606,4.4093849536368666,2810.672,,,,,1.4212633510031694,,,,,,,
B0007,580,impedance,24,[2008.       5.      25.      11.      40.       9.609],,,,,,,,,,,,,,,,,,,849.9740904993987,313.04254154410654,2.793178074092483,0.21970502676275985,,0.06430967319687048,0.09093892772715068
B0007,581,charge,24,[2008.       5.      25.      12.      12.      16.578],4.1743362834626305,3.466506636972277,4.214699356594217,0.08145964791520793,0.5288550946247553,-2.2568832291653718,1.497813105841087,0.5860597442626942,25.242481368878632,23.57521084692307,29.02814341192068,1.6326722496941803,10279.047,4.141124656026417,0.5324748486516235,,,,,,,,,,
B0007,582,impedance,24,[2.008e+03 5.000e+00 2.500e+01 1.500e+01 5.000e+00 1.687e+00],,,,,,,,,,,,,,,,,,,850.0730572783896,312.72030673192506,2.7976319822607665,0.2200168937214508,,0.06579546046710036,0.08913718734703446
B0007,583,discharge,24,[2008.      5.     25.     15.     37.      8.89],3.465962999117946,2.1695130053947387,4.199879744716988,0.2708827931569411,-1.8432877207292044,-1.9940053249383378,0.0009364024885806814,0.5188324984812375,32.4323818014572,23.504429518319206,40.643362943412974,4.376928450134194,2811.485,,,,,1.4163272748795108,,,,,,,
B0007,584,impedance,24,[2008.      5.     25.     16.     25.     42.25],,,,,,,,,,,,,,,,,,,849.1449819754853,313.7234593345636,2.7850891453949322,0.21868682870275713,,0.0643176054267762,0.08965051639295069
B0007,585,charge,24,[2008.       5.      25.      16.      57.      49.359],4.17450274333016,3.4688337249306667,4.214609201644698,0.0810221187354353,0.5256499143017735,-2.2572880389632104,1.4962269449989718,0.58582390211786,25.27607020296545,23.616071997985173,29.06882936597328,1.637733101035913,10299.39,4.079418131868132,0.5293056868131868,,,,,,,,,,
B0007,586,impedance,24,[2008.       5.      25.      19.      50.      54.953],,,,,,,,,,,,,,,,,,,851.3333951521668,311.44847433796343,2.813187534100513,0.22173892567519923,,0.06706903713310808,0.08931746529758988
B0007,587,discharge,24,[2008.       5.      25.      20.      23.       4.453],3.4601727514874407,1.9917978280585305,4.1986801794397035,0.28320564015052707,-1.8494580225090995,-1.9936134940183787,0.0012154494508675095,0.5087585272156274,32.48861829940489,23.538505739106153,40.97063567014205,4.415256194230411,2802.422,,,,,1.4165781829175994,,,,,,,
B0007,588,impedance,24,[2008.       5.      25.      21.      11.      31.515],,,,,,,,,,,,,,,,,,,848.9085613038291,313.8513656074575,2.7836775837906793,0.21851819105190784,,0.06264775576524217,0.09062764033755996
B0007,589,charge,24,[2008.       5.      25.      21.      43.      40.953],4.1753130763360495,3.465165759249012,4.214693374791232,0.08021015808364063,0.5138542905268656,-2.256584666445211,1.4980457225416497,0.5840020861457316,25.27314773582078,23.62574611895189,29.11731427294074,1.6403448200509136,10543.077999999994,4.02808319914117,0.5173827428878154,,,,,,,,,,
B0007,590,impedance,24,[2008.       5.      26.       0.      40.      52.859],,,,,,,,,,,,,,,,,,,851.2474006696715,311.542170526156,2.8109783650382987,0.22159401241096974,,0.06490942889368799,0.09075727480252856
B0007,591,discharge,24,[2.008e+03 5.000e+00 2.600e+01 1.000e+00 1.300e+01 2.796e+00],3.464226115253961,2.1534486462617073,4.199235005181635,0.2718094069576828,-1.8426221358637018,-1.9932783787552537,0.0024889122249394918,0.5198946086774101,32.524062377970175,23.59680665310433,40.74888323397497,4.383646752360037,2801.625,,,,,1.4108401729425177,,,,,,,
B0007,592,impedance,24,[2.0080e+03 5.0000e+00 2.6000e+01 2.0000e+00 1.0000e+00 2.9328e+01],,,,,,,,,,,,,,,,,,,849.883398882684,312.95329745062946,2.797127841830733,0.21996617246840966,,0.06409904375539072,0.09048892075072754
B0007,593,charge,24,[2.0080e+03 5.0000e+00 2.6000e+01 2.0000e+00 3.3000e+01 3.9031e+01],4.175376272483667,3.468982709330772,4.214784840094762,0.08009446065658556,0.5175996258024357,-2.2565642169956748,1.4986798463917033,0.5836863053154548,25.26421894976394,23.581324842131554,29.085224991378187,1.6495473808861605,10430.109,4.056995386702849,0.5207969335142469,,,,,,,,,,
B0007,594,impedance,24,[2008.       5.      26.       5.      28.      58.109],,,,,,,,,,,,,,,,,,,851.1751417300735,311.9926764675444,2.8046323065677172,0.22096398493764305,,0.06468467106868281,0.0912602372721357
B0007,595,discharge,24,[2.008e+03 5.000e+00 2.600e+01 6.000e+00 1.000e+00 8.171e+00],3.458799193390812,2.0101572712330453,4.198950996279868,0.28154248712251484,-1.8427098003104345,-1.9936687629475545,0.0026875024090308453,0.5196065660798354,32.482615965621896,23.507102422227057,40.93461596721165,4.428070620096844,2802.031,,,,,1.4109949628347804,,,,,,,
B0007,596,impedance,24,[2008.       5.      26.       6.      49.      35.046],,,,,,,,,,,,,,,,,,,848.415169880799,314.5595284266929,2.776918715471842,0.2176733306382749,,0.06263768180094363,0.0889708433613751
B0007,597,charge,24,[2008.       5.      26.       7.      21.      44.953],4.174846886014505,3.4670152493463466,4.214615943529673,0.08078558408622902,0.5309148992955582,-2.2553648076231005,1.499085917939726,0.5845805496922375,25.247717236760785,23.556813809814425,29.021049593818244,1.6470014283159349,10154.094,4.179815804117974,0.5341888703394546,,,,,,,,,,
B0007,598,impedance,24,[2008.       5.      26.      10.      12.      28.125],,,,,,,,,,,,,,,,,,,852.5847288681534,310.57163215360305,2.8240030968056153,0.22313809005017624,,0.06476607440681181,0.09331506762885133
B0007,599,discharge,24,[2008.       5.      26.      10.      44.      38.468],3.4620805499710854,2.132718741006573,4.199393701075195,0.27338203683256124,-1.842239518040086,-1.9932378340066106,0.0009947078732730503,0.5205366588751019,32.46389583182878,23.49103023425758,40.74175890345818,4.408949817284241,2793.39,,,,,1.4061714290398801,,,,,,,
B0007,600,impedance,24,[2008.       5.      26.      11.      32.      56.968],,,,,,,,,,,,,,,,,,,849.3367647425126,313.34346571226666,2.790554008995752,0.2192822187104658,,0.06461075599348456,0.09019465992992068
B0007,601,charge,24,[2008.       5.      26.      12.       5.       7.078],4.175435464201437,3.4689057995807477,4.21467109940894,0.07994335942570632,0.5213157566666435,-2.2577916800977387,1.4966121109424884,0.5832497593255777,25.27414999815343,23.60373200039277,29.067548735124177,1.6390789816669185,10316.906,4.107986000548998,0.525027587153445,,,,,,,,,,
B0007,602,impedance,24,[2008.       5.      26.      14.      58.      33.218],,,,,,,,,,,,,,,,,,,851.9297226718278,310.8094467115598,2.81854993872496,0.22253877005166867,,0.06468646287403104,0.09357177480301318
B0007,603,discharge,24,[2008.       5.      26.      15.      30.      43.968],3.4578782949034514,2.0114763339798887,4.198994975977764,0.2814693412732219,-1.842252843487983,-1.9929534332525367,0.0027780084228780505,0.5205423339703974,32.55681404542561,23.555518771498985,41.00964443691023,4.442695390898806,2793.39,,,,,1.4063358479692922,,,,,,,
B0007,604,impedance,24,[2008.       5.      26.      16.      19.       2.828],,,,,,,,,,,,,,,,,,,849.4660652769977,313.1068011425673,2.7936644918436606,0.21953306119067226,,0.06492066764951249,0.08955496020574386
B0007,605,charge,24,[2008.       5.      26.      16.      51.      13.375],4.176132306765161,3.467195316855883,4.214631549235227,0.07909313757724556,0.5081558344285678,-2.2600518908021914,1.4961102905687302,0.5816043484837922,25.294181907809836,23.650906238631592,29.14009489190413,1.643489645489381,10571.39,3.9983364561027837,0.5117377408993575,,,,,,,,,,
B0007,606,impedance,24,[2008.       5.      26.      19.      48.      54.421],,,,,,,,,,,,,,,,,,,851.8179586527152,311.1918617398812,2.813193184659068,0.22195824303860912,,0.06492526583837316,0.0913267326241943
B0007,607,discharge,24,[2008.       5.      26.      20.      21.       4.921],3.461590937144894,2.1610456063312298,4.198421699164089,0.2711287554522599,-1.8356063485512333,-1.9975549047179482,0.0017032344350931606,0.5311150305328971,32.576296430484255,23.595817643467868,40.80558697887537,4.412579006003441,2792.485,,,,,1.4004552399066514,,,,,,,
B0007,608,impedance,24,[2008.      5.     26.     21.      9.     22.89],,,,,,,,,,,,,,,,,,,849.7655357146128,312.8638158676439,2.7953187672216964,0.21989593563707988,,0.06466353603836943,0.0919880772013069
B0007,609,charge,24,[2008.       5.      26.      21.      41.      33.468],4.174585399778781,3.469600501806624,4.214675827038261,0.08108914259934066,0.5417902519385153,-2.2572760258661715,1.496184203911228,0.5843873431278954,25.431335735111634,23.698143742646305,29.16287926072855,1.6392911759996807,9892.375,4.298297823596792,0.545494673539519,,,,,,,,,,
B0007,610,impedance,24,[2008.       5.      27.       0.      27.      55.562],,,,,,,,,,,,,,,,,,,849.573985918306,313.4570000959421,2.788170085369283,0.21899264836809915,,0.06242528216023714,0.08981214323944718
B0007,611,discharge,24,[2008.       5.      27.      15.      52.      41.359],3.462906230864041,2.0143553387267827,4.188887274283021,0.28163618896619136,-1.8561013515700384,-1.9933150584565904,0.0005141412894631021,0.49740511520485786,32.81804879809979,24.482611948371623,40.92586026351328,4.125296278923238,2802.016,,,,,1.4217865046055154,,,,,,,
B0007,612,charge,24,[2008.       5.      27.      17.      53.      59.765],4.175137102791437,3.477083214921946,4.214613343848103,0.07971943244994256,0.5350541433344616,-2.258102044939049,1.499175589658487,0.5852080331832041,25.138343976613978,23.694854542404872,28.656686168389818,1.4046636917044308,10212.234,4.280021642619312,0.5391432297447281,,,,,,,,,,
B0007,613,discharge,24,[2008.       5.      27.      20.      45.      42.125],3.4753580425264796,2.1732119934933296,4.2050716026539625,0.27473843821115856,-1.8574370794605966,-2.0060375207298797,0.001683361634121328,0.49591138171784854,32.92941193334214,24.737923198971707,40.57390100608222,3.9194235342978154,2820.39,,,,,1.4324552720625434,,,,,,,
B0007,614,impedance,24,[2008.      5.     27.     21.     34.     28.64],,,,,,,,,,,,,,,,,,,852.6475868334273,310.092213637754,2.8304451110438733,0.22372259196768973,,0.0671426900201505,0.09331350931281934
B0007,615,charge,24,[2008.       5.      28.      11.       9.      42.046],2.989473572959445,0.002931709876883153,4.987179956544669,2.160696580442169,-0.0023016184066445254,-0.003090531979739471,-0.0010841130789506364,0.0007298501374361628,23.08792153043887,23.084845588144287,23.09308259938123,0.0030449093903442506,12.656000000000002,2.8449999999999998,-0.00047999999999999996,,,,,,,,,,
B0018,0,charge,24,[2008.      7.      7.     12.     26.     45.75],4.1923731076313056,3.4476511473865226,4.202872264991999,0.024878121977080423,0.35926206726302334,-4.034444944556543,1.520641431268088,0.484431431647006,24.42229248876264,23.735721220396467,26.713023146449622,0.8202543844287787,8122.844,3.963832741477273,0.35635830965909093,,,,,,,,,,
B0018,1,impedance,24,[2008.       7.       7.      14.      43.      14.625],,,,,,,,,,,,,,,,,,,827.4792379451645,336.9586371403571,2.5244994484576893,0.20341316938307608,,0.06515815158455215,0.09555369570022001
B0018,2,discharge,24,[2008.       7.       7.      15.      15.      28.875],3.5275462263272543,2.4721608434600437,4.188195942647034,0.2356155544529411,-1.9541761960216968,-2.012995081928318,0.001459080605681204,0.32755521190017756,31.773285281389256,23.8195202516044,38.10180309676608,3.3892433008816,3434.891,,,,,1.8550045207910817,,,,,,,
B0018,3,impedance,24,[2008.       7.       7.      16.      14.       5.328],,,,,,,,,,,,,,,,,,,825.3834204967393,339.1550430311775,2.505456453580497,0.2008006766545413,,0.06319812376707153,0.10229511275627602
B0018,4,charge,24,[2008.      7.      7.     18.     20.     14.25],4.1353123326190016,2.9685854954975253,4.2018954565543405,0.11360773398316207,0.6687881024579866,-3.326249394558189,1.521728826844694,0.656219973297633,25.545536174167466,23.899325521863094,28.630657651876884,1.2687543420608065,10804.766,4.18177892507281,0.6641903627217369,,,,,,,,,,
B0018,5,impedance,24,[2008.       7.       7.      21.      21.      23.062],,,,,,,,,,,,,,,,,,,823.973097607906,340.8143865005557,2.4879482170176392,0.19886417008331214,,0.06269644718508349,0.09161902925465781
B0018,6,discharge,24,[2008.       7.       7.      21.      53.       6.125],3.534835576186522,2.4114381994148304,4.186703558364525,0.23789656784178786,-1.9474374301153292,-2.012643873951446,0.0031077708566253433,0.34474912073135366,31.924891594728642,24.314787074430125,38.14987995994155,3.2752302224155914,3425.485,,,,,1.8431955317089987,,,,,,,
B0018,7,impedance,24,[2008.       7.       7.      22.      51.      31.375],,,,,,,,,,,,,,,,,,,822.8382681191915,342.4311620181513,2.475478568043324,0.19717241348694983,,0.0626070139256824,0.0946846935443713
B0018,8,charge,24,[2008.       7.       7.      23.      23.      14.531],4.13250763071698,3.0007459097531988,4.201918359663014,0.1190618205041704,0.6672256387910199,-3.376134513513652,1.5232310701999145,0.6548532902881348,25.446466159720142,23.88379885286109,28.510311181520592,1.3124958795562722,10806.391000000003,4.349490928784187,0.6622150013539129,,,,,,,,,,
B0018,9,impedance,24,[2.0080e+03 7.0000e+00 8.0000e+00 2.0000e+00 2.4000e+01 2.5109e+01],,,,,,,,,,,,,,,,,,,823.6906843481014,341.0108330793164,2.4850266586539025,0.19855211405103557,,0.06137843058604763,0.09188288246238666
B0018,10,discharge,24,[2.008e+03 7.000e+00 8.000e+00 2.000e+00 5.600e+01 8.453e+00],3.538246596159443,2.394395968141027,4.188811210133346,0.23728971261206758,-1.9520511323479741,-2.0118244627327857,0.0021731033544040283,0.33092880126857177,31.31691283374216,23.74169210144422,37.5266914843442,3.2627553263141578,3410.375,,,,,1.8396018424355423,,,,,,,
B0018,11,impedance,24,[2008.       7.       8.       3.      54.      18.812],,,,,,,,,,,,,,,,,,,822.6272031697698,342.38283833366296,2.474956321905538,0.1971016485776477,,0.06199882418368678,0.0960700817119328
B0018,12,charge,24,[2008.       7.       8.       4.      26.       2.109],4.133445731492554,3.0220629037841675,4.20209280278357,0.11743696855425066,0.6623135819582646,-3.4126693627826135,1.523339135307488,0.6546518341593933,24.873840724794903,23.33896414519938,27.94743032564124,1.3186912106038633,10805.953,4.337816592674806,0.6572444506104329,,,,,,,,,,
B0018,13,impedance,24,[2008.       7.       8.       7.      27.      12.593],,,,,,,,,,,,,,,,,,,823.8627826916185,341.09612880990045,2.4853699277083963,0.19856354917996447,,0.06133724861449716,0.09141202809622342
B0018,14,discharge,24,[2008.       7.       8.       7.      58.      55.953],3.537697945111872,2.3999481734774424,4.188875360300162,0.23668744588744997,-1.9460914562122762,-2.0135271229076634,0.0019898436251189404,0.3479124254783602,30.821190751176527,23.227856809949373,37.06279237079503,3.286261154647626,3404.719,,,,,1.8306736044962053,,,,,,,
B0018,15,impedance,24,[2008    7    8    8   57    1],,,,,,,,,,,,,,,,,,,821.2138026717251,343.98364416266463,2.4607834038846526,0.19528862134742728,,0.06143403300566526,0.09201876447685577
B0018,16,charge,24,[2008.       7.       8.      15.      56.      37.562],4.1374064082813184,3.081310778261303,4.202264581050834,0.10923373587356676,0.6563527891676801,-3.494189677345426,1.5221130288823264,0.6544315855819277,25.184745587136256,23.232712268368484,28.182349581908053,1.2036646653318757,10806.594,4.20081304964539,0.6520348936170214,,,,,,,,,,
B0018,17,discharge,24,[2008.       7.       8.      18.      57.      48.968],3.542667604586918,2.3851461229395867,4.189908817357781,0.2394353252581165,-1.9412796601390512,-2.014479287336525,0.001791496299138119,0.3634908467567985,31.95346971511436,24.414641711593454,38.2110354381278,3.299128199072179,3417.641,,,,,1.8327002069419656,,,,,,,
B0018,18,charge,24,[2008.       7.       8.      19.      56.       7.281],4.126282741083326,2.8920212868007713,4.201938151381219,0.13378744855477837,0.655687018025238,-3.1900654194476274,1.5227928787861116,0.655940599245259,26.83090280704791,24.6987679383063,36.186651345077465,2.117585087025159,10804.844,4.144296995708155,0.6510503576537914,,,,,,,,,,
B0018,19,discharge,24,[2008.       7.       8.      22.      57.      17.203],3.5451037330477333,2.3716770708389117,4.190509582057232,0.24110752752449982,-1.9400338819083036,-2.01246830059768,0.002663054224170818,0.36496332223544575,32.02311236185272,24.695286535085184,38.17496505957075,3.208976723644848,3411.766,,,,,1.8285288846046388,,,,,,,
B0018,20,charge,24,[2008.       7.       8.      23.      55.      29.781],4.125914878070091,2.8889259226774757,4.202031413758956,0.13404495224000346,0.6555184338881249,-3.1959371431389942,1.5209581609964342,0.6566202676713172,26.612686159872126,24.3116230964189,36.13935430758997,2.2095820038637712,10806.235,4.126888368004688,0.6507374743627308,,,,,,,,,,
B0018,21,discharge,24,[2.0080e+03 7.0000e+00 9.0000e+00 2.0000e+00 5.6000e+01 4.1281e+01],3.5475142438631493,2.4964491577040793,4.1903241054041,0.2318511800008401,-1.9335667184847714,-2.0129654127777004,0.0024302706501015303,0.3808832811419138,31.634533158077694,24.31366014142129,37.64038685475582,3.1972191610410667,3399.516,,,,,1.8212011895697924,,,,,,,
B0018,22,charge,24,[2008.       7.       9.       3.      54.      41.859],4.12773554662663,2.934228742554025,4.202110790305647,0.1310644029304549,0.6491876776502405,-3.2577406267266666,1.5222785130884682,0.6552272189869787,26.181469651247287,23.931331686881695,35.46420583269735,2.187436337584137,10807.531,4.147832092884787,0.6443670735337899,,,,,,,,,,
B0018,23,discharge,24,[2008.       7.       9.       6.      55.      54.875],3.544812433691423,2.4374506721131883,4.190302498850287,0.2359561532347725,-1.9332161326561408,-2.0253396376938984,0.007315177847634387,0.3824771942488669,31.288194921595714,23.917267950078497,37.37602884738843,3.2292773880953023,3388.75,,,,,1.8151700106433282,,,,,,,
B0018,24,charge,24,[2008.      7.      9.      7.     53.     44.89],4.128434329208657,2.933503829884343,4.202314658583246,0.13052264072220776,0.6466394953952761,-3.2517094613293422,1.5256448801187532,0.6544561809429933,25.91755929599645,23.722031244542706,35.219777661310665,2.1710716107539128,10807.063,4.157290831815422,0.6420003035822708,,,,,,,,,,
B0018,25,impedance,24,[2008.       7.       9.      10.      54.      57.765],,,,,,,,,,,,,,,,,,,822.1295756904493,342.7900553524421,2.468884452898146,0.1964739555881894,,0.06246407536667202,0.08784495845315991
B0018,26,discharge,24,[2008.       7.       9.      11.      26.      41.906],3.5434780274164095,2.4152206992194847,4.188517549229078,0.23682620647693875,-1.9325959489970461,-2.0164107237206794,0.0013308719123062843,0.3841188149850458,31.11122470608501,23.654641102277676,37.28928029078695,3.2781775320054463,3380.406,,,,,1.8042980520967649,,,,,,,
B0018,27,impedance,24,[2008.       7.       9.      12.      24.      23.859],,,,,,,,,,,,,,,,,,,819.4949742162913,345.6075542142832,2.4441175248164186,0.19323762369917352,,0.05911226141914418,0.08989822215265768
B0018,28,charge,24,[2008.       7.      10.      13.      33.      27.984],4.141068906540286,3.154394449334329,4.20201657959594,0.10393039748975498,0.6445497391032851,-3.6103236695156684,1.5222605457402503,0.6506194703386017,24.489490921475447,22.786308670649184,27.55080800546333,1.21759569112021,10805.891,4.351134782608696,0.6401472049689441,,,,,,,,,,
B0018,29,discharge,24,[2008.       7.      10.      16.      34.      39.859],3.543133206790044,2.377432309524995,4.191794143442699,0.2397794991641069,-1.9387520938161948,-2.0137948590788683,0.0019160597964111145,0.36905252794524707,31.13166983979621,23.598003231352457,37.52377766578506,3.332242371690498,3404.141,,,,,1.8231002302844226,,,,,,,
B0018,30,charge,24,[2008.       7.      10.      17.      32.      45.796],4.127449273791294,2.919401031183828,4.201840621952644,0.13229623118843825,0.6497749904286239,-3.2231431209359425,1.521425733991496,0.6550231609619568,26.146821020863474,24.13116926475526,35.44332890427652,2.073226818681331,10806.031,4.1814506114769525,0.6452292254625275,,,,,,,,,,
B0018,31,discharge,24,[2008.       7.      10.      20.      33.      58.031],3.545155146280937,2.3887487262583647,4.190699409462101,0.2394912052033424,-1.9319248326301843,-2.0130992718348324,0.0028767662739353694,0.38518004774627046,31.51305775907457,24.126322531318674,37.72420412562674,3.2605514489475476,3396.141,,,,,1.8121253520255494,,,,,,,
B0018,32,charge,24,[2008.       7.      10.      21.      31.      56.171],4.127805560491026,2.935169525749225,4.202606356465971,0.13133300675673495,0.6529789882431835,-3.253803882663408,1.5216922652726015,0.6537658667126935,26.252986903576208,24.007947187086522,35.51794239177923,2.160530722273132,10642.983999999997,4.1702211476466795,0.6481289490651192,,,,,,,,,,
B0018,33,discharge,24,[2008.       7.      11.       0.      30.      25.484],3.545032366549762,2.432289857016922,4.1902633112754275,0.23636543687105385,-1.9249594896453863,-2.012646457499825,0.002628201879030579,0.4008923507156673,31.31102568785445,24.009919830527505,37.41366095304306,3.221069707400618,3384.094,,,,,1.8046916382117766,,,,,,,
B0018,34,charge,24,[2.0080e+03 7.0000e+00 1.1000e+01 1.0000e+00 2.8000e+01 1.1828e+01],4.129295381175681,2.9623564102346562,4.202230505968771,0.12871014214452767,0.6430771660396947,-3.2977483371204106,1.5236979623373044,0.6538951138225558,25.853699304554265,23.550848033312768,35.081542638352914,2.1973742219589347,10771.188,4.092879857512953,0.6381768134715027,,,,,,,,,,
B0018,35,discharge,24,[2008.       7.      11.       4.      28.      49.531],3.5440892170496827,2.497495633221204,4.18970538556629,0.23152309725169407,-1.9179528942264992,-2.011939908405691,0.003204989680715983,0.41604798160412765,30.893964711700164,23.551364638150325,36.94724908852665,3.2329854477192024,3370.656,,,,,1.790844349786295,,,,,,,
B0018,36,charge,24,[2008.       7.      11.       5.      26.      22.734],4.131571550845158,2.992034431213861,4.202035375774965,0.12568471222438446,0.6354654320889426,-3.34147442757836,1.5219024838273782,0.6515854906753532,25.419542407670075,23.211901244124853,34.460585087793035,2.1612653002044464,10794.406,4.138197704918033,0.6306075409836065,,,,,,,,,,
B0018,37,impedance,24,[2008.       7.      11.       8.      27.      23.859],,,,,,,,,,,,,,,,,,,821.4961908845135,343.2180306590288,2.4664566907365573,0.19601537450163317,,0.06105488892245489,0.08795484250803035
B0018,38,discharge,24,[2008.       7.      11.       8.      59.       8.656],3.541317108618481,2.478768686108376,4.188354430914051,0.23215997251902853,-1.917373033348097,-2.013704827395307,0.0038464738146169104,0.41771515683186444,30.540598970902945,23.09050168217513,36.707091312059944,3.289215654112624,3357.797,,,,,1.783470722841926,,,,,,,
B0018,39,impedance,24,[2008.      7.     11.      9.     56.     29.14],,,,,,,,,,,,,,,,,,,819.2872483456739,345.6762669582733,2.4461694045747895,0.19333478495097103,,0.06100929812130678,0.08710663504547878
B0018,40,charge,24,[2008.       7.      11.      11.      25.      49.812],4.141471254743751,3.170863201975345,4.202278101475768,0.10491902802538963,0.6324149220851409,-3.6114842114091554,1.5202277874505141,0.6484269315844113,24.304660185191814,22.934246915363556,27.33771267675062,1.1999945877329705,10808.672,4.450456942590121,0.6278701602136182,,,,,,,,,,
B0018,41,discharge,24,[2008.      7.     11.     14.     27.      5.64],3.541197979542517,2.3858494078680206,4.193543208571066,0.23984848741538095,-1.9180652422275581,-2.0130040542547274,0.001982013280312633,0.41851037792194934,30.82566018736547,23.303464882146475,37.13061214416645,3.353002685245749,3363.015,,,,,1.7809386125310702,,,,,,,
B0018,42,charge,24,[2008.       7.      11.      15.      24.      31.562],4.131913945158341,2.991394578819033,4.202071863838541,0.1255459168005784,0.6325644684630086,-3.3254470127618836,1.5214963059625977,0.6512012695566574,25.891404452355065,23.99900515407803,34.69043264785862,1.9978005800930327,10788.828,4.15708192281652,0.6283527420446852,,,,,,,,,,
B0018,43,discharge,24,[2008.       7.      11.      18.      25.      27.593],3.541255460524434,2.372854084449551,4.190238041929225,0.24107515468634144,-1.9106033469326071,-2.0147841532663255,0.0020341106534608818,0.4333538762209249,31.451400678644536,24.000119916961825,37.686600065941576,3.325243999668731,3357.734,,,,,1.771209039672698,,,,,,,
B0018,44,charge,24,[2008.       7.      11.      19.      22.      48.406],4.131707612044202,3.000667324114639,4.20206920947581,0.12577071304019588,0.6361800205718287,-3.3326871676553105,1.5208861052326526,0.6507023083993592,26.338798726333607,24.226715621279403,35.105681007040275,2.0763569634513535,10689.594,4.229750952545896,0.6314561828888119,,,,,,,,,,
B0018,45,discharge,24,[2008.       7.      11.      22.      22.       5.406],3.5427478949705886,2.4086912736769084,4.19075698083662,0.23851613291467513,-1.909404549449075,-2.0129355983090056,0.0030576354902658847,0.4345292193646614,31.518847747922937,24.22294874000798,37.633580732302406,3.2500563963932576,3344.187,,,,,1.7686303996707076,,,,,,,
B0018,46,charge,24,[2008.       7.      11.      23.      19.      12.921],4.133021975382763,3.01251531260669,4.202872821213387,0.12397360224901781,0.6290293540423335,-3.3609357256565073,1.521640690832857,0.6493690080330142,26.07003491744081,23.79279483011453,35.05533549707359,2.1812852984012077,10670.672000000006,4.105016039051605,0.6240958856345886,,,,,,,,,,
B0018,47,discharge,24,[2.0080e+03 7.0000e+00 1.2000e+01 2.0000e+00 1.8000e+01 1.1125e+01],3.541251093602656,2.496331992137246,4.189715378549557,0.23208831014050751,-1.8960567702455413,-2.0117266911103093,0.005725980789228198,0.4608372568983002,31.11237289077096,23.79566158754756,37.15252578645951,3.2602557029885486,3339.969,,,,,1.7536304801917124,,,,,,,
B0018,48,charge,24,[2008.       7.      12.       3.      15.      14.546],4.1343818763972555,3.046738513507221,4.201899958978779,0.12119310327639465,0.6281777068983264,-3.417324167012539,1.521532696203014,0.6481795439032265,25.562018261524052,23.27283453712357,34.25023256471148,2.1696274480654116,10656.266,4.109233830845771,0.6231261549395877,,,,,,,,,,
B0018,49,impedance,24,[2008.       7.      12.       6.      13.      58.531],,,,,,,,,,,,,,,,,,,820.7662195831005,344.0944577064567,2.4574027900895064,0.19494023927342455,,0.06064904573360479,0.08754929973933033
B0018,50,discharge,24,[2008.       7.      12.       6.      45.      43.859],3.5350260562177453,2.4199896352919668,4.187635645163932,0.23636791212783306,-1.8948411660605735,-2.012077515518729,0.003541070186068654,0.46289745724666687,30.586452588663985,23.127324953354822,36.78829001793698,3.3321205431155807,3327.641,,,,,1.7462197416415093,,,,,,,
B0018,51,impedance,24,[2008.       7.      12.       7.      42.      35.203],,,,,,,,,,,,,,,,,,,819.4939879820535,345.6694704186457,2.4443879308503744,0.19320119508782066,,0.06219481868267621,0.08570971190558405
B0018,52,charge,24,[2008.       7.      12.       8.      14.      20.437],4.142878003359763,3.208933728707651,4.202011186724678,0.10402530137750524,0.6174634056408143,-3.664647871289196,1.5216292576175,0.6452280036460502,24.239098701090988,22.750096844921444,27.30484922551561,1.3117770100373995,10808.235,4.332297364672365,0.6124248575498574,,,,,,,,,,
B0018,53,discharge,24,[2008.       7.      12.      11.      15.      36.812],3.5326627624319777,2.3587321881999297,4.191004692440202,0.24166851701811512,-1.90021436299665,-2.011349710066744,0.0036253848491611656,0.4524585670439338,30.242913021104116,22.780967262070938,36.541146197392216,3.3512442282208244,3312.844,,,,,1.7376647337053737,,,,,,,
B0018,54,charge,24,[2008.       7.      12.      12.      12.      13.593],4.137110549992526,3.0369083632672687,4.202046016992615,0.11968069040852668,0.6140763627068988,-3.3989753526176085,1.5212122013448677,0.6440010915937981,24.743544206187746,22.56943284702641,33.74508513415117,2.203214523122079,10806.719,4.21647192224622,0.6092670986321094,,,,,,,,,,
B0018,55,discharge,24,[2008.       7.      12.      15.      13.      28.609],3.5333109441755526,2.4458096660548825,4.1906972904216495,0.2353392099181246,-1.8936767267608487,-2.0122749284189503,0.0031433432763886223,0.46616024714206783,30.10270376338569,22.578707611599036,36.372087786130464,3.377498800277712,3302.031,,,,,1.7315166735475835,,,,,,,
B0018,56,charge,24,[2008.      7.     12.     16.      9.     54.75],4.131459570839378,3.0617732562417372,4.202601924739715,0.12200532294727483,0.67286823826031,-3.4341819517579415,1.5216283918351525,0.6474082156774297,24.96960156651026,22.71564213139357,33.43044436107721,2.1168907837899016,9702.0,4.034577390599676,0.6679570502431118,,,,,,,,,,
B0018,57,discharge,24,[2008.       7.      12.      18.      52.      45.109],3.52738705832889,2.3808537751929744,4.185877977731026,0.23900387966523803,-1.8739718829459886,-2.012448687975656,0.002668820853540544,0.5016651228882696,30.251184852221932,22.714077867822585,36.52608510498833,3.396238619784166,3305.547,,,,,1.7085949894470602,,,,,,,
B0018,58,charge,24,[2008.       7.      12.      19.      49.      15.046],4.1385090792143435,3.0752576679585832,4.201832985640351,0.11626847938644899,0.6055280174297528,-3.456076236102611,1.5236335660922196,0.6433826076969079,24.775220976126924,22.656467939486785,33.17568639783767,2.113668299539584,10806.313,3.976462615101289,0.6009830570902395,,,,,,,,,,
B0018,59,discharge,24,[2008.       7.      12.      22.      50.      29.984],3.5296025965720452,2.436955746154759,4.188109147549676,0.23587487275103497,-1.8791764961687347,-2.012334644346066,0.0029159205825874746,0.4927171230526787,30.212407704391104,22.65890518865621,36.476252762052624,3.4037650864430775,3289.562,,,,,1.711469957068211,,,,,,,
B0018,60,charge,24,[2008.       7.      12.      23.      46.      44.031],4.139720048721875,3.0864152941941394,4.2021779631347185,0.11542969574731575,0.6057851132004338,-3.466023434782026,1.5210036638123925,0.6408587218049056,24.743273709867076,22.60067571668588,33.257530217998394,2.140877214462394,10767.172000000006,4.202105794392524,0.6011633644859813,,,,,,,,,,
B0018,61,impedance,24,[2.0080e+03 7.0000e+00 1.3000e+01 2.0000e+00 4.7000e+01 1.9937e+01],,,,,,,,,,,,,,,,,,,822.2090154607898,343.3425815584751,2.467528056571838,0.1962115079255081,,0.06106479153135479,0.08848482071807108
B0018,62,discharge,24,[2008.       7.      13.       3.      19.       5.703],3.5289707694229833,2.4671365731790713,4.188302415854336,0.23400423826258288,-1.8780560689384003,-2.0122688936966697,0.0037528750707342844,0.4939304971807474,30.125011009636175,22.508167425430855,36.377208902376694,3.4207160165279014,3283.797,,,,,1.7075021373272627,,,,,,,
B0018,63,impedance,24,[2008.       7.      13.       4.      15.      14.203],,,,,,,,,,,,,,,,,,,818.5166608110202,346.569943348391,2.434560275657397,0.19199461894372613,,0.0595969662678692,0.08684055890192541
B0018,64,charge,24,[2008.       7.      14.      10.       7.       5.203],4.15094447494119,3.283270022030334,4.202782981789953,0.09154363760860271,0.5960047077443698,-3.8027164219694853,1.5204674693781157,0.6370429876318142,23.451833761379476,21.95992135471302,26.463639728406417,1.1773099182472746,10806.14,4.172845372460497,0.5919548532731378,,,,,,,,,,
B0018,65,discharge,24,[2008.     7.    14.    13.     8.    20.5],3.5322741848919814,2.4129371999368505,4.18962510592865,0.23858471665050535,-1.8993718818269214,-2.0125131739991478,0.0019453368756264665,0.45598750208160416,30.22428629982563,22.614491386507936,36.64000948247426,3.4339337984234866,3325.235,,,,,1.7492382064360228,,,,,,,
B0018,66,charge,24,[2008.       7.      14.      14.       5.      10.625],4.135460690208974,3.0446180357697537,4.202686300075377,0.12123649965382281,0.6244897767184845,-3.3922249588412887,1.52132242397212,0.6450328915543476,25.23866382689419,23.382807950105715,33.774954623752556,1.9806591916568659,10645.781,4.194735805330243,0.6204121282348396,,,,,,,,,,
B0018,67,discharge,24,[2008.       7.      14.      17.       3.      45.625],3.532438322521663,2.3497771039810256,4.190150750158746,0.2435419818393612,-1.8926958551018211,-2.0129844574191207,0.0029083838216241334,0.4697948293651852,30.976376254737342,23.427272668893146,37.38165499248184,3.4306235725098313,3317.547,,,,,1.7327697147429955,,,,,,,
B0018,68,charge,24,[2008.       7.      14.      18.       0.      28.328],4.135270884841989,3.0530800860238743,4.202559878916513,0.12107368248803098,0.6240324648325724,-3.4068630357438208,1.5218214082130348,0.6457252751283743,25.942576564414136,23.954968192404873,34.42643355981792,2.030404356436679,10554.906,4.098248031496063,0.6198551181102362,,,,,,,,,,
B0018,69,discharge,24,[2008.       7.      14.      20.      57.      32.609],3.5363211310943603,2.4904700018477026,4.189151018945234,0.2339338166813496,-1.8783667048362822,-2.013596799411644,0.0037961984514900287,0.4950470415463233,31.41570291330098,23.95851287847354,37.59824760372582,3.366151084565415,3311.766,,,,,1.7222313328292376,,,,,,,
B0018,70,charge,24,[2008.       7.      14.      21.      54.       9.625],4.1367202778051375,3.0878376675098855,4.202406016545651,0.11852711461102644,0.6222241718546027,-3.4585205777910204,1.520963835007389,0.6440352499327283,26.097017175204584,23.958093785139358,34.35860472854562,2.0802265235618105,10479.375,4.146434173669468,0.6179047619047618,,,,,,,,,,
B0018,71,discharge,24,[2008.       7.      15.       0.      49.      58.484],3.533535274219931,2.4650908929255406,4.189631312089484,0.2359904036028267,-1.870834339681941,-2.0157162812456435,0.0037891536387384367,0.507764643561668,31.383299841535273,23.961434154126863,37.560555155163414,3.356965113910435,3305.218,,,,,1.711846298984729,,,,,,,
B0018,72,charge,24,[2.0080e+03 7.0000e+00 1.5000e+01 1.0000e+00 4.6000e+01 2.9156e+01],4.138109112061955,3.099810529931678,4.202669833243475,0.11687870759669874,0.6167109652931221,-3.476664400513548,1.5210538195928498,0.6424094517977339,25.923942041376847,23.760905233797914,34.2024080930246,2.1077154583136184,10522.063,4.171260694108152,0.6122582728006457,,,,,,,,,,
B0018,73,impedance,24,[2.008e+03 7.000e+00 1.500e+01 4.000e+00 4.300e+01 9.680e-01],,,,,,,,,,,,,,,,,,,820.1946481720379,344.7462571608755,2.451253173437403,0.1941354926489948,,0.06287106178477314,0.08500615970912836
B0018,74,discharge,24,[2008.      7.     15.      5.     14.     47.25],3.527012841842043,2.363133281953362,4.187690359657657,0.242952334807339,-1.8696567234639716,-2.0125462740568847,0.0035498928055129487,0.5096182399964857,31.167937826253635,23.619671716582488,37.52114200586718,3.422259431092308,3295.453,,,,,1.699267835126687,,,,,,,
B0018,75,impedance,24,[2008.       7.      15.       6.      11.       8.359],,,,,,,,,,,,,,,,,,,818.0958005836983,346.86694185489415,2.4310788605217004,0.19154117624042943,,0.06095075041521759,0.08544326049182116
B0018,76,charge,24,[2008.       7.      15.       6.      42.      54.687],4.146301095640153,3.2469993826522137,4.20232082917396,0.10043573409333316,0.6009922805391034,-3.7107399641053087,1.5222083950267566,0.6392989459094438,24.89634801754428,23.46281705512929,27.962964696959556,1.3033932569335118,10764.344,4.252647482014388,0.5965379696243005,,,,,,,,,,
B0018,77,discharge,24,[2008.       7.      15.       9.      43.      28.937],3.52925730014011,2.4790616361836206,4.190215357888677,0.23562596170592504,-1.8623726014599724,-2.012800439982786,0.0016492704051233778,0.5218817031204004,30.994690437264207,23.47871848419422,37.21887096740918,3.4044019218347645,3287.0,,,,,1.6940366439243106,,,,,,,
B0018,78,charge,24,[2008.      7.     15.     10.     39.     41.75],4.1402542614329185,3.117448888611463,4.2022760738659315,0.11416528010554791,0.6083087044217377,-3.504758304498899,1.5213852052464167,0.6392425810606158,25.529668879010824,23.46436853236798,33.690112246938114,2.08072570800279,10556.078,4.209304401480873,0.6040518305224187,,,,,,,,,,
B0018,79,discharge,24,[2008.      7.     15.     13.     36.     47.89],3.527821497534469,2.491905723274248,4.189776104976122,0.2348918872075118,-1.8547843408980225,-2.0132684044986244,0.002190147303883702,0.5343935057246717,31.055317978554886,23.470322857025764,37.33441415744885,3.444324786448923,3276.922,,,,,1.6819027078768087,,,,,,,
B0018,80,charge,24,[2008.       7.      15.      14.      32.      50.812],4.1416722429572115,3.1311077416456694,4.202265282124915,0.1125067964848397,0.6022255634099823,-3.5111521906195162,1.523732564061691,0.6369008050279842,25.707749149739985,23.728718233928667,33.65112802729902,2.0178421911437368,10546.687,4.214599503516756,0.5982081092263136,,,,,,,,,,
B0018,81,discharge,24,[2008.       7.      15.      17.      29.      47.765],3.525692957415014,2.4337177596826547,4.189846430994002,0.23964142570667826,-1.8538766950740675,-2.013231862286827,0.002422460444844895,0.5360454651325246,31.373945543706103,23.769516048374253,37.7331798444306,3.481141363540428,3268.687,,,,,1.6769770618433686,,,,,,,
B0018,82,charge,24,[2008.       7.      15.      18.      25.      42.703],4.140980605428134,3.1282011949858446,4.20202711310134,0.11267666416615729,0.603465852640349,-3.5085205704036566,1.5219232168189651,0.6381283861390706,26.05899080017432,24.007121822094444,34.065730915484814,2.062638698441811,10477.203,4.033342881213142,0.5993479359730413,,,,,,,,,,
B0018,83,discharge,24,[2008.      7.     15.     21.     21.     30.39],3.5243962482347273,2.4424506461535755,4.188109551881256,0.23906730756801445,-1.845735037450336,-2.0132145295965795,0.002215230640040344,0.5481632922577944,31.56128410753226,24.001463155521233,37.84649344841882,3.4519301147829986,3260.594,,,,,1.6655229306478936,,,,,,,
B0018,84,charge,24,[2008.       7.      15.      22.      17.      17.343],4.141769513617304,3.137168133817904,4.202272193519664,0.1117362161492896,0.600247255715347,-3.529018731618291,1.5204106799092305,0.637159939197456,26.018613481994876,23.828639907329546,34.043826750742646,2.1289774144454334,10498.592999999993,4.011705633206268,0.5959495976281237,,,,,,,,,,
B0018,85,impedance,24,[2.0080e+03 7.0000e+00 1.6000e+01 1.0000e+00 1.3000e+01 2.6609e+01],,,,,,,,,,,,,,,,,,,820.6805341501446,344.5457075293053,2.4532762623943296,0.19444599069402776,,0.06279037977354894,0.08611082715769634
B0018,86,discharge,24,[2.008e+03 7.000e+00 1.600e+01 1.000e+00 4.500e+01 1.339e+01],3.520797576383474,2.4383419399858552,4.186368648390758,0.23898022240623704,-1.8382538558498933,-2.0141222933728917,0.003993572160097532,0.5592550058413754,31.318474723902874,23.697189900442215,37.670164941661795,3.479671046869549,3258.812,,,,,1.6571924575832084,,,,,,,
B0018,87,impedance,24,[2.0080e+03 7.0000e+00 1.6000e+01 2.0000e+00 4.0000e+01 5.8796e+01],,,,,,,,,,,,,,,,,,,818.3217485145345,346.7545987454343,2.4335612761188554,0.19183582128764068,,0.062054327669918884,0.0841039159798283
B0018,88,charge,24,[2008.       7.      16.       3.      12.      45.734],4.1507218579886604,3.2864399855365596,4.202977554282689,0.0952723238678982,0.5851051385158778,-3.768692327538457,1.521643348316844,0.6316467054347384,24.92442022306288,23.458654955901867,28.007672950138677,1.3319544520758564,10717.0,4.333488421052632,0.5807578947368421,,,,,,,,,,
B0018,89,discharge,24,[2008.      7.     16.      6.     12.     34.39],3.519457281260753,2.4157245398944123,4.1901657245031085,0.2424910982322856,-1.8435676915974055,-2.0127023314619743,0.00307811413825585,0.5514391809129776,31.104012325043946,23.490432582557037,37.53185198546868,3.502286924662153,3243.422,,,,,1.6482241555294048,,,,,,,
B0018,90,charge,24,[2008.       7.      16.       7.       8.       4.625],4.144684414441371,3.1465855130636466,4.2026405731594165,0.10951756349219252,0.5899510777575968,-3.546790523849352,1.5207744658196736,0.631785178658545,25.472278015626834,23.292207597442506,33.6468535523426,2.1652219383710487,10584.766,4.2668067986230644,0.5855563683304646,,,,,,,,,,
B0018,91,discharge,24,[2008.       7.      16.      10.       5.      40.718],3.513165600287965,2.323395712524894,4.189966178473989,0.2501534875196626,-1.83704467002657,-2.0131406541163614,0.0023451184424322356,0.5613521431263848,30.989730398009076,23.31675245518661,37.593333753421376,3.552531731625153,3236.515,,,,,1.6387701497987262,,,,,,,
B0018,92,charge,24,[2.008e+03 7.000e+00 1.600e+01 1.100e+01 1.000e+00 5.390e+00],4.144836557616457,3.1473587405483796,4.202742856853121,0.1088938269173781,0.5880723395541689,-3.5445606912027214,1.5229772064029052,0.6316793051052804,25.361434715128922,23.24882790500533,33.54043034547115,2.162495700965528,10525.641,4.0953959877889226,0.583844308765809,,,,,,,,,,
B0018,93,discharge,24,[2008.       7.      16.      13.      57.      42.468],3.517217159454334,2.4985039496028567,4.188259618341401,0.2360542563715132,-1.8211904293154166,-2.0140330003394356,0.004150949798063808,0.5844065284351198,30.967851972472324,23.252438684811104,37.361410110678264,3.53816546965165,3230.734,,,,,1.6276486907262062,,,,,,,
B0018,94,charge,24,[2.008e+03 7.000e+00 1.600e+01 1.400e+01 5.300e+01 3.750e-01],4.1469277343393625,3.177936797919733,4.2021695480544015,0.10598361013155652,0.5794636821610917,-3.579600367893411,1.521176510959079,0.6290134327591679,25.44207618553034,23.46785197882658,33.06778657550314,2.054395741482202,10644.125,4.2020498034076015,0.5755469637396242,,,,,,,,,,
B0018,95,discharge,24,[2008.       7.      16.      17.      51.      36.078],3.5120091114107965,2.350237238739749,4.1897400575765795,0.24801564173667426,-1.8270453339799269,-2.012673084048405,0.003092327602219437,0.5765078413987346,31.285342046153826,23.493229087742925,37.899803246715464,3.613158829408131,3222.093,,,,,1.62215370227252,,,,,,,
B0018,96,charge,24,[2008.       7.      16.      18.      46.      45.562],4.145795316611404,3.1642683536317118,4.203074123957366,0.10732124542929054,0.5855175304570962,-3.558369550896654,1.521466963532307,0.6299968833800448,25.831018575864743,23.752571668438627,33.705774688469276,2.109600285163356,10452.516,4.0542839285714285,0.5815263392857144,,,,,,,,,,
B0018,97,impedance,24,[2008.       7.      16.      21.      42.       9.968],,,,,,,,,,,,,,,,,,,820.73683547329,344.2375589684826,2.4564136673811205,0.1948061588611727,,0.06126874046942329,0.08711286500552247
B0018,98,discharge,24,[2008.       7.      16.      22.      13.      57.593],3.50911052654104,2.3337740352348813,4.1862359225351335,0.24872755259651547,-1.819052179250902,-2.012635202899368,0.006196969805765551,0.5872722027551459,31.41096207271253,23.64731684697707,38.03149707759718,3.593965009145032,3220.344,,,,,1.6140066510467586,,,,,,,
B0018,99,impedance,24,[2008.       7.      16.      23.       9.       6.296],,,,,,,,,,,,,,,,,,,818.869370900292,346.2927582173357,2.4392182597171206,0.19249066652991584,,0.0627057717757101,0.08381129726407618
B0018,100,charge,24,[2008.       7.      18.      14.      26.      49.046],4.156904682985364,3.3259276713449832,4.202093467622683,0.0854433587747823,0.5623068833422346,-3.8503963651032453,1.5199814876276574,0.6240891705966743,23.918488508769663,22.42583611407153,26.955933357562675,1.196705477645593,10810.453,4.150371951219513,0.5584716898954704,,,,,,,,,,
B0018,101,discharge,24,[2008.       7.      18.      17.      28.      12.125],3.516106699716392,2.317647291087635,4.189625262426538,0.2523387804840423,-1.8693745969498121,-2.01318368468478,0.002701103444968023,0.51064241745496,30.755137125871208,23.01653902765608,37.42220155418978,3.585252505516807,3250.75,,,,,1.6760516154424623,,,,,,,
B0018,102,charge,24,[2008.       7.      18.      18.      23.      50.796],4.140226819419846,3.084356175292055,4.202657839852154,0.11559930720620436,0.6030263821931678,-3.4494205303039718,1.5217576801284174,0.6365151281545964,25.50617247150571,23.37838519072832,34.02194588179759,2.1436613050334272,10481.562,3.944697558770344,0.5986568716094033,,,,,,,,,,
B0018,103,discharge,24,[2008.       7.      18.      21.      19.      44.421],3.519010068254593,2.492394514304757,4.186586244011676,0.23801950601597288,-1.839770443871628,-2.0121931540017886,0.0036285932240811758,0.5568545144084124,30.977446633931525,23.382703180887166,37.32511174435206,3.483997639834989,3239.344,,,,,1.649300642552199,,,,,,,
B0018,104,charge,24,[2008.       7.      18.      22.      15.      11.625],4.143482681464776,3.139417089797943,4.202129035892022,0.11100747225104172,0.5993907722848522,-3.5432384844038793,1.5212369666727195,0.632263048062833,25.35253952946816,23.14589600809117,33.35597362804456,2.1547504045344756,10423.218999999997,4.256422212023864,0.5948742542450666,,,,,,,,,,
B0018,105,discharge,24,[2.008e+03 7.000e+00 1.900e+01 1.000e+00 1.000e+01 7.046e+00],3.5124212742229295,2.372828310153791,4.189366482043888,0.24764027911477246,-1.837963396328485,-2.012774153678253,0.007641409109865343,0.5595593689454879,30.800512192698992,23.141477779700992,37.31088262198154,3.5387349615325,3222.25,,,,,1.63238299185809,,,,,,,
B0018,106,charge,24,[2.008e+03 7.000e+00 1.900e+01 2.000e+00 5.000e+00 1.739e+01],4.145264748790388,3.141019742020337,4.202616376614602,0.1091426246307943,0.5883272217598505,-3.5522376465849317,1.522755692243538,0.6295400828796522,25.10028019162854,22.879000082083948,33.32080982918044,2.2067211586090045,10475.094,4.153841693511276,0.5839369535204786,,,,,,,,,,
B0018,107,discharge,24,[2.008e+03 7.000e+00 1.900e+01 5.000e+00 1.000e+00 4.953e+00],3.50815215295169,2.3560703177076867,4.188553804618968,0.24868814670433595,-1.8296109578903785,-2.012946778665685,0.007676009080476515,0.5718849545545559,30.616192795676138,22.876954081867613,37.232346556887364,3.5940179207817446,3206.157,,,,,1.6164159719025777,,,,,,,
B0018,108,charge,24,[2008.       7.      19.       5.      55.      59.421],4.147656115968421,3.1522813600839314,4.202894234508199,0.1069080180767976,0.5782634066358338,-3.5649861119634103,1.522215762681402,0.6249733336729002,24.870900772580274,22.668932084410475,33.04861913599422,2.2095289674469933,10589.359,4.354810835629017,0.5739040404040403,,,,,,,,,,
B0018,109,impedance,24,[2008.       7.      19.       8.      53.      42.015],,,,,,,,,,,,,,,,,,,821.9501863941929,342.85337310339236,2.4725470565677825,0.19670404476907918,,0.060230110173563736,0.0877848925885978
B0018,110,discharge,24,[2008.       7.      19.       9.      25.      29.875],3.508648568515266,2.4644431530094417,4.188764708195774,0.24124748892293107,-1.8210831511954937,-2.0135827897679706,0.0028721856858407295,0.5838696197039824,30.399839302766903,22.56634750757244,36.94850857727268,3.6128336064459083,3197.969,,,,,1.6109028378249377,,,,,,,
B0018,111,impedance,24,[2008.       7.      19.      10.      20.      17.109],,,,,,,,,,,,,,,,,,,818.6662641100035,346.0624929187211,2.4411652018208936,0.19273719118180396,,0.061801794410442104,0.08516278937578788
B0018,112,charge,24,[2008.      7.     19.     10.     52.      5.14],4.156208672803882,3.309558367087685,4.202748231427938,0.0892791973980084,0.5608170999385268,-3.7994548262761327,1.5211872286178671,0.6207652691396444,23.95456335101015,22.532092723452386,27.096149354299882,1.3601156662643552,10781.75,4.153847766636281,0.5566522333637192,,,,,,,,,,
B0018,113,discharge,24,[2.008e+03 7.000e+00 1.900e+01 1.300e+01 5.300e+01 7.500e-01],3.5051993439595477,2.4195167274486726,4.188636968174337,0.2454833870794045,-1.8199201144788144,-2.013020303951627,0.0029491869283430608,0.585778278664795,30.38386825126278,22.549823121887282,37.002663545357386,3.638873017099413,3181.625,,,,,1.5954638693695657,,,,,,,
B0018,114,charge,24,[2008.       7.      19.      14.      47.      30.984],,,,,,,,,,,,,4791.375,4.631296072507553,1.1186263846928501,,,,,,,,,,
B0018,115,charge,24,[2008.       7.      29.      17.      16.      52.453],4.196601830204791,3.7134307419735997,4.239428421397782,0.0162459866921684,0.12729762983461634,-4.4309543625722085,1.5175297061795243,0.22637817211996789,23.04165740184246,22.96872267697621,23.191779614571548,0.05681481979110874,4582.969,3.5523687804878055,0.12532000000000001,,,,,,,,,,
B0018,116,discharge,24,[2008.       7.      29.      18.      34.      27.281],3.523165280193865,2.3422406504312434,4.188466199744378,0.2527663680637224,-1.8951156248467713,-2.023314533825632,0.0073633480208382,0.46384469380226484,30.576239500422748,23.125008977470344,36.71025442949399,3.311198636334725,3302.36,,,,,1.726707440085764,,,,,,,
B0018,117,charge,24,[2008.       7.      29.      19.      30.      58.062],4.127903510848874,2.9112028773941705,4.2029195082692,0.13549540501129026,0.6444117113334005,-3.202262860695824,1.5213207204756583,0.6502859998199813,25.5157207896412,23.407393808843313,33.757969974021854,2.0668502423160144,10184.938,4.112452854671281,0.6395,,,,,,,,,,
B0018,118,discharge,24,[2008.     7.    29.    22.    21.    53.5],3.527269876472835,2.3755467142668496,4.189570916346704,0.24691761491563502,-1.8867694858233446,-2.012680983917414,0.0032934948283157364,0.4783212150453822,30.705906284556665,23.408964388688208,36.72807623650589,3.2649850728849206,3285.812,,,,,1.7165673917429753,,,,,,,
B0018,119,charge,24,[2008.      7.     29.     23.     18.      7.89],4.131161782328852,2.9743184260591353,4.203139846413382,0.12971702286306883,0.6355568050435054,-3.3006506392494632,1.5227642525989409,0.6470555956722019,25.40320261606661,23.274358602471064,33.625519091278925,2.101418293633164,10230.265,4.187643883326078,0.6306434479756203,,,,,,,,,,
B0018,120,discharge,24,[2.0080e+03 7.0000e+00 3.0000e+01 2.0000e+00 9.0000e+00 4.8828e+01],3.526762654741574,2.4146291375325917,4.189584987657955,0.24197228881643837,-1.8786631828974334,-2.0115911942512583,0.004286680782742665,0.49324032814050023,30.62583594950684,23.270929426489833,36.72959308355185,3.3054118485896375,3260.016,,,,,1.6958235570934848,,,,,,,
B0018,121,charge,24,[2008.       7.      30.       3.       5.      37.578],4.134628310174825,3.0289195177136716,4.203749475441674,0.1241799718973733,0.6263536234604185,-3.38063453683454,1.5227201475862766,0.6440754250504281,25.318880573273052,23.189462106522175,33.505246143795205,2.1057536037576896,10213.875,4.124857834507042,0.621488116197183,,,,,,,,,,
B0018,122,discharge,24,[2008.       7.      30.       5.      57.       2.328],3.523020179476104,2.3844645496129964,4.189371286385834,0.24328040938365159,-1.8704748023295987,-2.01260531537844,0.004183898934495341,0.5073349121605789,30.597357068657974,23.203934391629982,36.787462351640364,3.350287383237389,3240.031,,,,,1.6777783190792557,,,,,,,
B0018,123,charge,24,[2008.       7.      30.       6.      52.      31.234],4.137341499467205,3.059349843868466,4.202830115761399,0.11981492013720328,0.6120164540212287,-3.4215870166257587,1.520581551174286,0.6413332086725538,25.191562555105925,23.160775379077716,33.452138115876444,2.0963547063842043,10311.718,4.013346795434591,0.6074688323090429,,,,,,,,,,
B0018,124,discharge,24,[2008.       7.      30.       9.      52.      21.281],3.519792345798265,2.398646371281655,4.187606340824144,0.24184899896763243,-1.8562833971202242,-2.0134407767806635,0.0023580257907636596,0.5317240593773815,30.528493896066262,23.12071549691479,36.75689163314213,3.3691133878538584,3232.265,,,,,1.6606586897774192,,,,,,,
B0018,125,impedance,24,[2008.       7.      30.      10.      47.      40.421],,,,,,,,,,,,,,,,,,,819.428556194709,345.1654609878655,2.4506734956607885,0.19383620671225021,,0.06335998574164574,0.08600824718099127
B0018,126,charge,24,[2008.       7.      30.      16.      34.      24.156],4.14775250632472,3.2533149080208177,4.202965990964641,0.09790829266049125,0.6044109662391517,-3.7322743713518856,1.5221281494984158,0.6363451571327703,24.747111933662097,23.228926324023135,28.185142005058786,1.2820115206890983,10348.609,4.115303904170364,0.5999649511978704,,,,,,,,,,
B0018,127,discharge,24,[2008.       7.      30.      19.      28.       7.671],3.5251014582287223,2.4557130111721626,4.188829347125095,0.23939833635840463,-1.8625354754370638,-2.0130995106645164,0.0026733379256400546,0.5212662196305107,31.203754246103966,23.773481587876258,37.350157630970955,3.3761499104047052,3232.031,,,,,1.6664109274827466,,,,,,,
B0018,128,charge,24,[2008.       7.      30.      20.      23.      41.734],4.138484496797234,3.085873016759977,4.202854561659717,0.11779646247492546,0.6096448980979184,-3.458234902434346,1.5237986455117545,0.6397851469067268,25.88385482750118,23.74721036797923,33.918176877050485,2.121275822599188,10321.062,4.102466606902735,0.6049610040340655,,,,,,,,,,
B0018,129,discharge,24,[2008.       7.      30.      23.      16.      54.218],3.518519199837846,2.323665882820083,4.189202115880737,0.24895502990812382,-1.8606833274060013,-2.0125662318740924,0.003914352341410376,0.52395009380152,31.172639449335037,23.734039908264887,37.48126030855565,3.3931075584998456,3209.5149999999994,,,,,1.6468336174407805,,,,,,,
B0018,130,charge,24,[2008.       7.      31.       0.      11.      53.156],4.133097611804833,3.0855478178334477,4.20257603975531,0.12134388328712255,0.6729414499123287,-3.470591673949992,1.5223092381200034,0.6403986496526806,25.930672938405944,23.567708710518104,34.02461783742734,2.191169700661644,9193.328,4.157550658561298,0.6678652482269505,,,,,,,,,,
B0018,131,discharge,24,[2.0080e+03 7.0000e+00 3.1000e+01 2.0000e+00 4.6000e+01 1.8031e+01],3.5190801794284594,2.488054079510012,4.186778882107656,0.2364897838479307,-1.8383636766891702,-2.026718552407948,0.010979300984551101,0.5585249663671572,30.96825922704022,23.549534792728995,37.125443897626305,3.372510067494465,3196.125,,,,,1.6257639928779952,,,,,,,
B0018,132,charge,24,[2008.       7.      31.       3.      41.       3.687],4.136354941018954,3.127784747719783,4.20220407911023,0.11712528688350757,0.6660609366025043,-3.519920481261985,1.5344989186510136,0.6369256454064876,25.664791638383633,23.31978207284979,33.243843128574326,2.1343181640592723,9182.5,4.234755997958143,0.6609504849412966,,,,,,,,,,
B0018,133,discharge,24,[2008.       7.      31.       6.      15.      17.843],3.5114167272902406,2.3306937114568003,4.187888599491238,0.248742640175246,-1.8436958588115397,-2.013261835361458,0.014305956605835403,0.5507329669971996,30.821704306343133,23.30725669183149,37.19112571388883,3.461125225709339,3172.562,,,,,1.6121577411874595,,,,,,,
B0018,134,charge,24,[2008.       7.      31.       7.       9.      40.171],4.144066243443556,3.117243929319058,4.202711819371193,0.11157386479615435,0.5904825612357988,-3.505595601485566,1.523434404005164,0.6307800593028132,25.283565840567434,23.143983714984675,33.44305057974552,2.194894692199322,10354.437,4.269717995444191,0.5859599088838269,,,,,,,,,,
B0018,135,discharge,24,[2008.       7.      31.      10.      10.      14.359],3.5108038681605738,2.389399831578687,4.18915752014188,0.2451594140795012,-1.8362729789790888,-2.0186878439171223,0.0025621455991493543,0.5621879622030944,30.765219721637393,23.143976887539054,37.17642722353301,3.5039644474399885,3172.735,,,,,1.6057366823755344,,,,,,,
B0018,136,impedance,24,[2008.       7.      31.      11.       4.      34.796],,,,,,,,,,,,,,,,,,,818.9776101484864,345.47263516479353,2.4462227592738413,0.1933535960568021,,0.06254971088581063,0.0843178209735426
B0018,137,charge,24,[2008.       7.      31.      15.      20.      13.937],4.155803748039213,3.310232625593158,4.202694699335275,0.08844724990876314,0.5656941937735376,-3.813224064272225,1.5300308504614502,0.6216887365321484,24.284812232615863,22.904103648960977,27.72567274997729,1.3076287595076308,10520.016,4.228757687012391,0.5614396512161541,,,,,,,,,,
B0018,138,impedance,24,[2.0080e+03 7.0000e+00 3.1000e+01 2.3000e+01 2.0000e+00 5.4953e+01],,,,,,,,,,,,,,,,,,,818.5364117200734,345.6409768828959,2.441136122613761,0.192805853817146,,0.06088396756004627,0.08522512012699898
B0018,139,charge,24,[2.0080e+03 8.0000e+00 1.0000e+00 1.7000e+01 1.4000e+01 2.5234e+01],4.196366754233368,3.780765305111553,4.2995855570950186,0.024737267736227333,0.04014838456076453,-4.50882765791034,1.4988251400712354,0.2789572454170407,23.048627666451832,22.899465659038373,23.11320544763696,0.033998169613674155,1855.656,3.2317217847769037,0.038921259842519686,,,,,,,,,,
B0018,140,discharge,24,[2.0080e+03 8.0000e+00 1.0000e+00 1.7000e+01 4.6000e+01 3.3109e+01],3.51432611790755,2.4864200723178747,4.191289655270872,0.2423708210517989,-1.864690278795044,-2.012371641203182,0.004131966284108246,0.5180525818431642,30.809988428281613,23.07707229087829,37.11936678632194,3.5173638369613456,3238.109,,,,,1.673645314879889,,,,,,,
B0018,141,charge,24,[2.0080e+03 8.0000e+00 1.0000e+00 1.8000e+01 4.1000e+01 5.9718e+01],4.138413596843693,3.0620726700657723,4.20266470401767,0.12016242341936305,0.6164231864109233,-3.4204960917439764,1.5221209144325523,0.6377895453117421,25.6746395923991,23.526722488943047,33.74743127597816,2.121818152981265,10140.906,4.311395704057279,0.6119360381861576,,,,,,,,,,
B0018,142,discharge,24,[2.0080e+03 8.0000e+00 1.0000e+00 2.1000e+01 3.2000e+01 1.2937e+01],3.5196664048265607,2.4673631110639858,4.190628233635541,0.24183473310310893,-1.8572649157581866,-2.013097827670719,0.002969131609571257,0.5299496773990815,31.039033590700278,23.56722203053731,37.2702464066457,3.4166236340276392,3191.063,,,,,1.6404348572349936,,,,,,,
B0018,143,charge,24,[2.0080e+03 8.0000e+00 1.0000e+00 2.2000e+01 2.6000e+01 5.2171e+01],4.1407877792139,3.095946797426005,4.203043725427581,0.1155564312445453,0.6057960066492613,-3.4802354646382616,1.5203342149135015,0.6349353373631355,25.705201487299274,23.49935763970337,33.764652265151554,2.1892774236132877,10145.0,4.230712295869357,0.601377521613833,,,,,,,,,,
B0018,144,discharge,24,[2.008e+03 8.000e+00 2.000e+00 1.000e+00 1.700e+01 9.625e+00],3.512403849382274,2.375173080957567,4.189158279329032,0.24831044327729748,-1.8483454421357695,-2.0125787987088013,0.00394248906687806,0.5439678410748331,31.04176453157222,23.533363397677242,37.39550861947664,3.4608039477331194,3165.828,,,,,1.6132653317422077,,,,,,,
B0018,145,charge,24,[2.0080e+03 8.0000e+00 2.0000e+00 2.0000e+00 1.1000e+01 2.3781e+01],4.1428149765501745,3.1087396872870987,4.202958302431799,0.11234215942274918,0.5886740473542396,-3.497315833213884,1.5218321390906,0.6333510577558202,25.584315806002166,23.386588929872484,33.75519710318919,2.2282004891858995,10279.453,3.780731870229008,0.5843349236641222,,,,,,,,,,
B0018,146,discharge,24,[2.0080e+03 8.0000e+00 2.0000e+00 5.0000e+00 3.0000e+00 5.5921e+01],3.5077862234460104,2.371626022111289,4.185868202467219,0.24798510872806295,-1.839168422289249,-2.015019692764474,0.0034682912763662715,0.5579580602841322,30.959784195511766,23.381334724831305,37.378956702246384,3.5047181709345994,3140.407,,,,,1.5920964324686278,,,,,,,
B0018,147,charge,24,[2.008e+03 8.000e+00 2.000e+00 5.000e+00 5.700e+01 4.489e+01],4.145244704941419,3.1241605690632133,4.202875007553949,0.11006683875968726,0.5827049611918969,-3.518287317913336,1.5224028363024653,0.6288603915963212,25.501256299429965,23.29307731251802,33.5686793913933,2.2132543180751756,10325.594,4.169879616306955,0.5782446043165468,,,,,,,,,,
B0018,148,impedance,24,[2.008e+03 8.000e+00 2.000e+00 8.000e+00 5.500e+01 3.281e+00],,,,,,,,,,,,,,,,,,,820.1469415840428,344.0612223832824,2.4572384548108204,0.19483783338939661,,0.062318942746054214,0.0859882467642574
B0018,149,discharge,24,[2.0080e+03 8.0000e+00 2.0000e+00 9.0000e+00 2.6000e+01 5.1375e+01],3.5076596102713244,2.463955873060647,4.186906972044146,0.24176513200558977,-1.8303326102702338,-2.020734675534358,0.004803683972892686,0.5706945055301016,30.843513277103145,23.16774870033671,37.245718322158105,3.536345990527338,3131.922,,,,,1.5866011820698824,,,,,,,
B0018,150,impedance,24,[2.0080e+03 8.0000e+00 2.0000e+00 1.0000e+01 2.4000e+01 3.1984e+01],,,,,,,,,,,,,,,,,,,818.2875170905894,345.9339481593268,2.4428203527744397,0.192862543849552,,0.0619094323498869,0.08488075014924702
B0018,151,charge,24,[2.0080e+03 8.0000e+00 2.0000e+00 1.0000e+01 5.6000e+01 2.0062e+01],4.155206957498753,3.302798463779262,4.202518392664299,0.09050149936168046,0.5596920100270084,-3.794915161339253,1.5281070031243014,0.6215573265307145,24.494524405493824,23.078459824514745,28.044440770982522,1.4236806469324488,10650.234,4.230412013139371,0.5553876114500235,,,,,,,,,,
B0018,152,discharge,24,[2.008e+03 8.000e+00 2.000e+00 1.300e+01 5.500e+01 3.296e+00],3.5074833565874615,2.475545296633258,4.189576283423886,0.24237941979502164,-1.829290599843924,-2.012930230685489,0.0015615748555885284,0.5724466902011421,30.797157400797865,23.120310509686572,37.21755583353321,3.5441345376258013,3121.109,,,,,1.5800766490336253,,,,,,,
B0018,153,charge,24,[2.0080e+03 8.0000e+00 2.0000e+00 1.4000e+01 4.8000e+01 3.3312e+01],4.148409925319618,3.150893801599478,4.202568175672952,0.10644818155947547,0.5723168002196201,-3.5534488567829263,1.5210611777098464,0.6229471892091787,25.3635549759085,23.24017843390462,33.212369507074,2.196136452261621,10332.937,4.3329388646288205,0.5679480834546338,,,,,,,,,,
B0018,154,discharge,24,[2.0080e+03 8.0000e+00 2.0000e+00 1.7000e+01 4.1000e+01 5.9359e+01],3.5023865933440717,2.3791563087604626,4.189808713646982,0.25006126825340175,-1.8278449003095165,-2.0135210876274656,0.0030432402930327023,0.5742593028566971,30.984434580754094,23.27342231930282,37.56150979821064,3.597021783529328,3105.265,,,,,1.5641732953289167,,,,,,,
B0018,155,charge,24,[2.0080e+03 8.0000e+00 2.0000e+00 1.8000e+01 3.5000e+01 1.3718e+01],4.148873404037818,3.1470765780569647,4.202624450973894,0.10581287843101936,0.5660940989726251,-3.5461625998872806,1.5205850671334133,0.6222558070662576,25.4527637681023,23.282118062630712,33.50356450770822,2.2526530861784257,10377.406,4.195316480311132,0.5618026251823044,,,,,,,,,,
B0018,156,discharge,24,[2.0080e+03 8.0000e+00 2.0000e+00 2.1000e+01 2.9000e+01 2.4406e+01],3.503693493885047,2.4776158338943337,4.188889298039903,0.24293051873935917,-1.8188198987741453,-2.013049747683001,0.0038725843255058953,0.586841984204412,30.967899275139946,23.278670276560845,37.4174791317661,3.567101754621834,3091.25,,,,,1.555618272193922,,,,,,,
B0018,157,charge,24,[2.0080e+03 8.0000e+00 2.0000e+00 2.2000e+01 2.2000e+01 2.4875e+01],4.149853428623329,3.166512576633262,4.203141234641119,0.1039176941287713,0.5632148918148852,-3.577567186154941,1.5229156123490215,0.6213440719828228,25.391621024053098,23.207959690265604,33.228885984233415,2.232933823358665,10348.781000000003,4.155276302851524,0.5590004916420847,,,,,,,,,,
B0018,158,discharge,24,[2.008e+03 8.000e+00 3.000e+00 1.000e+00 1.600e+01 7.078e+00],3.4989948462048113,2.4205549690097223,4.188220838257245,0.24757542528094925,-1.817194042260449,-2.01215000710487,0.0037249670985359342,0.5888596862938004,30.976616345195186,23.22385871065304,37.55101533655474,3.612043072703485,3076.703,,,,,1.5402045278637397,,,,,,,
B0018,159,charge,24,[2.0080e+03 8.0000e+00 3.0000e+00 2.0000e+00 8.0000e+00 5.3062e+01],4.151070567445724,3.165340481652366,4.2028605868375335,0.10329333264137006,0.5568809792664469,-3.5776697673721505,1.520869575568991,0.6190098954650176,25.343311446661343,23.149985508489603,33.315055401144605,2.269442138283614,10396.875,4.121233727810651,0.552552268244576,,,,,,,,,,
B0018,160,impedance,24,[2008.       8.       3.       5.       7.      23.546],,,,,,,,,,,,,,,,,,,822.1260082297658,341.93148591558065,2.479970549357077,0.19762631370273187,,0.06328841535782422,0.08847320583286679
B0018,161,discharge,24,[2008.       8.       3.       5.      39.      11.953],3.495405576723954,2.415388497112405,4.186454063976498,0.24806656368733818,-1.8157980815469454,-2.0124985987201267,0.0037645779343444034,0.5908996546649903,30.89768961926806,23.027207477057086,37.59895044072871,3.6899668834506327,3062.328,,,,,1.5321613015959863,,,,,,,
B0018,162,impedance,24,[2008.       8.       3.       6.      35.      43.796],,,,,,,,,,,,,,,,,,,819.4200331033917,344.79779951738647,2.452739711637863,0.19413904320815054,,0.06244245641291251,0.08553075414412509
B0018,163,charge,24,[2008.      8.      3.      7.      7.     32.14],4.160273572381521,3.3225554783696905,4.2029202734968285,0.08478657143025788,0.5337817932347213,-3.8153493905848683,1.5255246577589898,0.6098029875485123,24.46304825674001,22.978438489468346,28.065079096779943,1.475320863520463,10796.922,4.3403090909090905,0.5295028708133972,,,,,,,,,,
B0018,164,discharge,24,[2008.       8.       3.      10.       8.      42.828],3.494528300232307,2.3974205597873093,4.1895672733133145,0.25131607085775737,-1.822108117298183,-2.013303363874512,0.0032327560058023484,0.5821582195156936,30.81568822237933,23.026059458250696,37.489239782169804,3.6600445083242987,3050.563,,,,,1.5316232403693415,,,,,,,
B0018,165,charge,24,[2.008e+03 8.000e+00 3.000e+00 1.100e+01 1.000e+00 3.031e+00],4.15206612121653,3.1647781328875033,4.202717145969419,0.10255448474765295,0.5576307086552809,-3.5757248902225864,1.5232140138257526,0.6151960260749405,25.113825678212983,22.835992954917465,33.345546963646505,2.329497553739188,10328.156,4.40399142713061,0.5532561775088252,,,,,,,,,,
B0018,166,discharge,24,[2008.       8.       3.      13.      54.      25.093],3.4962554827793926,2.497752653580319,4.1892977641056035,0.24403995501441178,-1.8129628028687814,-2.0127782408337165,0.0041669753720565235,0.5952783563830066,30.726188079151118,22.903021044448273,37.37911114363861,3.6681577159350525,3034.672,,,,,1.5222595950771978,,,,,,,
B0018,167,charge,24,[2008.       8.       3.      14.      46.      29.593],4.153426516739129,3.183265533659721,4.202230202462968,0.09944670271494456,0.5402509913246047,-3.6014884506300264,1.520685266921395,0.6135826894051787,25.01841375065976,22.8475089176094,33.029814104311995,2.294758669889102,10485.125,3.9944608087868207,0.5360958562156766,,,,,,,,,,
B0018,168,discharge,24,[2008.      8.      3.     17.     42.     28.75],3.48769646191346,2.3726090777895896,4.186793087812023,0.25261083356899555,-1.8044876731207795,-2.011894643612056,0.004069757272822615,0.6065337513252166,30.76818712651005,22.833484092130533,37.559604168615785,3.7358773030403323,3031.25,,,,,1.5065267126851283,,,,,,,
B0018,169,charge,24,[2008.       8.       3.      18.      34.      29.984],4.153321611662977,3.1791602068688216,4.203173880925448,0.10039149174941078,0.5525697394077176,-3.596319247083891,1.520156267862873,0.6133433593393353,25.083400556730766,22.840819700713727,33.03376732958465,2.3064758794063924,10265.563,4.24253881748072,0.5482832904884319,,,,,,,,,,
B0018,170,discharge,24,[2008.       8.       3.      21.      26.      49.765],3.486547580844067,2.36844257542991,4.188594535127793,0.25421974568816713,-1.809986175960184,-2.0125266173463885,0.0038292070941918738,0.5993292137989468,30.775415173787835,22.85810521586403,37.61805450748922,3.740419157450185,3011.343,,,,,1.5014219556532926,,,,,,,
B0018,171,charge,24,[2008.       8.       3.      22.      18.      31.312],4.1543131912199,3.1791792156011787,4.203378551338715,0.09966846299311129,0.5452717162958484,-3.5932804494349058,1.5225797071613465,0.6107031579380526,25.063963924614146,22.809108907257578,33.20818485101739,2.3325160486846546,10387.077999999994,4.2463996905621455,0.5409773078906653,,,,,,,,,,
B0018,172,impedance,24,[2.0080e+03 8.0000e+00 4.0000e+00 1.0000e+00 1.6000e+01 5.2796e+01],,,,,,,,,,,,,,,,,,,823.0073315353711,340.98313157172373,2.484793906765476,0.1984011215468778,,0.06272459952717446,0.09004616962738907
B0018,173,discharge,24,[2.008e+03 8.000e+00 4.000e+00 1.000e+00 4.800e+01 4.289e+01],3.482298183882304,2.331968556073514,4.186295492358637,0.2567453685120387,-1.8090400456598725,-2.0121939690963395,0.0033564516364867365,0.6003399044077647,30.761821976538275,22.739418289546798,37.71101994346608,3.807327476212808,3003.0,,,,,1.4963534117486457,,,,,,,
B0018,174,impedance,24,[2.0080e+03 8.0000e+00 4.0000e+00 2.0000e+00 4.4000e+01 1.6218e+01],,,,,,,,,,,,,,,,,,,820.2666039664879,343.58587633000235,2.4624828845858606,0.1954226163193179,,0.06319723456202592,0.0872013762847039
B0018,175,charge,24,[2008.       8.       4.      14.       9.       7.859],4.164986318025767,3.3326771830478013,4.204052050450068,0.07707277457999145,0.5246114897265297,-3.8578735683871583,1.5293238562855787,0.6015052866498811,24.012888073721715,22.407735598107635,27.392765467825583,1.31146457160664,10678.531,4.254507507507508,0.5207022022022022,,,,,,,,,,
B0018,176,discharge,24,[2008.       8.       4.      17.       8.      25.328],3.491819481711868,2.4057755306304176,4.187384370589753,0.2523757254841878,-1.8273691233501441,-2.0205100517708847,0.010952486582947282,0.5753946456070788,30.913721930762733,23.009880638439665,37.767989299214086,3.7586786821951486,3045.187,,,,,1.5334262000312422,,,,,,,
B0018,177,charge,24,[2008.       8.       4.      18.       0.      55.828],4.151906174644009,3.1449283444986724,4.203103651800376,0.10404560445772466,0.5564755824899987,-3.5314683561386455,1.536047031556956,0.6140522562038879,25.547225374528853,23.297032641456838,33.77922775093614,2.3002441279268377,10383.266,4.414453842186695,0.5521738009283136,,,,,,,,,,
B0018,178,discharge,24,[2008.       8.       4.      20.      55.      13.796],3.493995853241935,2.4720838848798987,4.188929264481706,0.24787661625868782,-1.8180385592622932,-2.0131819742858483,0.0022373072205481145,0.5884044857138683,31.228215653165606,23.372100245576046,37.91919394450186,3.7153442937299124,3028.469,,,,,1.523845267514426,,,,,,,
B0018,179,charge,24,[2008.       8.       4.      21.      47.      14.953],4.152033699480291,3.1655438410213557,4.203208116707701,0.10123962626594689,0.5466541416943208,-3.5763495338026696,1.521512065657254,0.6151345104020903,25.573544371551275,23.33877007342914,33.74157842610773,2.302199188687351,10374.842999999993,3.933375064935065,0.5426238961038962,,,,,,,,,,
B0018,180,discharge,24,[2008.       8.       5.       0.      41.      24.609],3.484377015629623,2.342731326096539,4.1852697593324315,0.2563184923366143,-1.8085351614741645,-2.013496073486494,0.004404973809935046,0.6017111392190142,31.261679783387308,23.432194318140894,37.99328509003338,3.6786940845474763,3012.937,,,,,1.5011920994261239,,,,,,,
B0018,181,charge,24,[2.0080e+03 8.0000e+00 5.0000e+00 1.0000e+00 3.3000e+01 1.0312e+01],4.1537393739155535,3.1676664124058926,4.20228120560863,0.10064644135405006,0.5429939783332571,-3.572443577923696,1.521677206464041,0.6111793841519274,25.48016572856392,23.246287911949555,33.60485853099364,2.302375572519964,10405.703,4.17418504966022,0.5388578149503398,,,,,,,,,,
B0018,182,discharge,24,[2008.       8.       5.       4.      27.      50.953],3.4859116793558376,2.4198650452188226,4.18799771486628,0.25178046921877606,-1.8068041184926535,-2.0122733205325782,0.001780177000886265,0.6035048613646924,31.18408593575448,23.292599343405758,37.984838024989045,3.7439712156426856,2998.875,,,,,1.492417671450291,,,,,,,
B0018,183,charge,24,[2008.       8.       5.       5.      19.      22.859],4.155095880424382,3.179891954236092,4.2029191401455,0.09927221692154158,0.5421219248320306,-3.6002842522833878,1.5233976219723375,0.6088081637388587,25.42239082688843,23.134473569509403,33.54245670906144,2.3423997244881156,10340.515,4.283126388154416,0.5380021152829191,,,,,,,,,,
B0018,184,discharge,24,[2008.      8.      5.      8.     23.     48.25],3.4842787539766786,2.438879997223475,4.187899339921793,0.2508652563260822,-1.8050190987020625,-2.013027320256293,0.003198488331731842,0.6056880584788689,31.001432353085377,23.099397757771566,37.8288851383529,3.772248758982031,2983.547,,,,,1.483323851940123,,,,,,,
B0018,185,impedance,24,[2008.       8.       5.       9.      19.       2.828],,,,,,,,,,,,,,,,,,,820.8970633758717,343.42749948279817,2.4670932830598087,0.19596161550836996,,0.06332864514547537,0.08797976668527188
B0018,186,charge,24,[2008.       8.       5.       9.      50.      52.046],4.1639946906482415,3.3291423159308855,4.202818753024203,0.0803293335537587,0.5188581046767285,-3.824584704284191,1.5214491108947004,0.5990030357911553,24.406211878601937,22.965443415578452,27.907538462518954,1.4543033053356933,10715.234,4.246838643371018,0.514811408016444,,,,,,,,,,
B0018,187,discharge,24,[2008.       8.       5.      12.      50.      42.531],3.482988652120672,2.430465824271706,4.1882916128809375,0.2527666120037829,-1.8118563821702207,-2.012954260463709,0.0033492168235809095,0.5969033315535529,30.981374033120872,23.03846743756316,37.844837975501,3.7894093030372655,2966.86,,,,,1.4807376792294196,,,,,,,
B0018,188,charge,24,[2008.       8.       5.      13.      41.      40.625],4.15586544434178,3.182897165800991,4.203694836682205,0.09781918817103431,0.5332737718767983,-3.5871660355638757,1.5200749554645283,0.6062083788624866,25.261305257060375,23.08424865330436,33.496253713087526,2.334139026341728,10396.641,4.176698615548456,0.5293104366347178,,,,,,,,,,
B0018,189,discharge,24,[2008.       8.       5.      16.      36.      12.671],3.483799876979844,2.4907267597860656,4.187409532380725,0.24802832713581485,-1.8021525551783737,-2.012741175686338,0.003924536033092068,0.6102519084386244,31.088687926688607,23.110947703655086,37.8984610468502,3.7929642716009595,2954.797,,,,,1.4735077809902477,,,,,,,
B0018,190,charge,24,[2008.       8.       5.      17.      26.      58.796],4.157340471847523,3.195933755916512,4.202703303959949,0.09655081347352669,0.5293973275587156,-3.608196410697763,1.5215082431035611,0.6030509518455405,25.442110123070492,23.32883700393968,33.40840537983315,2.2760067896804195,10412.625,4.415717880085653,0.5253372591006424,,,,,,,,,,
B0018,191,discharge,24,[2008.       8.       5.      20.      21.      46.906],3.4787540756450497,2.3678328028644775,4.188656943531829,0.25814755065726835,-1.8092953592546854,-2.013377348559974,0.002327705686226338,0.6003267799218304,31.336420133762665,23.4240998983518,38.27784043980244,3.803271010666152,2945.735,,,,,1.46801928526661,,,,,,,
B0018,192,charge,24,[2008.       8.       5.      21.      12.      24.031],4.156639963470775,3.1808828759301218,4.202371235103818,0.09724635719944637,0.5286337835271029,-3.590006273756836,1.5204528848902166,0.6036027975573338,25.475101660981416,23.20632376618741,33.89025119073222,2.392661686234265,10393.5,4.239694878706199,0.5245881401617251,,,,,,,,,,
B0018,193,discharge,24,[2008.       8.       6.       0.       6.      53.156],3.4752194351784507,2.3532703553328904,4.188198669984733,0.2587418006364251,-1.8000309691416814,-2.013211476410487,0.0035939400914024445,0.6124490248454585,31.22599987103565,23.211014993257855,38.24434303919528,3.8504748781567057,2941.375,,,,,1.4580923557119019,,,,,,,
B0018,194,charge,24,[2008.       8.       6.       0.      57.      26.078],4.1575014571052815,3.188408952508814,4.203206788665526,0.09596208643598615,0.5237040353393662,-3.6092514625801555,1.5228159155917425,0.6018432261223724,25.307439939152406,23.04845811106917,33.67181151242727,2.404881461113813,10401.437,4.131948481561822,0.5196822125813451,,,,,,,,,,
B0018,195,impedance,24,[2008.       8.       6.       3.      56.       3.328],,,,,,,,,,,,,,,,,,,824.3488074569326,340.31997404695,2.4928892067259234,0.19945918418268285,,0.06438276069827963,0.09108149736581252
B0018,196,discharge,24,[2008.       8.       6.       4.      27.      52.921],3.470739535801023,2.362897904778893,4.184528192003684,0.25772371294595886,-1.7981302589297092,-2.0142936610392694,0.004826343280178228,0.6145766343541279,31.037323488688802,22.93446707088835,38.06956259266949,3.887767420027259,2923.953,,,,,1.4478660988891399,,,,,,,
B0018,197,impedance,24,[2008.       8.       6.       5.      22.       8.593],,,,,,,,,,,,,,,,,,,821.4685667411271,342.9424456846148,2.4694191201762488,0.19636083347489386,,0.06322621852227772,0.08762970040962542
B0018,198,charge,24,[2008.       8.       6.       5.      53.      58.484],4.167061565258114,3.330725008639057,4.203846224766009,0.07711316705987159,0.5023404520439991,-3.8267582961531246,1.5215630106883564,0.5893286720394637,24.228766655243138,22.71420728999337,27.841937781961864,1.5351479905923653,10810.0,4.412546121593292,0.4982321802935011,,,,,,,,,,
B0018,199,discharge,24,[2008.       8.       6.       8.      55.      24.593],3.474600910003521,2.420200016704328,4.1927676322495895,0.2561984574820731,-1.8058248446047425,-2.013245286480298,0.0030147593152949946,0.6046864853168988,30.811349225731828,22.715597927537367,37.81744565252647,3.8873838582496485,2921.031,,,,,1.4527808777541982,,,,,,,
B0018,200,charge,24,[2008.       8.       6.       9.      45.      37.468],4.158766825845978,3.193289128864028,4.203134188181427,0.09465363207896133,0.5202737664624905,-3.6115199004130396,1.5246280669463703,0.5984033372477432,24.963204935100002,22.772347904769486,33.364263464126466,2.3935398704596182,10428.437,4.238428805237317,0.5162967812329515,,,,,,,,,,
B0018,201,discharge,24,[2008.       8.       6.      12.      40.      42.031],3.4740521567700093,2.472605886588914,4.187873640279204,0.2512971706951936,-1.795955865281378,-2.0138967840468363,0.00188911652035422,0.6181698739348518,30.932223179746046,22.816866662883296,37.902567770354786,3.8978488164370293,2902.75,,,,,1.4425356364492432,,,,,,,
B0018,202,charge,24,[2008.       8.       6.      13.      30.      36.734],4.159694445762706,3.203524499925966,4.202603243160275,0.09361741261217842,0.5173085338310198,-3.635405518453947,1.5210704875056607,0.5965977237266805,25.16228062347318,23.027131098472577,33.28018802891137,2.3415510517558524,10419.094,4.412223691460055,0.5133691460055096,,,,,,,,,,
B0018,203,discharge,24,[2008.       8.       6.      16.      25.      32.093],3.475075728648004,2.483165462226557,4.1880559282136725,0.2509904827066951,-1.7951057003644757,-2.0132739002306224,0.0014032197731020648,0.618933989993131,31.215527070380897,23.144424017860068,38.16628336469349,3.8865976358564236,2897.875,,,,,1.4392712877203313,,,,,,,
B0018,204,charge,24,[2008.       8.       6.      17.      15.      22.078],4.159541006244862,3.204504077613363,4.203115915060355,0.09370510655703078,0.5182779672215589,-3.633138654442405,1.5206694844618083,0.5964381855289421,25.473037712821245,23.278807381904805,33.54622835649592,2.345106132986071,10352.953,4.391608017817372,0.5142182628062361,,,,,,,,,,
B0018,205,discharge,24,[2008.       8.       6.      20.       9.      11.453],3.472424307596416,2.4341986830086237,4.188063095530185,0.25484104285559894,-1.7940097981352856,-2.0131642650090824,0.0030231667836495995,0.6205845867664036,31.400797084337558,23.36546101646915,38.36789486715962,3.8751971722133556,2892.094,,,,,1.4286475681888218,,,,,,,
B0018,206,charge,24,[2008.       8.       6.      20.      58.      55.781],4.159606167273364,3.200904668646634,4.2026495322294055,0.0940302908777982,0.5198133477655141,-3.628238174046095,1.5210267846661543,0.5963976067994111,25.473217443634713,23.191026793342143,33.71876019570778,2.4151027812800305,10296.766,4.337534346846848,0.5157826576576576,,,,,,,,,,
B0018,207,impedance,24,[2008.       8.       6.      23.      55.      49.046],,,,,,,,,,,,,,,,,,,824.5027497755837,339.89529764380706,2.500134944434405,0.20017614595254626,,0.06275964602343843,0.09224881675419787
B0018,208,discharge,24,[2008.       8.       7.       0.      27.      39.046],3.471751102262539,2.497859027600416,4.185913481526783,0.24949789396086638,-1.7841592631620102,-2.012453716602352,0.0024527231990189072,0.6322457302959145,31.259213269721236,23.10859423301546,38.19823604401131,3.9086071853484206,2886.921,,,,,1.4249026750004896,,,,,,,
B0018,209,impedance,24,[2.0080e+03 8.0000e+00 7.0000e+00 1.0000e+00 2.1000e+01 1.8375e+01],,,,,,,,,,,,,,,,,,,821.5649484442241,342.8786979708372,2.4722893808895634,0.19665048826316847,,0.06306423201152148,0.08878755046571668
B0018,210,charge,24,[2008.       8.       7.      16.      13.       2.546],4.1708279128535635,3.333908101104736,4.202812507013382,0.07045769763265912,0.5122293858486008,-3.8650101474619176,1.5198275896249756,0.5845807715308242,24.10483300906097,22.540682425728644,27.32803519924954,1.3208870481777204,10289.437,4.372769580022702,0.5084290578887628,,,,,,,,,,
B0018,211,discharge,24,[2008.       8.       7.      19.       5.      53.109],3.4745407296058963,2.3747408457948316,4.187259539606346,0.25954019804112044,-1.8136320536623207,-2.013506755621097,0.0031177160092426474,0.5946002285557522,31.134701292957466,23.10528361267006,38.099982807571635,3.860822526667847,2942.531,,,,,1.4698115324524124,,,,,,,
B0018,212,charge,24,[2008.       8.       7.      19.      56.      43.171],4.156182084734813,3.154978443626896,4.203121346196286,0.09953686181648455,0.5333881204773914,-3.560431495545415,1.521345909217846,0.6027908750930222,25.452975839922793,23.22336387089782,33.83835108253136,2.365520054904035,10371.906,4.2428673066064375,0.529218520609825,,,,,,,,,,
B0018,213,discharge,24,[2008.       8.       7.      22.      50.      51.859],3.471720060423485,2.3589340839760866,4.187670932765983,0.260516253498242,-1.8109604460875317,-2.014872086495032,0.002504583669096718,0.5979305613457744,31.246879695988095,23.26167836334653,38.214523782841354,3.8457459444261883,2912.469,,,,,1.4525819651050202,,,,,,,
B0018,214,charge,24,[2008.      8.      7.     23.     40.     59.14],4.156874560190854,3.1638644830777243,4.20322353008349,0.09842331984700975,0.5325376070011771,-3.5760385691476957,1.521528565231957,0.6014892023237228,25.338235649853683,22.97880164689334,33.89542839693603,2.4693932867383497,10237.156000000003,4.267756772334295,0.5281959654178675,,,,,,,,,,
B0018,215,discharge,24,[2.008e+03 8.000e+00 8.000e+00 2.000e+00 3.200e+01 5.325e+01],3.471398409828823,2.4413266342198545,4.187836103953847,0.2544263229056697,-1.800802328247715,-2.0126300040805116,0.0016023425232613384,0.6114932928667776,31.027558674438325,23.027044613835702,37.939696536164234,3.856206251259731,2895.594,,,,,1.442834198908794,,,,,,,
B0018,216,charge,24,[2008.       8.       8.       3.      22.      43.812],4.15872128163076,3.184112183718743,4.2029308737102555,0.09516374022130147,0.5193592403398337,-3.61234134501153,1.521627730346561,0.5976399200774218,25.051202036186005,22.747292346045064,33.45795823700358,2.430331431984005,10366.422,4.180593142857143,0.515232,,,,,,,,,,
B0018,217,discharge,24,[2008.       8.       8.       6.      16.      47.328],3.4626491088970703,2.311419659807122,4.18719517574786,0.26385932209588037,-1.798647877727257,-2.012054810012164,0.0024115620742285447,0.6138855024551874,30.931917385258963,22.789023525262486,38.06666733482501,3.9414476470124526,2884.406,,,,,1.428376058807949,,,,,,,
B0018,218,charge,24,[2008.       8.       8.       7.       6.      26.906],4.158825287656152,3.180685711270606,4.203192770006549,0.0943914056744849,0.5130718950507359,-3.6063568756853694,1.5212309913270652,0.5965519760274431,24.857491491420344,22.5461741606436,33.483938310649464,2.4907167000204518,10387.703,3.9728278032036615,0.5090486270022884,,,,,,,,,,
B0018,219,discharge,24,[2008.       8.       8.      10.      14.      50.671],3.466072725920186,2.4953159238201255,4.183339938829854,0.24944379745426662,-1.7804067367547436,-2.011816454093025,0.003922239513771784,0.6370599693980358,30.667082236656018,22.47935333131366,37.63260475617888,3.93067479455812,2873.766,,,,,1.4154547844370715,,,,,,,
B0018,220,impedance,24,[2008.     8.     8.    11.     8.    17.5],,,,,,,,,,,,,,,,,,,823.0081855456414,341.9454351989952,2.481481522743815,0.19784802660744008,,0.0654312939216661,0.08842632755307295
B0018,221,charge,24,[2008.       8.       8.      17.       8.      38.187],4.172421381214697,3.331270367633027,4.203657566485503,0.06869677592732146,0.4875438523395484,-3.8380439403065476,1.5231978110829993,0.5768438706675489,24.14870072035666,22.561173002365656,27.37853814906628,1.2924105475880332,10808.578,4.411166297117517,0.483781042128603,,,,,,,,,,
B0018,222,discharge,24,[2008.       8.       8.      20.      10.       8.812],3.4730670533412877,2.4398479869382084,4.192209704853633,0.256998603773989,-1.8167125180994765,-2.0147251295387147,0.003202237339106182,0.5905432240305882,31.226789107710772,23.14563143539215,38.18223603956323,3.894243733720098,2893.375,,,,,1.454576670077708,,,,,,,
B0018,223,charge,24,[2008.       8.       8.      21.       0.      10.343],4.157817974541077,3.1684207940704123,4.202851879740705,0.09688715659519338,0.5215571295742215,-3.583972565372209,1.522045674999504,0.597943199603589,25.453269592318446,23.25971168063639,34.022517442059645,2.394835346597621,10353.906,4.184597674418605,0.517646511627907,,,,,,,,,,
B0018,224,discharge,24,[2.008e+03 8.000e+00 8.000e+00 2.300e+01 5.400e+01 1.812e+00],3.4668548162926327,2.376538319699514,4.1866224559264715,0.25940577128111114,-1.7981268087177564,-2.01362953818943,0.0022908479361973973,0.615175869824526,31.387733116648285,23.299987417730907,38.3907466519188,3.9188316151382807,2884.9839999999967,,,,,1.4283179548274056,,,,,,,
B0018,225,charge,24,[2008.       8.       9.       0.      43.      42.343],4.158597231211127,3.1779730198063016,4.203036522259961,0.09557539359968072,0.519309100724978,-3.595672667640784,1.520957729380056,0.5969091468829357,25.57251082982669,23.38566189263743,33.85819366593843,2.3719291087859893,10326.266,4.217813341135167,0.5155196021064951,,,,,,,,,,
B0018,226,discharge,24,[2008.       8.       9.       3.      37.       6.281],3.46527367520258,2.3722299202290382,4.186945959000922,0.26004857673152804,-1.7964439222994821,-2.0143431411678145,0.002742773505057746,0.6175723216535413,31.505666838292886,23.43938495660897,38.51622654624205,3.914095366589241,2870.234,,,,,1.4197026883204058,,,,,,,
B0018,227,charge,24,[2008.       8.       9.       4.      26.      32.125],4.159896562008179,3.182893386164084,4.202699143699648,0.09496435168167831,0.5162432649804278,-3.6057009484624816,1.5220387861054403,0.5941267246347739,25.65567263165318,23.407905451676342,33.96042454054935,2.388547428494658,10329.797,4.411665685697469,0.5122889935256033,,,,,,,,,,
B0018,228,discharge,24,[2008.       8.       9.       7.      19.      59.656],3.4638878223448684,2.361475505115684,4.1874400308161395,0.2614012721012322,-1.795371462470329,-2.013805013275104,0.002494763805785208,0.6185854999461717,31.5462258449116,23.52414825084503,38.56612180540248,3.8983467287559384,2864.11,,,,,1.4155606630306516,,,,,,,
B0018,229,charge,24,[2008.       8.       9.       8.       9.      19.531],4.1608536964621665,3.185888323028725,4.202132510889835,0.09346908483507922,0.5037612694722189,-3.6099213769677596,1.5208927020827216,0.5889475071849153,25.542185816511246,23.303882173077774,33.969053050544986,2.425088468916499,10225.578,4.258447480267153,0.4999623557984214,,,,,,,,,,
B0018,230,impedance,24,[2008.       8.       9.      11.       5.       3.671],,,,,,,,,,,,,,,,,,,824.7500956642571,340.1307833700779,2.4958797477030323,0.19980597539258993,,0.0640350502034096,0.09164169330042057
B0018,231,discharge,24,[2008.       8.       9.      11.      36.      57.875],3.457807923440064,2.317937855025735,4.1845980039811215,0.2637843275246904,-1.7937175263130196,-2.0140103653857673,0.003657732380165694,0.621305543593045,31.389977882297476,23.166973356692417,38.5606541602861,3.9985715147003824,2846.64,,,,,1.405680035419228,,,,,,,
B0018,232,impedance,24,[2008.       8.       9.      12.      29.      58.343],,,,,,,,,,,,,,,,,,,822.3624450386909,342.25849238236816,2.478689989505265,0.1974517470063851,,0.06431683619311312,0.08680690256687046
B0018,233,charge,24,[2.0080e+03 8.0000e+00 9.0000e+00 1.3000e+01 1.0000e+00 4.9218e+01],4.168853506012904,3.3292595706536177,4.203800521423536,0.07521009360652953,0.49859175903585873,-3.819453299600238,1.5228901531633015,0.5827293905180055,24.65390943265731,23.14321633280852,28.14892462736424,1.5082181729853399,10555.171,4.410547147846334,0.49475203725261935,,,,,,,,,,
B0018,234,discharge,24,[2008.       8.       9.      15.      59.       2.406],3.459813554486507,2.3372859753156225,4.186742025132256,0.26401849793435667,-1.8014517734888207,-2.01313706710909,0.0021603358076119307,0.6106925334860716,31.385433749863733,23.275962802186438,38.53842073636507,3.9657190589451488,2839.532,,,,,1.4084461071166137,,,,,,,
B0018,235,charge,24,[2008.       8.       9.      16.      47.      55.859],4.161749886105167,3.1825968886440275,4.202486057204443,0.0928955628224412,0.4977106715634341,-3.591113925276393,1.5222516067763308,0.5863044176161694,25.392539559644987,23.17628386098324,34.023234828513274,2.4396180426241934,10318.984,4.228612765957448,0.49394103343465046,,,,,,,,,,
B0018,236,discharge,24,[2008.       8.       9.      19.      41.      13.296],3.458027727779737,2.3528810264952194,4.1871520936423146,0.26240215486440727,-1.7915215753378781,-2.0146560328783325,0.003971959499767635,0.6236313916998142,31.423707199142058,23.24250038456045,38.548873480234754,3.983738947024171,2832.703,,,,,1.3968547782872414,,,,,,,
B0018,237,charge,24,[2.008e+03 8.000e+00 9.000e+00 2.000e+01 3.000e+01 6.200e-02],4.161033104783028,3.190847485258167,4.203445628839536,0.09304565498598877,0.5094504752732828,-3.6060623804885976,1.5219295050511932,0.5907360914706465,25.446963800887378,23.190799072953087,33.87472098316312,2.448493456310638,10242.609,4.237001210653753,0.5057705811138015,,,,,,,,,,
B0018,238,discharge,24,[2.008e+03 8.000e+00 9.000e+00 2.300e+01 2.200e+01 9.840e-01],3.4613996718507845,2.4646122144537173,4.187096292904282,0.25436348272958975,-1.7816941240706174,-2.013905602750019,0.003500477982654989,0.6362211262767111,31.435368910968148,23.25643130784119,38.45838357496903,3.9674658136262253,2827.077999999994,,,,,1.3935670371440676,,,,,,,
B0018,239,charge,24,[2008.       8.      10.       0.      10.      42.265],4.161515653822334,3.2060879874358847,4.202891384704809,0.0919002204574365,0.5115288627663463,-3.6291452874022956,1.5202355296310675,0.5898604257827107,25.550044778754145,23.310220494004,33.628019118131256,2.4008769930052134,10148.125,4.357137846153846,0.5077273846153846,,,,,,,,,,
B0018,240,discharge,24,[2.008e+03 8.000e+00 1.000e+01 3.000e+00 1.000e+00 8.859e+00],3.4611285476693214,2.4684655225527004,4.187367312766795,0.25451400427608056,-1.7797379985412234,-2.0129862192992305,0.0019150019110163161,0.6387591462974623,31.542375291159843,23.40948042071164,38.54382874673793,3.9642465111259853,2821.531,,,,,1.3893644292809475,,,,,,,
B0018,241,charge,24,[2008.       8.      10.       3.      49.      44.953],4.162609777349233,3.2072600886498277,4.203095752943368,0.0909902555751577,0.5015668377758273,-3.637912819290177,1.5206152239465969,0.5873286346246696,25.560938902561947,23.372512851069086,33.69818797179976,2.4073496429402197,10333.687,4.40774105518496,0.4978496058217102,,,,,,,,,,
B0018,242,impedance,24,[2008.       8.      10.       6.      47.      17.265],,,,,,,,,,,,,,,,,,,826.3582935124901,338.68496774893146,2.5114756788111925,0.20169490170910567,,0.06546443423939434,0.0925002319045349
B0018,243,discharge,24,[2008.       8.      10.       7.      19.       8.453],3.455556822823358,2.4092923539400735,4.18534593452204,0.2589834605607093,-1.7856528650965158,-2.0130373888261315,0.0035633455174765133,0.6312222058682411,31.52669677306915,23.25216185853628,38.650883957434026,4.030635450508156,2805.156,,,,,1.3785651415666713,,,,,,,
B0018,244,impedance,24,[2008.       8.      10.       8.      11.      28.671],,,,,,,,,,,,,,,,,,,823.4341026164603,341.18775313172364,2.4867928462073574,0.19854938141693065,,0.06545297065463919,0.0888408418585299
B0018,245,charge,24,[2008.       8.      10.       8.      43.      19.843],4.170174003547436,3.3303620216109935,4.20206279696643,0.07307712362792435,0.4896671853234063,-3.8208384484922937,1.520391723943627,0.5769153591325629,24.66855691720926,23.142658354013825,28.153870845632895,1.5176085790589717,10501.25,4.379606351108448,0.4859592570401438,,,,,,,,,,
B0018,246,discharge,24,[2008.       8.      10.      11.      39.      39.812],3.459598362944341,2.477625480372779,4.186646524222555,0.2543532391096489,-1.7784070647657095,-2.012440412153309,0.0025270257598763997,0.6396665691444494,31.435921914290372,23.267794615238977,38.45654834997334,3.9799942134001074,2814.906,,,,,1.384901110085747,,,,,,,
B0018,247,charge,24,[2008.      8.     10.     12.     28.      9.39],4.162381635047658,3.2078646709649923,4.20267699398556,0.0901599552735546,0.49784316497500686,-3.6309691484460576,1.5210094894384405,0.5863778246457311,25.378329503723524,23.169045853207926,33.56071799477596,2.4157650622354105,10317.235,4.010191320293399,0.49419926650366747,,,,,,,,,,
B0018,248,discharge,24,[2008.       8.      10.      15.      21.      25.468],3.4506569891269216,2.335608852853518,4.184730834033599,0.263423300497629,-1.7778412667349817,-2.014185743260078,0.0023090961991655713,0.6413506214395214,31.475238112886494,23.181832500776718,38.6564130442344,4.050740963804575,2801.156,,,,,1.3703251814242443,,,,,,,
B0018,249,charge,24,[2008.      8.     10.     16.      9.     41.39],4.162750747178852,3.1975827131925616,4.203826360237285,0.09146690617774762,0.5040891316871717,-3.6147315013489987,1.520620141001233,0.5865813616224317,25.490176768563206,23.257314560096336,33.73187121626518,2.4300276718271405,10206.859,4.338940261356566,0.5004268823895456,,,,,,,,,,
B0018,250,discharge,24,[2.008e+03 8.000e+00 1.000e+01 1.900e+01 1.000e+00 7.218e+00],3.455515243082573,2.441999086782534,4.187175976285891,0.2569366308625665,-1.7764462760420034,-2.014463667770562,0.002745502446135923,0.6426186512846561,31.5817445550721,23.347201662807525,38.655587491253975,4.0183573093301135,2794.187,,,,,1.3733464385229082,,,,,,,
B0018,251,charge,24,[2008.      8.     10.     19.     49.     16.25],4.164253939009342,3.207313652510434,4.203161411020839,0.08964183574902797,0.48643767097731205,-3.631913403809718,1.5217530957759633,0.5805482478078698,25.519272260346444,23.307372435397156,33.750738523169446,2.4254034350866363,10173.703,4.390831769436997,0.4827272117962466,,,,,,,,,,
B0018,252,discharge,24,[2008.       8.      10.      22.      40.      10.453],3.455840338587253,2.4651687831472158,4.186108406696249,0.25545113736601277,-1.7752748972563315,-2.0133489214151132,0.003537652556034693,0.6439585053065756,31.647958536134297,23.433341482891272,38.6997087046862,4.016418469674935,2785.391,,,,,1.3679487285504814,,,,,,,
B0018,253,charge,24,[2008.       8.      10.      23.      28.      10.781],4.162950595982994,3.210259960268952,4.2027125732168695,0.0903432536936311,0.5045042623600782,-3.6455373738952264,1.5203623470568937,0.5855399966133085,25.65782286764763,23.408915683754024,33.78172962289607,2.422922329311835,10078.407000000007,4.334640634920635,0.5006958730158729,,,,,,,,,,
B0018,254,impedance,24,[2.0080e+03 8.0000e+00 1.1000e+01 2.0000e+00 2.1000e+01 2.8359e+01],,,,,,,,,,,,,,,,,,,825.9705568831399,338.6333777552679,2.5110507535011224,0.20166268631789372,,0.06605675981972527,0.09024364278181114
B0018,255,discharge,24,[2.0080e+03 8.0000e+00 1.1000e+01 2.0000e+00 5.3000e+01 1.9859e+01],3.448678293668265,2.370892032033162,4.183460397462309,0.2612930004988529,-1.7742013268724648,-2.013428528654807,0.00777136119727041,0.6451719450259635,31.662032275252905,23.298067848672567,38.87481687744787,4.0939130100114145,2779.5,,,,,1.3567141087089647,,,,,,,
B0018,256,impedance,24,[2008.       8.      11.       3.      45.      14.421],,,,,,,,,,,,,,,,,,,823.9506963501922,341.0383948920957,2.491306667512361,0.1990771370388366,,0.06550914978909368,0.08957234616173203
B0018,257,charge,24,[2008.       8.      14.      10.       5.      53.078],4.173684466340272,3.332481557759816,4.202970107730749,0.06559237908070852,0.47545630218872403,-3.874364185211413,1.5226328070468524,0.574142787866889,23.343285627002313,21.810169604006642,26.510166321530292,1.2671016346433557,10653.719,4.257261659600243,0.4717334948516051,,,,,,,,,,
B0018,258,discharge,24,[2008.       8.      14.      13.       4.      49.687],3.474503178644755,2.461879783248223,4.187091541628412,0.2556944497754274,-1.8196650877007408,-2.01277944734302,0.0026017060660145164,0.586549765279328,30.434500875864142,22.45542569835154,37.363974526077364,3.8534942001727446,2899.234,,,,,1.4604310209194575,,,,,,,
B0018,259,charge,24,[2008.       8.      14.      13.      54.      59.015],4.156451549681618,3.1415816755392143,4.203744225498938,0.10042707526190149,0.5236778780433929,-3.5275473531125288,1.5210395015477098,0.6027890978870081,24.967082308519945,22.973849364139035,33.26311506460614,2.2557312898506305,10418.265,4.292503712871287,0.5198700495049505,,,,,,,,,,
B0018,260,discharge,24,[2008.       8.      14.      16.      49.      56.812],3.474031881945217,2.4247066368907255,4.18736921126964,0.25755756066824986,-1.8096836854216038,-2.0200047420918392,0.009113413153803115,0.6002875701859975,31.017997058077018,23.061560846748243,37.88258787662229,3.841559669354344,2894.922,,,,,1.4500998937104097,,,,,,,
B0018,261,charge,24,[2008.      8.     14.     17.     39.     49.25],4.155486169449989,3.145229166421281,4.202335936360702,0.10117212706918682,0.5353060762771973,-3.5446829679100693,1.535629224526357,0.6048887821025728,25.573348127075526,23.425417256290128,33.62887168983149,2.2775250666912936,10094.985,4.227443802183687,0.5313243416827231,,,,,,,,,,
B0018,262,discharge,24,[2008.       8.      14.      20.      29.      23.812],3.474404210386772,2.4447222974031386,4.187597633155394,0.2554759257484419,-1.7993287687468955,-2.0133646895300226,0.0037645837135773905,0.6132733366274968,31.39483761465523,23.475330204930167,38.158980736604235,3.8004854675567885,2888.25,,,,,1.4381406901824496,,,,,,,
B0018,263,charge,24,[2008.       8.      14.      21.      19.       9.703],4.1568851217769796,3.1574167419561268,4.20330985503628,0.09970033935052382,0.5308732730218649,-3.5582225653772324,1.5208779036555315,0.6021505295023091,25.545704002011487,23.235418756938472,33.71904176342745,2.400481765270781,10110.108999999997,4.37974179008371,0.5266580811332904,,,,,,,,,,
B0018,264,discharge,24,[2008.       8.      15.       0.       8.      59.578],3.471767043833224,2.443569395327192,4.187608979498198,0.2569035121433625,-1.7959419603883284,-2.0145941601021073,0.004329207944597547,0.6173426525372289,31.24511885640641,23.342810660410986,38.05243159675446,3.824354254118013,2873.906,,,,,1.4283681980964316,,,,,,,
B0018,265,charge,24,[2008.       8.      15.       0.      58.      33.437],4.15753550770743,3.165833264534804,4.203179984201726,0.09811173209148212,0.5259894582843314,-3.575442597430164,1.5215916047779678,0.6001668598886787,25.35196919383656,23.018582209069123,33.54065773317013,2.420666426016042,10105.172,4.276919093851133,0.5217682847896441,,,,,,,,,,
B0018,266,discharge,24,[2008.       8.      15.       3.      59.      10.796],3.4685305272975935,2.4666000274194886,4.186194120124063,0.25388594966506284,-1.7956017209600372,-2.0124706482591095,0.00414847549756057,0.618300999238423,31.05306925187263,23.05129068270268,37.89096376444466,3.8617083945398245,2847.406,,,,,1.4147874517552432,,,,,,,
B0018,267,impedance,24,[2008.       8.      15.       4.      52.      13.984],,,,,,,,,,,,,,,,,,,823.4854775302341,341.50883320874027,2.4879618714138423,0.1985605596388957,,0.06602461415916355,0.0893968694708912
B0018,268,charge,24,[2008.       8.      15.       5.      24.       5.828],4.167562376512157,3.3228211495310784,4.202562976491467,0.07723036036872105,0.5031720061417144,-3.816270726939115,1.520878799757341,0.5872074465019043,24.306296956106422,22.7838023365637,27.797561801513456,1.5062739926659323,10466.765,4.36811572327044,0.4990578616352201,,,,,,,,,,
B0018,269,discharge,24,[2008.       8.      15.       8.      19.      52.703],3.4651213646662598,2.4272514813701016,4.186991375693876,0.25859194493549637,-1.7929541659933774,-2.0131822133527364,0.004724226515961871,0.6216320056247608,30.88589263299331,22.881894923564886,37.81203585126145,3.8954477323182317,2849.281,,,,,1.413889163393182,,,,,,,
B0018,270,charge,24,[2.008e+03 8.000e+00 1.500e+01 9.000e+00 9.000e+00 9.300e-02],4.159079563061728,3.1767953624021548,4.204210716962248,0.09541339428115124,0.5147526024796546,-3.5802733736761847,1.5223444646961142,0.5958480468128459,25.04791563153191,22.882091830758426,33.24550252433356,2.374584441798628,10183.125,4.09988860103627,0.5108730569948186,,,,,,,,,,
B0018,271,discharge,24,[2008.      8.     15.     12.      0.      3.39],3.4652879859475885,2.4762628371779,4.185443351643291,0.25283242586660987,-1.784474211719448,-2.0130225462243683,0.0013113732243447548,0.6323087479107589,31.053992379018933,22.925649519285958,37.9591954678784,3.931967860502407,2833.688,,,,,1.3989331662177225,,,,,,,
B0018,272,charge,24,[2008.       8.      15.      12.      48.      53.031],4.159784786829386,3.1865279423288704,4.202376618036477,0.0950729261173788,0.5208710707575381,-3.602019350986794,1.5204353822191614,0.5943021810140424,25.39894282334293,23.29134441356417,33.25183568543322,2.3057908132380045,10023.328,4.408478863936592,0.5169920739762219,,,,,,,,,,
B0018,273,discharge,24,[2008.       8.      15.      15.      37.      16.687],3.461799526154992,2.3607989727330003,4.186308413669027,0.26236963956853215,-1.793581043096934,-2.0189079388265974,0.0025506726829285183,0.6220040809868876,31.492840068071885,23.438805891313166,38.521043498835155,3.9472345294231523,2826.453,,,,,1.3953322584033976,,,,,,,
B0018,274,charge,24,[2008.       8.      15.      16.      25.      59.281],4.159248824758058,3.1734992170073526,4.202638726430576,0.09655387346305021,0.5226117099500373,-3.573674737571567,1.5205101814478572,0.5953367330322177,25.887841606934128,23.768209571698076,33.985445246183865,2.3383400647122756,9974.5,4.356409574468086,0.5188085106382979,,,,,,,,,,
B0018,275,discharge,24,[2008.       8.      15.      19.      13.      34.203],3.463260140320492,2.377011586588198,4.187179397572641,0.2613577584434526,-1.7920645354970144,-2.012765928007659,0.007811398672227585,0.6233712946026018,31.93832684630049,23.89396136161553,38.878687997701746,3.9215405106927648,2818.312,,,,,1.390046129540245,,,,,,,
B0018,276,charge,24,[2.008e+03 8.000e+00 1.500e+01 2.000e+01 2.000e+00 8.796e+00],4.159959586593152,3.1757345650870934,4.202951503258163,0.0961354308262324,0.5172904010200385,-3.569944785978592,1.521105650837743,0.5940917195615784,26.10841222140624,23.789688905782523,34.35620577687582,2.451558275151883,10062.969,4.412383851753806,0.5131462607544672,,,,,,,,,,
B0018,277,impedance,24,[2008.       8.      15.      22.      55.      12.296],,,,,,,,,,,,,,,,,,,825.1594617640752,339.24752642019206,2.5080869963621715,0.20104879006881404,,0.06528925688517716,0.0913916544478255
B0018,278,discharge,24,[2008.       8.      15.      23.      27.       4.375],3.462839429201602,2.4567563196678455,4.1854460754417,0.25503797910208703,-1.7809541104468565,-2.0130424938927276,0.0028245095443000727,0.6363041167015956,31.74562722135923,23.638036923350842,38.65118899876309,3.9322760275289097,2812.7189999999973,,,,,1.3860271454209647,,,,,,,
B0018,279,impedance,24,[2008.       8.      16.       0.      19.      33.375],,,,,,,,,,,,,,,,,,,822.0144440001513,342.914171870217,2.4718355446018574,0.1966323764298592,,0.06297327821062598,0.08791100017078796
B0018,280,charge,24,[2008.       8.      16.       0.      51.      25.468],4.170312939267002,3.3305353666696114,4.203237378174695,0.0740365253858813,0.47733972040418465,-3.8039741409021475,1.521125868539587,0.5777958213419689,24.72407785161255,23.13063075412517,28.353524179601084,1.566451993128935,10809.453,4.404044017358959,0.4733205207687538,,,,,,,,,,
B0018,281,discharge,24,[2008.      8.     16.      3.     52.     55.64],3.4569152237960306,2.3277314025979847,4.193052368415502,0.26697340100884936,-1.7989851707207014,-2.012206599766764,0.002422871753456174,0.6136015374226743,31.31018499405759,23.131840707705734,38.434235278537344,3.991914149737072,2803.5,,,,,1.388215260193751,,,,,,,
B0018,282,charge,24,[2008.       8.      16.       4.      41.      15.562],4.162441369380301,3.1756332437306507,4.203131632988233,0.09304882094128482,0.49199244540356535,-3.5726125929378547,1.5206566294095132,0.5858869677790007,25.23968918098469,22.903564547004798,33.9430389450899,2.5032980113265144,10501.516,4.402035874439462,0.48787187700192186,,,,,,,,,,
B0018,283,discharge,24,[2008.       8.      16.       7.      37.      37.796],3.4574690175816127,2.4537913827403948,4.186241953638429,0.2568228137679184,-1.7873231599598716,-2.012141821898546,0.003192129137073553,0.6283660366326043,31.127360345471814,23.032251614508017,38.103875724329995,3.9586881060793737,2783.25,,,,,1.3761826562394497,,,,,,,
B0018,284,charge,24,[2008.       8.      16.       8.      25.      37.593],4.163440302309122,3.1926273733035355,4.2034430204969295,0.09093474070344763,0.48885966169922906,-3.6148848366792565,1.5227346296964221,0.5840808299456661,24.983659236998836,22.697587675821588,33.446010491152634,2.4867814775190187,10463.781,4.401591612903226,0.4847722580645162,,,,,,,,,,
B0018,285,discharge,24,[2008.      8.     16.     11.     21.     22.14],3.4502191781217797,2.3475608877759067,4.186011006323472,0.2643003813390103,-1.7861666392556754,-2.01231372073967,0.003924964064534741,0.6300010907202901,30.985550813719595,22.829010081336715,38.12742842632319,4.0221548276103825,2776.391,,,,,1.3647168898640165,,,,,,,
B0018,286,charge,24,[2008.       8.      16.      12.       9.      15.296],4.163487115140979,3.188456885948682,4.202657460212684,0.09138099126147954,0.4934705451046349,-3.6054524433063038,1.5233725973383139,0.5832543612668077,24.85258610041868,22.535778035137263,33.41426580080105,2.507988868463038,10340.328,4.403746719160106,0.4892060367454068,,,,,,,,,,
B0018,287,discharge,24,[2.008e+03 8.000e+00 1.600e+01 1.500e+01 2.000e+00 5.664e+01],3.4486728051793962,2.3558347560196564,4.18675624032869,0.26393140331671344,-1.7849995504167615,-2.0131811880616888,0.002101974331477834,0.630878906976592,30.899653280757406,22.67782621456358,38.03962943213698,4.045052346052421,2766.516,,,,,1.3589854739373584,,,,,,,
B0018,288,charge,24,[2008.       8.      16.      15.      50.      39.953],4.162685147745989,3.191082078316965,4.203092140987594,0.09160107942820954,0.5016977869427794,-3.6100298777208812,1.5220080307564599,0.5854717222454496,24.773634709858584,22.41522594946502,33.3135615953415,2.529982025414095,10076.125,4.272998644986449,0.4975677506775068,,,,,,,,,,
B0018,289,impedance,24,[2008.       8.      16.      18.      43.      57.156],,,,,,,,,,,,,,,,,,,827.0522715734332,337.6593874410335,2.5220398435181166,0.20292136040109363,,0.06516852362411818,0.09570731197373636
B0018,290,discharge,24,[2008.       8.      16.      19.      15.      49.609],3.444632719716698,2.3791102362944754,4.1831553230638425,0.26169754461682443,-1.778331020505836,-2.0132734649228214,0.002880850510536099,0.639379848746925,30.706123644966482,22.35025648802666,37.85657903247749,4.086965241473662,2751.516,,,,,1.3462308764008801,,,,,,,
B0018,291,impedance,24,[2008.       8.      16.      20.       7.      19.218],,,,,,,,,,,,,,,,,,,823.7550989716746,341.4440177957092,2.48705177145618,0.19859488035743889,,0.0637387678424481,0.09115176519190589
B0018,292,charge,24,[2008.       8.      18.      11.      25.      33.828],4.175489159278192,3.3305674151316507,4.203011750737204,0.06432283272482252,0.4635881608368513,-3.874766240393479,1.5216553098975782,0.5656942261261834,23.375868750307735,21.873611279473515,26.55517783008312,1.2768028409163694,10815.375,4.401092180546725,0.4597711379529561,,,,,,,,,,
B0018,293,discharge,24,[2008.       8.      18.      14.      27.      16.015],3.467272639213176,2.444740635238248,4.191989955143364,0.2590954604625469,-1.809775952165901,-2.013950042532596,0.0031832258024873626,0.5998929255667806,30.47122187456595,22.367517988223096,37.43017193410286,3.9229679264032944,2848.859,,,,,1.4268427818454643,,,,,,,
B0018,294,charge,24,[2008.       8.      18.      15.      16.      36.906],4.158124864947942,3.1528086511131885,4.203185027597145,0.0978970933744756,0.5166931148776153,-3.544059628401568,1.521215409170189,0.5980058666844484,24.891081474259465,22.817325526610244,33.17368480164245,2.3208456112025044,10255.922,4.173003353454058,0.5127954393024815,,,,,,,,,,
B0018,295,discharge,24,[2008.       8.      18.      18.       8.      54.125],3.464490491162134,2.431867772331712,4.185628679672912,0.25720031438600915,-1.7896694300229208,-2.012375320433943,0.0020467170443975663,0.6259143571313354,30.939221783021114,22.904023394656047,37.8264149292754,3.901367821909319,2840.016,,,,,1.4064481483279663,,,,,,,
B0018,296,charge,24,[2008.       8.      18.      18.      57.      53.437],4.158929190481194,3.1631079548977405,4.203194635783857,0.09700053005378977,0.5159693165732463,-3.5612051488524465,1.5210477447301756,0.5965641746268577,25.20368568012635,23.024878549937903,33.247864854486515,2.3573911258599667,10173.578,4.278483367277665,0.5118078750848608,,,,,,,,,,
B0018,297,discharge,24,[2008.       8.      18.      21.      48.      48.484],3.459667012281024,2.344037291947413,4.186834478731371,0.2645119375542321,-1.7970097248124899,-2.0124205467796688,0.0033289159470451285,0.616291401136465,31.111640631561894,23.11186259982214,38.08307173716899,3.9050165905225134,2817.375,,,,,1.3934907492075153,,,,,,,
B0018,298,charge,24,[2008.       8.      18.      22.      37.      25.296],4.159012345148583,3.155033155693838,4.203408305101649,0.09767510821222085,0.5200484151900658,-3.5569909323134596,1.521536864602344,0.595332794017649,25.23904482462839,22.91977918854674,33.59328233807114,2.4436910698609378,10016.75,4.36818382861092,0.5157318590186591,,,,,,,,,,
B0018,299,discharge,24,[2.0080e+03 8.0000e+00 1.9000e+01 1.0000e+00 2.5000e+01 4.3656e+01],3.462241956955771,2.456436863057259,4.186613091061155,0.2559372101503028,-1.7861513769566684,-2.0131578787415245,0.003253304712230313,0.6297547238438339,31.037910219908994,23.04417103672731,37.88279649093536,3.891840650133118,2809.234,,,,,1.3882493512249316,,,,,,,
B0018,300,charge,24,[2.008e+03 8.000e+00 1.900e+01 2.000e+00 1.400e+01 1.250e+01],4.159963735414856,3.176948620891282,4.203070618530517,0.09494378236307954,0.5123880559166453,-3.5887209551282897,1.5230259659424346,0.5935883448441576,25.133053833512577,22.86665797348161,33.26455936648607,2.416352211404328,10050.266,4.130665286404417,0.5082912353347135,,,,,,,,,,
B0018,301,discharge,24,[2008.       8.      19.       5.      17.       5.812],3.4555661695067355,2.395547668334432,4.183907160253637,0.2596982368038693,-1.784162084841115,-2.0123169807019234,0.004023509653083662,0.6324689086646982,30.967950840538833,22.83426471365,37.96027066990377,3.9665391332141313,2791.187,,,,,1.3701878338420928,,,,,,,
B0018,302,impedance,24,[2008.       8.      19.       6.       9.      14.562],,,,,,,,,,,,,,,,,,,823.6996393818431,341.4595300975887,2.4887309974403826,0.19868866806891936,,0.06521856379431411,0.09034871149507483
B0018,303,charge,24,[2008.       8.      19.       6.      41.       7.359],4.170360938234565,3.32078152194539,4.203447994730693,0.0742782832414549,0.48320818982947716,-3.8193395314988616,1.5216834377644481,0.5785739763386051,24.147820442416382,22.688844414611108,27.68427144564605,1.5326075506955315,10633.282,4.406274754098361,0.4791993442622951,,,,,,,,,,
B0018,304,discharge,24,[2008.     8.    19.     9.    39.    42.5],3.458696199585801,2.4536749172979215,4.18533882899107,0.2567368169580032,-1.7845257009241222,-2.0152254170182307,0.0030324690133305163,0.632625610318277,30.93996203578424,22.83589303178486,37.880513353762176,3.955686030516635,2794.016,,,,,1.3796951665608619,,,,,,,
B0018,305,charge,24,[2008.       8.      19.      10.      27.      54.171],4.161601476435183,3.1862929955549997,4.202597283988021,0.09346278750405335,0.5081785189586588,-3.596278814055823,1.521558251417876,0.5898755792614828,25.12735529609495,23.009159118415887,33.198514086152535,2.3596331386633613,10097.844,4.409525294525294,0.5043277893277893,,,,,,,,,,
B0018,306,discharge,24,[2008.       8.      19.      13.      17.      33.984],3.4525282614097663,2.3062728144586413,4.185280284017658,0.2674956170053475,-1.7920667435100546,-2.01421415925087,0.011629893425885716,0.623598617743903,31.295019295352862,23.179921311075763,38.43416278222213,4.011703374555781,2774.719,,,,,1.3686586323935683,,,,,,,
B0018,307,charge,24,[2008.       8.      19.      14.       5.      26.578],4.160779048658415,3.168863204192718,4.20355409015183,0.09483803009416968,0.5061231886509377,-3.572776342565241,1.5226115192976604,0.5909594888388469,25.6594793246311,23.653507816355848,33.8725684510221,2.3225379315653143,10083.016,4.232179094076655,0.5023498257839721,,,,,,,,,,
B0018,308,discharge,24,[2008.       8.      19.      16.      54.      51.734],3.4552290080443044,2.3471092023857154,4.186281579801858,0.2641142102955423,-1.782779873271704,-2.0128415184323125,0.001790405186493135,0.635139666997203,31.81846533166901,23.715085051859607,38.847489737859576,3.980924402691639,2777.844,,,,,1.3627371779096438,,,,,,,
B0018,309,charge,24,[2008.       8.      19.      17.      42.      47.484],4.161271941807537,3.1756695524084324,4.204756237994802,0.09457542563738976,0.5053888163324816,-3.5833326921636672,1.523990448179298,0.5900181163430215,26.045548508382414,23.89138905729661,34.158880896905515,2.3737308639488486,10090.813,4.408166433566434,0.5016524475524475,,,,,,,,,,
B0018,310,discharge,24,[2008.       8.      19.      20.      32.      20.468],3.4619744219744675,2.4884289104730986,4.185356132672309,0.2539173569253529,-1.7725212915953121,-2.014392678620289,0.004782655629114369,0.6472460682723474,32.00067162597675,24.038521624132176,38.80283421497622,3.8851848597317638,2781.125,,,,,1.3634051133928073,,,,,,,
B0018,311,charge,24,[2008.       8.      19.      21.      20.      19.656],4.160757772430995,3.1947620970735233,4.203717503977368,0.09316597609018053,0.5079323659931732,-3.612512571743115,1.5215290976307694,0.5919393874781019,26.00215346022804,23.720181725756575,33.94236999274477,2.4226074819585235,9930.265,4.111652886671418,0.5040035637918745,,,,,,,,,,
B0018,312,impedance,24,[2008.       8.      20.       0.      11.      12.234],,,,,,,,,,,,,,,,,,,825.8449221834979,338.94440592432574,2.508327476827597,0.20128427668899382,,0.06590455963486774,0.0920096535708447
B0018,313,discharge,24,[2008.       8.      20.       0.      43.       5.406],3.452221905520614,2.3992178234155577,4.181406543107895,0.2592424399841937,-1.769870119236631,-2.012835608795986,0.004238943215349039,0.6498776113343834,31.73992229230571,23.56288829160871,38.72699121838442,3.998454935719956,2760.906,,,,,1.3518646035305233,,,,,,,
B0018,314,impedance,24,[2.0080e+03 8.0000e+00 2.0000e+01 1.0000e+00 3.4000e+01 4.4437e+01],,,,,,,,,,,,,,,,,,,823.5327785241819,341.32906880467857,2.4871480685685254,0.19855503810180034,,0.06606850271516486,0.08895885074391789
B0018,315,charge,24,[2.0080e+03 8.0000e+00 2.0000e+01 2.0000e+00 6.0000e+00 3.7718e+01],4.171070568365157,3.327416602885117,4.203240633615815,0.07362778152941518,0.48271582458399365,-3.821018440638059,1.5197423901620675,0.5761760752822892,24.827762393081734,23.267467060125956,28.313325054253593,1.5291722098123832,10440.172,4.406832878581174,0.47876125511596185,,,,,,,,,,
B0018,316,discharge,24,[2.008e+03 8.000e+00 2.000e+01 5.000e+00 2.000e+00 2.960e-01],3.447650049442191,2.2786338886500292,4.185252405343103,0.2701822921841344,-1.7884847819526568,-2.011864019911752,0.003419727085108473,0.6271065213681674,31.52613649688221,23.401477050368772,38.67191958148309,4.01073484507329,2753.25,,,,,1.3547969729652622,,,,,,,
B0018,317,charge,24,[2008.       8.      20.       5.      49.      31.828],4.161912167742629,3.1744676224724424,4.202842541373347,0.09390336906576242,0.5062811902823964,-3.584746455118629,1.5207526729711982,0.5872631651191754,25.37597644051525,22.985316219542653,34.01308891174985,2.545304952430742,9985.172,4.375052894924947,0.5022101501072195,,,,,,,,,,
B0018,318,discharge,24,[2008.       8.      20.       8.      37.      19.515],3.447928507599004,2.3655846763383734,4.185763363191996,0.2633941942740437,-1.77774044867741,-2.0128686821286053,0.003082458417792545,0.6406746344246685,31.27624493654335,23.123582937943876,38.371813640118894,4.0288319974474485,2742.843,,,,,1.341051440640485,,,,,,,
