battery,cycle_index,type,ambient_temperature,time,sense_current_mean,battery_current_mean,current_ratio_mean,battery_impedance_mean,Re,Rct
B0005,40,impedance,24,[2008.       4.      18.      20.      55.      29.859],816.4267024624833,323.1039834618639,2.5672845748527484,0.2089502079760751,0.0446687003661609,0.0694562730453699
B0005,42,impedance,24,[2008.       4.      18.      22.      39.      16.312],815.0319260564542,323.62563296584096,2.577993338104437,0.2147716181768545,0.0466870016248693,0.0762747409853058
B0005,44,impedance,24,[2.0080e+03 4.0000e+00 1.9000e+01 2.0000e+00 1.4000e+01 2.7015e+01],815.7607203654292,323.7401647247099,2.563344240889593,0.2087162071516686,0.044843430573346,0.0679720560130687
B0005,46,impedance,24,[2008.       4.      19.       3.      57.      24.187],814.6736806203832,324.4263457076668,2.5666109097649072,0.2129473531393761,0.0461946895509937,0.0745338891843796
B0005,48,impedance,24,[2008.       4.      19.       7.      32.      33.656],816.2461883667588,323.0674710450523,2.5690406786621485,0.2092581728649849,0.04510114851143,0.0685283289600032
B0005,50,impedance,24,[2008.       4.      19.       9.      15.      10.453],813.8002245891472,325.4500530814132,2.5583535487906635,0.2125279892780493,0.0459907447307683,0.0734266410877331
B0005,52,impedance,24,[2.008e+03 4.000e+00 1.900e+01 1.200e+01 4.700e+01 4.210e-01],816.2106388510329,323.21785861804847,2.5721523467186267,0.2096433565356756,0.0441720755771717,0.0680444951699617
B0005,54,impedance,24,[2008.       4.      19.      14.      28.      58.984],814.4735219004697,324.67605210529206,2.5660148334284205,0.2132998694791866,0.0452171085992494,0.0746477840841336
B0005,56,impedance,24,[2008.       4.      19.      18.      12.      47.531],816.2051351626425,323.6141530549878,2.568100877295447,0.2092859034459832,0.0437866281960759,0.0684502122707276
B0005,58,impedance,24,[2008.       4.      19.      19.      55.       5.296],814.0944469300438,325.3383029492804,2.5617997429128456,0.2127910864720774,0.0449099454136579,0.0739568760325419
B0005,60,impedance,24,[2008.       4.      19.      23.      27.      13.343],816.2964766702971,323.0223718739734,2.5727601658868755,0.2097048351944546,0.0446393219887852,0.0683410113732366
B0005,62,impedance,24,[2.0080e+03 4.0000e+00 2.0000e+01 1.0000e+00 8.0000e+00 1.1406e+01],814.3610070435101,324.74823476745433,2.564998307514798,0.213144763813216,0.0471704408693174,0.072081121644792
B0005,64,impedance,24,[2008.       4.      20.       4.      39.      59.296],816.4055434636157,323.69922891239395,2.5638109065145387,0.2087768852933477,0.0435587857754753,0.0686823765587221
B0005,66,impedance,24,[2008.       4.      20.       6.      20.      57.125],813.5343382462119,325.804179635289,2.5549128777347034,0.2119514965869997,0.0464896970863564,0.0710290933933924
B0005,68,impedance,24,[2.0080e+03 4.0000e+00 2.0000e+01 1.0000e+01 1.0000e+00 4.6156e+01],816.3768498754638,323.27989966228057,2.567211260912753,0.2091168961499828,0.0452654781826178,0.0681437253042456
B0005,70,impedance,24,[2008.       4.      20.      11.      42.      26.062],814.1873813652063,325.00273238116165,2.56421503142572,0.2128180786701313,0.0463622366817154,0.0719302986054303
B0005,72,impedance,24,[2008.      4.     20.     15.     22.     22.64],816.0602136712378,323.74642291390654,2.5618533569325352,0.2086334585919751,0.0444837157774346,0.0678255571971684
B0005,74,impedance,24,[2.008e+03 4.000e+00 2.000e+01 1.700e+01 3.000e+00 1.140e+00],814.0559567557078,325.3006589654104,2.560354852952912,0.2125483427978235,0.0448279130020564,0.072888269527583
B0005,76,impedance,24,[2008.       4.      20.      20.      35.      56.187],816.0645446470699,323.50378066322514,2.5655690833558134,0.2091233281246893,0.0444141648591004,0.0688580524121343
B0005,78,impedance,24,[2008.       4.      20.      22.      16.      35.078],813.1977076998731,326.0188230535403,2.55456949713139,0.2121871066588963,0.0446645067989457,0.0727868237536811
B0005,80,impedance,24,[2.0080e+03 4.0000e+00 2.1000e+01 2.0000e+00 0.0000e+00 1.9968e+01],816.0180115342195,323.4884656686245,2.5696585948066955,0.2094623538790992,0.0445354459002964,0.0677943469911627
B0005,82,impedance,24,[2008.       4.      21.       3.      26.      58.453],812.7456511788722,326.4404326008007,2.5501705536495773,0.2112146235161216,0.045021352455558,0.0694040818553967
B0005,86,impedance,24,[2008.       4.      22.      16.      33.       3.953],834.3467671339095,329.7605427096183,2.6088422157497924,0.204169244712495,0.0461064656426378,0.0704108330775636
B0005,88,impedance,24,[2008.       4.      22.      19.      54.      32.265],835.8887526465611,328.2512221429307,2.6221935585697858,0.2060717005639,0.0464625160005063,0.0699377430233672
B0005,90,impedance,24,[2008.       4.      22.      21.      24.      34.484],834.2855150530755,329.8020143497161,2.6077587955251857,0.2040874124417423,0.0476673249976311,0.0687014202685642
B0005,92,impedance,24,[2008.       4.      23.       0.      46.      24.921],835.9033654230419,328.081409713076,2.6220390123197603,0.2060690607295631,0.0477238545111998,0.0695041754421432
B0005,94,impedance,24,[2.008e+03 4.000e+00 2.300e+01 2.000e+00 1.600e+01 8.578e+00],834.2148141541592,329.935514342777,2.6038960934977515,0.2037795951299453,0.0478676951872586,0.0678285150105384
B0005,96,impedance,24,[2008.      4.     23.      5.     46.     32.89],835.690480880449,328.10890304564697,2.6226335608297795,0.2061177208205368,0.0469402296332379,0.069661211991841
B0005,98,impedance,24,[2008.       4.      23.       7.      16.       7.671],834.0595408643582,330.26931450496863,2.600334399106125,0.203384531080859,0.0456134190837229,0.0690386303340568
B0005,100,impedance,24,[2008.       4.      23.      10.      36.      13.156],837.0367820064852,327.06239852935647,2.6340292553347675,0.2075354715442657,0.0470279824320801,0.0711294674960708
B0005,102,impedance,24,[2008.       4.      23.      12.       5.      30.437],834.6662312921793,329.2653727664951,2.6132401106462737,0.2048275551177437,0.0467288723388305,0.0697112997292194
B0005,104,impedance,24,[2008.       4.      23.      15.      34.      37.843],837.2074435995327,326.57125558295434,2.6396246570271606,0.2081124596181813,0.0477553802626716,0.0716707961231252
B0005,106,impedance,24,[2008.       4.      23.      17.       3.      55.484],834.5727336797744,329.48423702974543,2.611752803658011,0.2045607718256385,0.046916225196282,0.0691334355475146
B0005,108,impedance,24,[2008.      4.     23.     20.     31.     10.75],836.3738531047999,327.7284294737983,2.6254641167583936,0.2064938918732452,0.0470229394468384,0.0697669618355563
B0005,110,impedance,24,[2008.       4.      23.      22.       0.      19.218],834.2083630473444,329.79991862373186,2.609504988630543,0.2042298584635636,0.046604793185003,0.068522152288229
B0005,112,impedance,24,[2.0080e+03 4.0000e+00 2.4000e+01 1.0000e+00 1.9000e+01 4.6171e+01],836.9902317215368,327.4210166381997,2.6334596483175075,0.2072948284918152,0.046245370477528,0.0719248993978976
B0005,114,impedance,24,[2.0080e+03 4.0000e+00 2.4000e+01 2.0000e+00 4.8000e+01 3.5687e+01],834.7697535531528,329.1304126308298,2.616020379413835,0.2050161808055928,0.0468329399301112,0.0694689689962164
B0005,116,impedance,24,[2008.       4.      24.       6.      18.      12.171],837.0955215795121,326.97942631027644,2.637268739424844,0.2077058408843159,0.0461861033675123,0.0719378705603448
B0005,118,impedance,24,[2008.       4.      24.       7.      46.      53.906],834.1564071579614,330.06769938462736,2.603097207056097,0.2036885751573788,0.0462413666398642,0.0693491690279701
B0005,120,impedance,24,[2008.       4.      24.      11.      17.      36.359],837.0665785543844,326.75009584247334,2.6386814565751457,0.2079200623048283,0.0477373701431311,0.0703395836124857
B0005,122,impedance,24,[2008.       4.      24.      12.      46.       8.171],835.8814687952621,327.9080220813568,2.6274729444938525,0.206531301952711,0.0494274834363881,0.0695498357572787
B0005,124,impedance,24,[2008.       4.      24.      16.      14.       7.906],837.0241797794938,326.66504174084383,2.636866726182641,0.2077385501958587,0.048383341548765,0.0697381270154479
B0005,126,impedance,24,[2008.       4.      24.      17.      42.      40.796],834.980705989275,328.7053828720068,2.619172523157122,0.2055014205366769,0.0474784168879776,0.064882971709559
B0005,128,impedance,24,[2008.       4.      24.      21.       6.      22.828],837.0934832250264,326.72089630815884,2.637502096277194,0.2078583090140432,0.0480375100392994,0.0701251142477667
B0005,130,impedance,24,[2008.       4.      24.      22.      34.      45.921],834.7036611656455,329.3255829490283,2.611493129040421,0.2046670727385484,0.047703621105183,0.0685981303777479
B0005,132,impedance,24,[2.008e+03 4.000e+00 2.500e+01 1.000e+00 5.700e+01 7.593e+00],836.9084942173207,327.32505912084247,2.6295050832105784,0.2070292359294911,0.0480869600733819,0.0697134641311117
B0005,136,impedance,24,[2008.       4.      25.      21.       0.      31.421],834.5372631868239,329.4329760582212,2.609660352803526,0.2044504712723088,0.0481510465595772,0.0677220781982593
B0005,138,impedance,24,[2008.       4.      26.       0.      32.      46.968],838.204883617367,325.6358285001007,2.6494244318991957,0.2093721523975009,0.0475472817403881,0.073180098911682
B0005,140,impedance,24,[2.0080e+03 4.0000e+00 2.6000e+01 2.0000e+00 0.0000e+00 5.2359e+01],835.2351155936667,328.59693050773376,2.6180238079728926,0.2054494298802626,0.0475901338231921,0.0691427287466927
B0005,142,impedance,24,[2008.       4.      26.       5.      25.      46.234],837.6866589328711,326.01593443720213,2.647118135860392,0.2089373020387608,0.0476409209894885,0.0716524732655295
B0005,144,impedance,24,[2008.       4.      26.       6.      53.      34.171],835.0510423249949,328.9049611936704,2.618392073864485,0.2054213127289088,0.0476402406175778,0.0689827792391044
B0005,146,impedance,24,[2008.       4.      26.      10.      26.      36.718],838.1514651929474,325.42545041170905,2.6507022663561446,0.2095022863272204,0.0484243695317731,0.0724998374901
B0005,150,impedance,24,[2008.       4.      29.      13.      12.      54.375],834.9877063220162,328.2033226432159,2.624590035157304,0.206166915832462,0.0489338618553407,0.0679599018011362
B0005,152,impedance,24,[2008.       4.      29.      16.      33.      38.281],837.4499380047514,325.67066227873914,2.648272387038691,0.2091405442344027,0.0494307456487187,0.0701407541984291
B0005,154,impedance,24,[2.0080e+03 4.0000e+00 2.9000e+01 1.8000e+01 2.0000e+00 2.1296e+01],835.4368356823937,327.8874077220492,2.6277505926245497,0.2065197118436457,0.0493230071767182,0.068956429145285
B0005,156,impedance,24,[2008.      4.     29.     21.     28.     15.14],837.6724268416374,325.6807647056669,2.647001790263301,0.2090876973602294,0.0497482254301438,0.0711299384497784
B0005,158,impedance,24,[2008.       4.      29.      22.      56.      30.656],835.383952686199,328.0591835909301,2.6241797144181738,0.2062227842457085,0.0491220287704245,0.0689095684745689
B0005,160,impedance,24,[2.008e+03 4.000e+00 3.000e+01 2.000e+00 1.200e+01 5.609e+00],838.3719419487073,324.94523940582604,2.657953982919204,0.2102115875561611,0.0498848659447539,0.0719830276512561
B0005,162,impedance,24,[2008.      4.     30.      3.     40.      3.39],835.4196653315342,328.1857165867579,2.622169969684712,0.2059993736749472,0.0478594492467187,0.0697725560852867
B0005,164,impedance,24,[2008.       4.      30.       7.       9.      52.656],838.1173205536699,325.3876432688138,2.653283730384198,0.209743037293846,0.0492163809321789,0.0714637439793728
B0005,166,impedance,24,[2008.       4.      30.       8.      37.      42.406],835.138010816961,328.38821352703764,2.6214512733998347,0.2058319611711608,0.0488722901342319,0.0687680915386681
B0005,168,impedance,24,[2008.       4.      30.      11.      56.      59.203],838.1219050686453,325.34434132788607,2.651651629367932,0.2095306807260625,0.0499459389365634,0.0708870426164587
B0005,170,impedance,24,[2008.       4.      30.      13.      24.      39.734],834.3920446133253,329.02914218872075,2.614291123691746,0.204968742306807,0.0482964391953501,0.0673151471016695
B0005,172,impedance,24,[2008.       4.      30.      16.      48.      25.875],838.0427104654187,324.93148965975416,2.6555039992762497,0.2100465940672698,0.0489696051479402,0.0717816850521735
B0005,174,impedance,24,[2008.      4.     30.     18.     16.      7.25],835.1017439252818,328.5043308185183,2.6204832519740178,0.2057111980602126,0.0481470922660249,0.0684158918231915
B0005,176,impedance,24,[2008.       4.      30.      21.      43.       3.656],838.5425048797741,324.7277139950586,2.6600151196032606,0.2105364593509354,0.0502293760251405,0.0718319241428618
B0005,178,impedance,24,[2008.       4.      30.      23.      10.      36.859],835.5258201481756,328.16940989658747,2.6242221785483317,0.2061771966863342,0.0484543002020658,0.0677793505105271
B0005,180,impedance,24,[2.0080e+03 5.0000e+00 1.0000e+00 2.0000e+00 4.3000e+01 4.2562e+01],837.5929855221048,325.73706323676095,2.646691278369778,0.2089788538330734,0.0497152666250807,0.0713902715439566
B0005,182,impedance,24,[2.008e+03 5.000e+00 1.000e+00 4.000e+00 1.100e+01 7.078e+00],834.4056267146894,329.135202877332,2.613272481278901,0.2048138930642506,0.0486802529332838,0.0658344484636432
B0005,184,impedance,24,[2.0080e+03 5.0000e+00 1.0000e+00 7.0000e+00 4.4000e+01 1.2656e+01],837.907481450342,325.4096941510816,2.6484760813680603,0.2093215445421535,0.0491321660184356,0.0724518691988788
B0005,186,impedance,24,[2.0080e+03 5.0000e+00 1.0000e+00 9.0000e+00 1.1000e+01 2.7593e+01],835.4399899480637,327.7816395040363,2.6272841373109643,0.2065523881625553,0.0499187289835067,0.0687646330950239
B0005,188,impedance,24,[2.0080e+03 5.0000e+00 1.0000e+00 1.2000e+01 4.2000e+01 3.4015e+01],838.3547763101793,325.05479827507725,2.654881911995984,0.2100621496327399,0.0492096832252982,0.073040250995097
B0005,190,impedance,24,[2.008e+03 5.000e+00 1.000e+00 1.400e+01 9.000e+00 5.064e+01],835.7553850725984,327.4254390430073,2.6315012124052983,0.2070434313789081,0.0494366495395998,0.0689230088556077
B0005,192,impedance,24,[2.0080e+03 5.0000e+00 1.0000e+00 1.7000e+01 3.9000e+01 2.0015e+01],838.5036314831835,324.6959987767135,2.659044542005708,0.2104473052709137,0.0495063161655938,0.07251082944035
B0005,194,impedance,24,[2.0080e+03 5.0000e+00 1.0000e+00 1.9000e+01 6.0000e+00 2.6859e+01],835.4581645129338,327.64837361398355,2.629861809092603,0.2067963638525976,0.0494033398878436,0.0686484623872513
B0005,196,impedance,24,[2.0080e+03 5.0000e+00 1.0000e+00 2.2000e+01 3.8000e+01 2.4062e+01],838.3215761825096,325.00492930788454,2.6539525267058197,0.2098862488146859,0.0486517627795967,0.0720176209117095
B0005,198,impedance,24,[2.0080e+03 5.0000e+00 2.0000e+00 0.0000e+00 5.0000e+00 3.1015e+01],835.952403556923,327.73031384698584,2.6304424330149687,0.2069082060078075,0.0491550198024464,0.0691308686370358
B0005,200,impedance,24,[2.0080e+03 5.0000e+00 2.0000e+00 3.0000e+00 2.1000e+01 4.3218e+01],838.7284115568063,324.8002902240837,2.655990844905849,0.2102945361480777,0.0491657556837128,0.0731699361800272
B0005,202,impedance,24,[2.0080e+03 5.0000e+00 2.0000e+00 4.0000e+00 4.8000e+01 3.3343e+01],835.5301954877526,328.11025130400844,2.623254734188945,0.2061748942665809,0.0487016128372702,0.0685945550745758
B0005,204,impedance,24,[2.0080e+03 5.0000e+00 2.0000e+00 8.0000e+00 1.2000e+01 4.9328e+01],838.8026521609039,324.42614877199827,2.6642964069140125,0.2109461409656282,0.0492342734208827,0.0727712073374357
B0005,206,impedance,24,[2.0080e+03 5.0000e+00 2.0000e+00 9.0000e+00 3.9000e+01 4.0343e+01],836.0659801261996,327.44501119890305,2.6323410702800443,0.207087274664881,0.0488567734576694,0.0687157076798943
B0005,208,impedance,24,[2.0080e+03 5.0000e+00 2.0000e+00 1.3000e+01 1.1000e+01 1.3468e+01],839.5267513442935,324.0075445183608,2.6665298488810425,0.2114544501229989,0.0505475864921389,0.0727086679457494
B0005,210,impedance,24,[2.0080e+03 5.0000e+00 2.0000e+00 1.4000e+01 3.7000e+01 5.5109e+01],836.2502786029128,327.2319805954702,2.6346395950610133,0.2074495212890189,0.0506497585783765,0.0685353610479945
B0005,212,impedance,24,[2.008e+03 5.000e+00 2.000e+00 1.800e+01 1.100e+01 3.593e+00],839.2569858821221,324.083080760236,2.6632966570424426,0.211050935266672,0.0501188147421075,0.0730104108966134
B0005,216,impedance,24,[2008.       5.       3.       0.      18.      59.734],836.448594386316,327.4056088437735,2.634763046324748,0.207384118992164,0.0491324268769509,0.0693303248319639
B0005,218,impedance,24,[2008.       5.       3.       3.      41.      16.453],839.3848130486011,324.12874548858485,2.666144293020278,0.2113193686894534,0.0497925673190261,0.073436503616202
B0005,220,impedance,24,[2008.       5.       3.       5.       7.      41.812],835.8853341053895,327.74562470146594,2.627094166507477,0.2066397763603405,0.0496331359162434,0.0688142967101813
B0005,222,impedance,24,[2008.       5.       3.       8.      38.      27.484],839.4421363862119,324.3574187768172,2.6636566383092237,0.2111054715891762,0.0498653780666,0.0732133898164959
B0005,224,impedance,24,[2008.       5.       3.      10.       4.      43.296],836.1026773880131,327.7372985393271,2.631384318192622,0.2069431691788686,0.0489212903564022,0.0688393136276158
B0005,226,impedance,24,[2008.       5.       3.      13.      32.      41.671],839.5871002813286,324.163169040436,2.6636165160887426,0.2111630362531068,0.0498119327855388,0.074596186052064
B0005,228,impedance,24,[2008.       5.       3.      14.      58.      49.093],836.3060782441058,327.60871183793137,2.631461399496392,0.2070765295400679,0.0497512574980347,0.0686389241999605
B0005,230,impedance,24,[2008.       5.       3.      18.      26.      20.765],839.5593232895998,324.0835013087805,2.667122325302853,0.2114236485063634,0.0485067348899718,0.0745830977634214
B0005,232,impedance,24,[2008.       5.       3.      19.      52.      28.578],836.5456888923045,327.265575769867,2.632759522785109,0.2073183257650584,0.0491591819629816,0.0690673447997324
B0005,234,impedance,24,[2008.      5.      3.     23.     10.     37.25],839.7874282039202,323.8743693320104,2.669926299196223,0.2116490066805469,0.0500230742033395,0.0736638387977965
B0005,236,impedance,24,[2008.       5.       4.       0.      36.      36.703],836.6269198639442,327.3274496673972,2.631944337954916,0.2072477357055259,0.0497080870965655,0.0683000614609565
B0005,238,impedance,24,[2008.       5.       4.       4.       9.      47.078],839.9707138579415,323.6885846575516,2.667052264101448,0.2115767910335728,0.0502046904378658,0.0737188582159762
B0005,240,impedance,24,[2008.       5.       4.       5.      35.      36.578],836.7188501773367,327.2781286095733,2.6332622803338617,0.2073779715278406,0.0489506608038353,0.0696326738615232
B0005,242,impedance,24,[2008.       5.       4.       9.       8.      18.734],840.1680216416013,323.30219660460256,2.6757232413383782,0.2123683931071223,0.0497585734077315,0.0746561776087558
B0005,244,impedance,24,[2008.       5.       4.      10.      34.       8.906],836.4678477696458,327.0369554308565,2.638515684111436,0.207787936978105,0.0498083962553727,0.069022987629394
B0005,246,impedance,24,[2008.       5.       4.      14.       6.      20.031],840.161759158494,323.53751314070354,2.674275746489854,0.2122147721693162,0.0496867550378329,0.0735542582193973
B0005,248,impedance,24,[2.008e+03 5.000e+00 4.000e+00 1.500e+01 3.200e+01 1.953e+00],836.7433175564938,327.0748059344892,2.63869471096548,0.2078150116182711,0.0505941138997434,0.0685832846047841
B0005,250,impedance,24,[2008.       5.       4.      19.       5.      14.343],840.3200593099737,323.1759404561485,2.673288636141528,0.212296553796231,0.0499500570704977,0.0746229428074614
B0005,252,impedance,24,[2008.       5.       4.      20.      30.      47.687],837.1723217222221,326.5334442760286,2.643834876170254,0.2084482510251861,0.0498442104120108,0.0701407010789011
B0005,254,impedance,24,[2.008e+03 5.000e+00 5.000e+00 0.000e+00 4.000e+00 2.500e-01],840.3389833614729,323.2766354759185,2.6771204070647285,0.2125095040681395,0.0502825642512583,0.0736039114233682
B0005,256,impedance,24,[2.0080e+03 5.0000e+00 5.0000e+00 1.0000e+00 2.9000e+01 2.4203e+01],837.2166580464954,326.58497657238263,2.6438836578744205,0.2084941917140838,0.0500627022920359,0.0697911803878999
B0005,258,impedance,24,[2008    5    5    4   56   20],840.2326270767984,323.2527863335741,2.675766005030896,0.2124745133313619,0.0499200778190466,0.074642062777058
B0005,260,impedance,24,[2008.       5.       5.       6.      21.      44.546],837.0903189950595,326.9268602616466,2.6351343282756603,0.2076850244274646,0.049214459164823,0.0699083630110742
B0005,262,impedance,24,[2008.      5.      5.      9.     54.     58.25],840.9616563562191,322.6968838691559,2.6831914430894224,0.2132826906538187,0.0500799643501363,0.0754771092928152
B0005,266,impedance,24,[2008.      5.      5.     21.     33.     38.39],841.7954315657298,321.6180072876169,2.6933509934990063,0.2146976403220896,0.0546921850263593,0.0746459936002273
B0005,268,impedance,24,[2.0080e+03 5.0000e+00 6.0000e+00 1.0000e+00 6.0000e+00 5.2015e+01],845.123850059577,317.9524732014788,2.733161632929034,0.2194984497455659,0.0548732021154092,0.0793440364411719
B0005,270,impedance,24,[2.0080e+03 5.0000e+00 6.0000e+00 2.0000e+00 3.1000e+01 5.9093e+01],841.7372128402643,321.6639810526565,2.6947302789609924,0.2148201727129585,0.0541567528107865,0.0750584366774359
B0005,272,impedance,24,[2008.       5.       6.       6.       5.      11.921],845.5703348567355,317.4280299855055,2.740733873402199,0.220203596794696,0.0552404998627662,0.0800235935822896
B0005,274,impedance,24,[2008.       5.       6.       7.      30.      10.578],842.740895816654,320.84429298186666,2.7068751654142496,0.216058741128714,0.0545428097805622,0.0759237919999139
B0005,276,impedance,24,[2008.       5.       6.      10.      53.      26.531],845.873999795942,317.26255798655234,2.744221847336879,0.2204935089473179,0.0550803683287425,0.0804500816192199
B0005,278,impedance,24,[2008.       5.       6.      12.      18.      26.171],842.1304393275119,321.0551806971193,2.7032423902376514,0.2157692365481696,0.0533986718642586,0.0756288961003857
B0005,280,impedance,24,[2008.       5.       6.      15.      51.      41.546],846.0806401439836,316.71779938908713,2.748525810548004,0.2211470593584353,0.0548457849434252,0.0809952791439065
B0005,282,impedance,24,[2008.       5.       6.      17.      16.      40.109],842.0601639097746,320.8680866754169,2.705023763883942,0.2158362271959534,0.0554532594769747,0.0748392292244765
B0005,284,impedance,24,[2008.       5.       6.      20.      49.      54.421],847.0394564336362,315.73130388115027,2.75981706391419,0.2222909719056283,0.0580894926860419,0.0790061137619081
B0005,286,impedance,24,[2008.       5.       6.      22.      14.      45.453],843.3712727757066,319.8033743395465,2.71528983497727,0.2171773991052416,0.0570384986405566,0.0744541940566049
B0005,288,impedance,24,[2.0080e+03 5.0000e+00 7.0000e+00 1.0000e+00 4.5000e+01 3.0125e+01],846.8126371368757,315.9708126989933,2.7560652358649507,0.2219523587214045,0.0563999943051261,0.0818149196701257
B0005,290,impedance,24,[2008.       5.       7.       3.      10.      20.671],844.1206917191836,319.2772117562526,2.7198606859559766,0.2178189930826988,0.0569517725026997,0.0770693559626086
B0005,292,impedance,24,[2008.       5.       7.       6.      32.       6.906],847.2021446589497,315.74857413636454,2.7614263388326505,0.2226274889830538,0.0571591479145079,0.0808669662369406
B0005,294,impedance,24,[2008.      5.      7.      7.     56.     39.25],843.7974672343644,319.816526031934,2.715644552281441,0.2173602130452346,0.0559586456272992,0.076095696370702
B0005,296,impedance,24,[2008.       5.       7.      11.      29.      54.546],847.4548496558145,315.5546887202032,2.7632864361567893,0.2226779402327607,0.0569987938629429,0.0825010076441602
B0005,298,impedance,24,[2008.      5.      7.     12.     54.     18.25],844.0005297748048,319.0578205302282,2.726471474519472,0.2183959564678507,0.0569901090756038,0.0764828902963887
B0005,300,impedance,24,[2008.       5.       7.      16.      27.      34.437],847.6230762235236,315.5528109496972,2.7626580973718835,0.2228253124963368,0.057915946777513,0.0817505708315127
B0005,302,impedance,24,[2008.       5.       7.      17.      51.      59.125],844.5955494946614,318.25360088045494,2.7327547964440195,0.2193801083640415,0.0570007691806397,0.0774112451988569
B0005,304,impedance,24,[2008    5    7   21   24   14],847.8517101425996,315.2369287278313,2.7654052876992026,0.2231203421384223,0.0585831887959693,0.0826941645735358
B0005,306,impedance,24,[2008.      5.      7.     22.     48.     38.75],844.4720907978057,318.5017429669526,2.7295409008994027,0.2188801555160477,0.0572825654297649,0.0769202772121568
B0005,308,impedance,24,[2.0080e+03 5.0000e+00 8.0000e+00 2.0000e+00 2.1000e+01 5.4109e+01],847.5661850202656,315.66706219861595,2.758484416346873,0.2224566481650138,0.0568441123963582,0.082272625759776
B0005,310,impedance,24,[2008.       5.       8.       3.      46.       9.968],844.873918422057,318.64252078054386,2.727649200890967,0.2188597951543767,0.0589529203196688,0.0773517020399742
B0005,311,impedance,24,[2008.       5.       9.      11.      53.      10.593],848.0469115799127,314.94925784831327,2.769597801372297,0.2233915833619056,0.0566720346295509,0.0829157329641766
B0005,313,impedance,24,[2008.       5.       9.      13.      19.      35.703],843.8644966909009,319.12751792886826,2.7244457860125983,0.2182454365651607,0.0582233615105249,0.0761509211548619
B0005,316,impedance,24,[2008.       5.       9.      21.      21.       3.765],843.8913086288788,319.14511475844296,2.723927224122614,0.2180947777787554,0.0577983771069902,0.0751897173316691
B0005,318,impedance,24,[2008.       5.      10.       0.      49.      59.984],847.1681194889597,316.00475913605607,2.7575115102615952,0.2221713551144598,0.058693615611032,0.0809967398338894
B0005,320,impedance,24,[2.0080e+03 5.0000e+00 1.0000e+01 2.0000e+00 1.4000e+01 4.2109e+01],843.5820664057874,319.317927504224,2.7185540875021315,0.2176766876503299,0.0581005359089264,0.0760463990238758
B0005,322,impedance,24,[2008.       5.      10.       5.      46.      15.296],846.9982436201291,316.2522354265803,2.756071832187892,0.2219919639025256,0.0568735509905479,0.080792347724638
B0005,324,impedance,24,[2008.       5.      10.       7.      10.      49.593],844.1898162379916,318.85026947755256,2.7240581091171587,0.2184663697093309,0.0578193912169896,0.0762079225206609
B0005,326,impedance,24,[2008.       5.      10.      10.      44.       7.859],847.4324937097432,315.72183255096945,2.759752538845253,0.222385569162635,0.0584012267602933,0.0816166339541188
B0005,328,impedance,24,[2008.       5.      10.      12.       8.      32.875],844.2459976906551,318.7534194629905,2.730128279602616,0.2188373889749443,0.0572959758556255,0.0760311580801822
B0005,330,impedance,24,[2008.      5.     10.     15.     39.     59.14],847.562233967762,315.4924476232496,2.762884370995061,0.2228931588263483,0.0571392616497832,0.0820304274361046
B0005,332,impedance,24,[2008.       5.      10.      17.       4.      16.015],844.5403875809164,318.2867471357278,2.7341498811660814,0.2194677114798898,0.0570119156613033,0.077937531010241
B0005,334,impedance,24,[2008.       5.      10.      20.      35.      57.437],847.7641287764969,315.05817579382466,2.7657619606876,0.2232320134065518,0.056846750542401,0.0843093490529676
B0005,336,impedance,24,[2008.       5.      10.      22.       0.       5.781],844.2484527869195,318.6178535209128,2.7271128661776296,0.2187895899613283,0.0573916045757455,0.0773208301126552
B0005,338,impedance,24,[2.0080e+03 5.0000e+00 1.1000e+01 1.0000e+00 3.3000e+01 2.4437e+01],848.1465161948568,314.784644364426,2.7720013049295136,0.2239036904406566,0.0597145830687632,0.081280778737871
B0005,340,impedance,24,[2.0080e+03 5.0000e+00 1.1000e+01 2.0000e+00 5.7000e+01 3.2984e+01],844.7754290000845,318.4617045876552,2.7306003089654296,0.2190669842833079,0.0566940115944566,0.0775632251844298
B0005,342,impedance,24,[2008.      5.     11.      6.     23.     30.25],848.1542096787824,314.62651686782584,2.768743517239249,0.2235673912563683,0.0578764894862572,0.0827621596207595
B0005,344,impedance,24,[2008.       5.      11.       7.      47.      30.468],845.0892647838904,317.9169659373088,2.736452264957048,0.2196863956824128,0.0571136365905529,0.0788997342664049
B0005,346,impedance,24,[2008.       5.      11.      11.      20.      49.578],848.0763501138204,314.8021940253889,2.771421569953082,0.2238727235664202,0.0571060525925708,0.0838933915955351
B0005,348,impedance,24,[2008.       5.      11.      12.      44.      40.703],845.6183098866683,317.47855776700635,2.743561757241832,0.2205160644157584,0.0584106740410329,0.0778794279816579
B0005,350,impedance,24,[2.008e+03 5.000e+00 1.100e+01 1.600e+01 1.800e+01 8.120e-01],848.186801618132,314.8729830334906,2.7681039164787733,0.2236094834363301,0.0583244011522277,0.0823356083860003
B0005,352,impedance,24,[2008.       5.      11.      17.      41.      53.265],844.794851867158,318.3263295521395,2.7303086250455277,0.2190793617525116,0.057206589538471,0.0781418167018895
B0005,354,impedance,24,[2008.       5.      11.      21.      15.      14.843],848.300308726862,314.9722959708992,2.7684835424938004,0.2234089049419117,0.0585398872773731,0.0825995740858869
B0005,356,impedance,24,[2008.       5.      11.      22.      38.      57.843],845.0644857188172,317.98134359200134,2.737199139595269,0.2197299877060493,0.0568695950036647,0.0785197111729298
B0005,358,impedance,24,[2.008e+03 5.000e+00 1.200e+01 2.000e+00 5.000e+00 7.030e-01],848.8716460975479,313.9766202980257,2.781451435076818,0.2249089101979343,0.0576100022715738,0.0836176940705274
B0005,360,impedance,24,[2008.       5.      12.       3.      28.      34.484],845.5434999701366,317.8047565547476,2.736528617407007,0.2198640410883881,0.0575892775490864,0.0785848385140241
B0005,362,impedance,24,[2008.       5.      12.      12.      24.      36.453],848.8882082505553,314.10252681577373,2.7793380285364147,0.2246263583348224,0.0568774408378622,0.0845362995717969
B0005,364,impedance,24,[2008.      5.     12.     13.     48.     19.89],845.3327960227467,317.3912330119223,2.742632220840728,0.2205183598653397,0.058412257957184,0.0781662290360033
B0005,367,impedance,24,[2008.       5.      12.      19.      51.      52.953],845.6854980334365,317.2281791506552,2.74411492660631,0.2207215545139809,0.0589828557974607,0.0784086979147182
B0005,369,impedance,24,[2008.       5.      12.      23.      21.      19.078],848.6806279120052,313.9923466686918,2.7781919492743667,0.2247234573680365,0.0601978908480714,0.0837734664524804
B0005,371,impedance,24,[2008.      5.     13.      0.     44.     53.25],845.7098427195275,317.1121510875971,2.7462761233045296,0.2208802101401859,0.0584328149625365,0.0787861210634423
B0005,373,impedance,24,[2008.      5.     13.      4.      3.     26.64],849.6639458543723,313.31631888380235,2.786983233059454,0.2256813670635629,0.0598835241626575,0.0836115676360818
B0005,375,impedance,24,[2008.       5.      13.       5.      26.      51.781],848.0647704229732,314.97446184676005,2.7721232043596675,0.2238418273509233,0.0608167592956564,0.080383887783223
B0005,377,impedance,24,[2008.      5.     13.      8.     52.      5.89],849.4205516464335,313.5530366102809,2.78395877849418,0.2253145128988905,0.0588751204970558,0.0837056242203838
B0005,379,impedance,24,[2008.       5.      13.      10.      15.       2.906],846.2053485579858,317.03975594781133,2.747124364244064,0.2211097198595698,0.058641305762534,0.0785632759961348
B0005,381,impedance,24,[2008.       5.      13.      13.      48.      25.875],849.362152664743,313.3712433350356,2.787949732623556,0.2257791815810972,0.0584451859295269,0.0843513765148262
B0005,383,impedance,24,[2008.       5.      13.      15.      11.      42.234],846.7351877813022,316.0881322359862,2.757083819664061,0.2221085734885328,0.0592571128269388,0.0800274325258343
B0005,385,impedance,24,[2008.       5.      13.      18.      32.      21.281],849.033001835419,313.552190483685,2.784527861249952,0.2254465122181458,0.0605512105499778,0.0832805147674182
B0005,387,impedance,24,[2008.       5.      13.      19.      55.      29.859],846.0403594261705,316.6010953709474,2.7511374222380502,0.2215232118937232,0.0587780177142386,0.0791833754695021
B0005,389,impedance,24,[2008.       5.      13.      23.      27.      26.625],849.0279956600052,313.8727916921682,2.779795171553951,0.224837472195325,0.0599502558921759,0.0831904359131708
B0005,391,impedance,24,[2008.      5.     14.      0.     50.     35.39],846.1426301113343,316.9292945006038,2.7496088538705883,0.2211888329222869,0.0583522776975031,0.0796471041873536
B0005,393,impedance,24,[2008.       5.      14.       4.      23.      57.968],849.4042741410836,313.6017895376252,2.782860918292286,0.2251265541909077,0.0595650130368422,0.0848701138092932
B0005,395,impedance,24,[2008.       5.      14.       5.      46.      58.078],846.4076673050153,316.72138519150127,2.748861194489836,0.2213487397436619,0.0589381873175043,0.0795379206555901
B0005,397,impedance,24,[2008    5   14    9   20   22],849.7307480347272,313.2305845836166,2.787745992899674,0.2258388001754875,0.05985334901025,0.0847391766373357
B0005,399,impedance,24,[2008.       5.      14.      10.      43.      12.953],846.2100631106478,316.84897868090496,2.749940227346904,0.2212824181008184,0.0584896827626018,0.0796437054686623
B0005,401,impedance,24,[2008.      5.     14.     14.      3.     22.75],849.9300544579736,312.795958192376,2.7927506321439672,0.2262705132334912,0.0587454802930831,0.0871172135034907
B0005,403,impedance,24,[2008.       5.      14.      15.      26.      13.546],846.6492039289391,316.1684882503757,2.757076366321088,0.2221209317468965,0.061340607558881,0.0773366502429688
B0005,405,impedance,24,[2008.      5.     14.     18.     59.     38.89],849.9894170387819,312.7975167999676,2.793170428508398,0.2261598509281882,0.0608376708448938,0.0849090277748801
B0005,407,impedance,24,[2008.      5.     14.     20.     22.     30.64],846.9080337623205,316.14704303603963,2.7568267252026266,0.222081705150331,0.0583427179433439,0.0799424615933393
B0005,409,impedance,24,[2008.       5.      14.      23.      55.      55.406],849.9175998137979,312.70151265998885,2.794691650222468,0.2263393049996974,0.0599376278681594,0.0847995018360561
B0005,411,impedance,24,[2.008e+03 5.000e+00 1.500e+01 1.000e+00 1.800e+01 3.789e+01],846.7561440987071,316.3723177528531,2.754860404857751,0.2218618651619312,0.0597953422651675,0.0796468273470384
B0005,413,impedance,24,[2008.       5.      15.       4.      52.       4.609],850.2466912455608,312.5202910140252,2.795074425228273,0.2265588882659048,0.0595958869181685,0.0851877517168028
B0005,415,impedance,24,[2008.       5.      15.       6.      14.      38.093],846.9959032337015,315.8770905528775,2.760944793140833,0.2225377460600968,0.0592039819796605,0.0800718110518393
B0005,417,impedance,24,[2008.       5.      15.       9.      48.       3.453],850.5200392091583,312.1950510199115,2.7995591009468144,0.2270829744133651,0.0584007435193973,0.086329382369691
B0005,419,impedance,24,[2008.       5.      15.      11.      10.      28.328],847.8313429979418,315.3839026074084,2.7667184167596437,0.2232743180461169,0.0613438943933263,0.0798929054274616
B0005,421,impedance,24,[2008.       5.      15.      14.      38.      58.781],850.6173103075192,312.2985511115282,2.7983074355944506,0.2269831101782146,0.0626050644034527,0.0850211189952597
B0005,423,impedance,24,[2.008e+03 5.000e+00 1.500e+01 1.600e+01 1.000e+00 2.339e+01],847.0615189357808,315.64762075033053,2.763068329222165,0.2227550839396528,0.0588198618845754,0.0791485479846983
B0005,425,impedance,24,[2008.       5.      15.      19.      24.      46.593],850.3759399812602,312.22004124568184,2.799361756576088,0.2270248839557916,0.0611519539173246,0.0848557762027261
B0005,427,impedance,24,[2008.       5.      15.      20.      47.      12.406],847.3659500300884,315.7039949970238,2.7619944634708866,0.2228022336105029,0.0604624618991758,0.0809266835646679
B0005,429,impedance,24,[2008.       5.      16.       0.       9.      33.937],850.2691081135168,312.8045306853792,2.7916168943465887,0.2262107220824723,0.0596306011999845,0.0850345675980089
B0005,433,impedance,24,[2008.       5.      16.      22.      28.      31.078],847.8405435896599,315.1880888229146,2.770049861051392,0.2236791858490414,0.0616073856822591,0.080201275049143
B0005,435,impedance,24,[2.0080e+03 5.0000e+00 1.7000e+01 2.0000e+00 0.0000e+00 1.2656e+01],851.0953047013969,311.3830252402087,2.812107772832132,0.2284383810342071,0.060986669920577,0.0858397688242258
B0005,437,impedance,24,[2008.       5.      17.       3.      22.      47.796],848.4667536290603,314.77770238384784,2.776724524406333,0.2243496316177151,0.0608027017838498,0.0818525572709485
B0005,439,impedance,24,[2008.       5.      17.       6.      53.      18.328],851.3019068174627,311.83236016026484,2.8051627204561487,0.2277213878706978,0.0610042570410988,0.0858843611487287
B0005,441,impedance,24,[2008.       5.      17.       8.      15.      45.265],849.0117795177504,313.9922336283819,2.7836014487212584,0.2253885764817073,0.061470756141698,0.0817075215636596
B0005,443,impedance,24,[2008.       5.      17.      11.      49.      14.296],852.2468164519956,310.2930598834885,2.824439896023371,0.2298480024661584,0.0623291478272736,0.0882216113892046
B0005,445,impedance,24,[2008.       5.      17.      13.      11.      30.687],848.9894217176115,314.02394061433216,2.7836531624233274,0.2252149724114339,0.0621410395185087,0.0817709914625596
B0005,447,impedance,24,[2008.       5.      17.      16.      43.      35.437],852.3274198735853,310.53981647027126,2.8227716195999197,0.2296531312864909,0.0615027627885515,0.0872699062901812
B0005,449,impedance,24,[2008.       5.      17.      18.       5.      53.796],848.9053398599085,314.10450187568546,2.781076481036184,0.2251035699577142,0.0596311497998398,0.0825760057270749
B0005,451,impedance,24,[2008.       5.      17.      21.      38.      49.296],852.1581929159192,310.70201928303663,2.820092353779605,0.2293738354036568,0.0614190799483374,0.0872037829252581
B0005,453,impedance,24,[2008.       5.      17.      23.       0.      48.453],849.0313756571304,313.86356664624054,2.783840029138242,0.2252280859087377,0.0610835125517299,0.0823999475840748
B0005,455,impedance,24,[2.0080e+03 5.0000e+00 1.8000e+01 2.0000e+00 3.3000e+01 1.7109e+01],852.3304942224286,310.94488517364806,2.816918095167464,0.2287432624093119,0.0612166514530719,0.0872819262712242
B0005,457,impedance,24,[2008.       5.      18.       3.      55.      17.546],848.9967982403147,313.9757145325231,2.7836061187038204,0.2252379082717633,0.0614838739971428,0.0826957971668608
B0005,459,impedance,24,[2008    5   18    7   28   48],852.7999814398287,310.3380253296529,2.82457112785803,0.2298071247083936,0.062704070176938,0.0867911180985442
B0005,461,impedance,24,[2008.       5.      18.       8.      50.      48.718],849.4688702732059,313.59266010270926,2.7890555949683744,0.2258293157034331,0.0617088861822979,0.083291697488554
B0005,463,impedance,24,[2008    5   18   12   12   46],852.7375955457668,310.32290101645214,2.8219700343858194,0.2296745906880173,0.0617261358358741,0.0883779260119075
B0005,465,impedance,24,[2008.       5.      18.      13.      34.      37.281],849.2730179931135,313.64722081154304,2.7871228817458955,0.2254774274877138,0.0608888989974135,0.0831103831068501
B0005,467,impedance,24,[2008.       5.      18.      17.       4.      27.234],852.4620778276845,310.51729926793774,2.819022756603484,0.2292988445726085,0.0618522370349969,0.0869792218467831
B0005,469,impedance,24,[2008.       5.      18.      18.      26.      10.015],849.6191953583296,313.48525127005905,2.787389289877272,0.2257400028588222,0.0610674345854302,0.0837543520358781
B0005,471,impedance,24,[2008.       5.      18.      21.      59.      40.796],853.3452019814886,309.4770485561825,2.831203473600181,0.2308122188204357,0.0631035810265918,0.088522345692425
B0005,473,impedance,24,[2008.       5.      18.      23.      21.      28.437],849.0784348219532,313.7754799565035,2.786319931309949,0.225655573016181,0.0608444500468935,0.0830822553741714
B0005,475,impedance,24,[2.008e+03 5.000e+00 1.900e+01 2.000e+00 5.500e+01 2.843e+00],852.8419227007477,309.75319409216854,2.8314334453611587,0.2306101157003532,0.0622874606045726,0.0892308757094791
B0005,477,impedance,24,[2008.       5.      19.       4.      16.      50.453],851.0071905221922,312.059015456729,2.803518414600862,0.2278150541485883,0.0635159491606317,0.0841181643319845
B0005,479,impedance,24,[2008.       5.      19.       7.      49.      12.843],852.8811938720811,309.9732022160286,2.8266520936356856,0.2301192139446131,0.0627054989316699,0.0883872445764871
B0005,485,impedance,24,[2.0080e+03 5.0000e+00 2.0000e+01 2.0000e+00 6.0000e+00 3.2234e+01],842.2615951927613,320.79631972142164,2.7043367370248568,0.2157915797721683,0.056098763360757,0.0751803131352498
B0005,487,impedance,24,[2008    5   20    5   40    3],845.5178013929713,317.8786797607173,2.734487718657645,0.2193508920563354,0.0532863816225583,0.0815685656842147
B0005,489,impedance,24,[2.008e+03 5.000e+00 2.000e+01 7.000e+00 1.000e+00 4.739e+01],842.2492127330858,320.901430177126,2.7024917604947194,0.2156154473335318,0.0543877753861583,0.0760419231865449
B0005,491,impedance,24,[2008.       5.      20.      10.      35.      19.875],846.1829598034919,316.6221993411047,2.74656235580888,0.2208383633107132,0.0529314747404537,0.0827569341149588
B0005,493,impedance,24,[2008.       5.      20.      11.      56.      55.343],842.5452585181101,320.7640524099746,2.7046881097252347,0.2159296765078847,0.0544764766226083,0.076731405470294
B0005,495,impedance,24,[2008.       5.      20.      15.      25.      23.625],846.2709515530141,316.44519711792367,2.7497721255360825,0.2211867204820158,0.0558892929774587,0.0822632105400608
B0005,497,impedance,24,[2008.       5.      20.      16.      46.      59.765],842.6262858472572,320.2674196090054,2.7090759937053264,0.2163774464889273,0.0559960790318425,0.0765144084909361
B0005,499,impedance,24,[2008.       5.      20.      20.      18.      35.187],846.2460746443472,316.7190029807076,2.7461531583729117,0.2207425891340362,0.058417783681159,0.0802980949053397
B0005,501,impedance,24,[2008.       5.      20.      21.      40.      11.843],842.4033467451785,320.6652612047501,2.704040959445824,0.2158723287954151,0.0522799658181192,0.0748661512325851
B0005,503,impedance,24,[2.008e+03 5.000e+00 2.100e+01 1.000e+00 7.000e+00 3.514e+01],846.4616780193952,316.391858394423,2.7501026716985444,0.2213161436392423,0.0564114331702625,0.0819223123309917
B0005,505,impedance,24,[2.008e+03 5.000e+00 2.100e+01 2.000e+00 2.900e+01 2.656e+00],842.704592789691,320.7797465964161,2.702221794441702,0.21579407926501,0.0535080453129486,0.0761041943808202
B0005,507,impedance,24,[2008    5   21    5   52   23],846.4386975677029,316.34928592240294,2.75281936364953,0.2213987183554946,0.0556801596408686,0.0817739908657299
B0005,509,impedance,24,[2008.      5.     21.      7.     13.     41.25],842.9639477520936,320.2668290545049,2.711348490459645,0.2166340145861286,0.0538928061839937,0.077783095605788
B0005,511,impedance,24,[2.008e+03 5.000e+00 2.100e+01 1.000e+01 4.600e+01 1.953e+00],847.2025711327655,316.0272550558691,2.7535066776535966,0.2215334466217157,0.0562102576035285,0.0832806716843878
B0005,513,impedance,24,[2008.       5.      21.      12.       7.      20.984],843.046494376444,320.0213101232176,2.7118223048629173,0.2167540234151791,0.0550026125417602,0.0770552542641119
B0005,515,impedance,24,[2008.       5.      21.      15.      38.      16.546],846.7683560904565,316.34110249988777,2.752328017736998,0.2214703860690845,0.0557945214118623,0.0829501208969064
B0005,517,impedance,24,[2008.      5.     21.     16.     59.     36.14],843.0231999793532,319.96021647803786,2.713870728573866,0.2169297075598627,0.0554779369160649,0.0770016735510511
B0005,519,impedance,24,[2008.       5.      21.      20.      30.       5.343],846.8445299183599,316.054570758969,2.755997631105304,0.2218845768250923,0.0577997146659989,0.0819030322921605
B0005,521,impedance,24,[2008.       5.      21.      21.      51.      16.781],843.0493422849335,320.17894968716627,2.709574533916769,0.2166331499421291,0.0551315981621806,0.0770556564481534
B0005,523,impedance,24,[2.0080e+03 5.0000e+00 2.2000e+01 1.0000e+00 1.0000e+01 5.4593e+01],847.0107620444677,316.08156703543807,2.753916613008045,0.2216966024479561,0.0557752947285812,0.0829467411842261
B0005,525,impedance,24,[2.008e+03 5.000e+00 2.200e+01 2.000e+00 3.200e+01 6.250e+00],843.4780212352034,319.7621462731843,2.713019115150496,0.2169290083856031,0.0558114389603303,0.0765519381759145
B0005,527,impedance,24,[2008.       5.      22.       6.       0.      35.953],847.5006644379479,316.06256570095275,2.753185562573545,0.2216719850338541,0.0565593913134022,0.0823749011789342
B0005,529,impedance,24,[2008.       5.      22.       7.      21.      37.921],843.6299949126866,319.58832662883674,2.71750265908254,0.2172569960349926,0.0551733907076003,0.0773022390461144
B0005,531,impedance,24,[2008.       5.      22.      10.      51.      17.265],847.2106487925554,315.3334489349406,2.7621745140531035,0.2224342864398758,0.0533442468786474,0.0844856223082752
B0005,533,impedance,24,[2008.       5.      22.      12.      12.      19.453],844.3124096671286,318.6522215523834,2.726917610124488,0.2184944808494409,0.0562033827658035,0.0784357489585933
B0005,535,impedance,24,[2008.       5.      22.      15.      45.      53.515],847.3350046628351,315.4213868505328,2.761610136508558,0.2224805907842266,0.0562624789782491,0.0830662312193171
B0005,537,impedance,24,[2008.       5.      22.      17.       6.      57.515],843.8985823994223,318.839458416126,2.7241327595163547,0.2181815217547999,0.0541228487641692,0.078534390669906
B0005,539,impedance,24,[2008.       5.      22.      20.      27.      44.765],847.4360933617166,315.4360650775615,2.761101677593359,0.2225963546888714,0.0533942499874629,0.0833563552790388
B0005,541,impedance,24,[2008.       5.      22.      21.      48.      39.015],843.7861588847982,319.2257869254534,2.720767500315016,0.2178618773206014,0.0554582382488268,0.0786606937217423
B0005,543,impedance,24,[2008.       5.      23.      11.      41.      10.187],850.44788219252,312.1337380191365,2.798891096955046,0.2268354930056691,0.0585452523507112,0.0883688518598075
B0005,545,impedance,24,[2.0080e+03 5.0000e+00 2.3000e+01 1.3000e+01 2.0000e+00 1.5484e+01],846.2751931180679,316.5899958131538,2.750139526006624,0.2213105544646996,0.0578494172996275,0.0807877386784969
B0005,548,impedance,24,[2008.       5.      23.      21.       3.      54.921],846.8853143271525,316.26208912317026,2.7545694140134214,0.2218921093684759,0.0586149960845794,0.0815465143150512
B0005,550,impedance,24,[2008.       5.      24.       0.      37.      15.656],850.2449509555418,312.49832051554154,2.7955872646401523,0.2263680380648572,0.0614238568689426,0.0849639039583958
B0005,552,impedance,24,[2.0080e+03 5.0000e+00 2.4000e+01 1.0000e+00 5.8000e+01 2.8718e+01],846.4911664004343,316.3412257020672,2.7544397048393594,0.2219191905957052,0.0551459068450945,0.0813192213089552
B0005,554,impedance,24,[2008.       5.      24.       5.      28.      14.078],850.3592276958021,312.36257287230904,2.799202383810256,0.2269374279202711,0.0595233803017997,0.0872083312129923
B0005,556,impedance,24,[2008.       5.      24.       6.      49.      19.062],847.745978215965,315.2881922543248,2.764625615201364,0.2230875787001548,0.0603952185069324,0.0811864906463204
B0005,558,impedance,24,[2008.       5.      24.      10.      10.      44.312],850.8810779353956,311.9314043069721,2.8026147341657257,0.2272305881157284,0.0592615908588067,0.0877786866945486
B0005,560,impedance,24,[2008.       5.      24.      11.      31.      49.718],847.465071050643,315.3640368138788,2.764470527794204,0.2229787498801333,0.0583733215181787,0.0816868861335481
B0005,562,impedance,24,[2008.       5.      24.      14.      59.       4.171],850.736980523492,311.8337104090962,2.801094017729825,0.227168946239192,0.0595237845894433,0.0884300775522404
B0005,564,impedance,24,[2.008e+03 5.000e+00 2.400e+01 1.600e+01 2.000e+01 1.515e+00],847.1733478426437,315.6335072453123,2.7611854379413896,0.2225964889538814,0.0589153175300952,0.0824288897344761
B0005,566,impedance,24,[2008.       5.      24.      19.      49.       7.109],850.5353649890479,312.01454078435825,2.8010041483523094,0.2269027188156729,0.0596766481170581,0.0858437497371109
B0005,568,impedance,24,[2008.       5.      24.      21.      10.       4.265],847.0066915196522,315.81681930021614,2.7593936129577776,0.2224893158138023,0.0567930805598689,0.0827724195106258
B0005,570,impedance,24,[2008.      5.     25.      0.     34.     43.14],850.3659584741796,312.4696168656697,2.794081540191961,0.226526666521068,0.0597598846304888,0.0866248363959436
B0005,572,impedance,24,[2.0080e+03 5.0000e+00 2.5000e+01 1.0000e+00 5.5000e+01 3.0531e+01],848.8121186281265,313.8895186480563,2.7820531647861864,0.2248757432781104,0.0615488024564626,0.0816665011580909
B0005,574,impedance,24,[2008.       5.      25.       5.      25.      11.093],850.553410637801,312.1856845909299,2.796760949541197,0.2265561913397732,0.0595025916574528,0.0863688291866818
B0005,576,impedance,24,[2008.       5.      25.       6.      45.      59.203],846.9486377240714,316.062853208251,2.754022237216405,0.2219763881682679,0.0581578571536546,0.0807663840903387
B0005,578,impedance,24,[2008.       5.      25.      10.      19.      30.093],851.2154153683517,311.441105333117,2.8055645459192977,0.2277450013799942,0.0595559805528939,0.0882183154162739
B0005,580,impedance,24,[2008.       5.      25.      11.      40.       9.609],847.2819689652015,315.456193674173,2.763847408614941,0.2229176387060162,0.0599824237438825,0.0804083760718141
B0005,582,impedance,24,[2.008e+03 5.000e+00 2.500e+01 1.500e+01 5.000e+00 1.687e+00],850.9744353650531,311.6799953725146,2.806634454223617,0.2276873456394583,0.0594913647911852,0.0887302979407742
B0005,584,impedance,24,[2008.      5.     25.     16.     25.     42.25],847.4430761311054,315.4542246629439,2.760928571038328,0.2226474803456096,0.0603212164966373,0.080340961111739
B0005,586,impedance,24,[2008.       5.      25.      19.      50.      54.953],851.0860660551549,311.48468508182594,2.8058857169520763,0.2276249543343314,0.0605211492470791,0.0875362397797066
B0005,588,impedance,24,[2008.       5.      25.      21.      11.      31.515],847.3494012588011,315.09173241563417,2.767491979370982,0.2232289774766821,0.0596068139816517,0.0821950835712786
B0005,590,impedance,24,[2008.       5.      26.       0.      40.      52.859],851.3226892698543,311.29049323424465,2.8086738117132426,0.2279732006301369,0.0598267789972628,0.0885380186023552
B0005,592,impedance,24,[2.0080e+03 5.0000e+00 2.6000e+01 2.0000e+00 1.0000e+00 2.9328e+01],848.0275315977057,314.86560320125017,2.7721271896072737,0.2237576469473538,0.0611546713152681,0.0812995137183745
B0005,594,impedance,24,[2008.       5.      26.       5.      28.      58.109],851.1963078803427,311.55154275900924,2.8030101634239486,0.2272799049728469,0.0579443936914469,0.0889051987685422
B0005,596,impedance,24,[2008.       5.      26.       6.      49.      35.046],847.4236583510764,315.40628837729867,2.7619607099808587,0.2227983659660728,0.0549948345037044,0.083252512813617
B0005,598,impedance,24,[2008.       5.      26.      10.      12.      28.125],851.5570531482075,311.3932850422769,2.8111973236641337,0.2281137781362197,0.0617593122518427,0.0847212726764891
B0005,600,impedance,24,[2008.       5.      26.      11.      32.      56.968],847.8735549243341,315.22259971957766,2.765278541426216,0.2230128347180006,0.0584561293174277,0.0827019367389164
B0005,602,impedance,24,[2008.       5.      26.      14.      58.      33.218],851.1478186095651,311.7364355110835,2.806517711018636,0.227527545566764,0.0589890803958647,0.0857362189277121
B0005,604,impedance,24,[2008.       5.      26.      16.      19.       2.828],847.8021161237979,315.13483067490057,2.765346267938701,0.2233148526513338,0.0588008441939559,0.0823698343756594
B0005,606,impedance,24,[2008.       5.      26.      19.      48.      54.421],851.3006250443062,311.7507277111083,2.8032734638458088,0.2275124638983589,0.0576302972016358,0.0874238934793032
B0005,608,impedance,24,[2008.      5.     26.     21.      9.     22.89],847.549600525951,315.1063222696663,2.764983178820186,0.2231350380434282,0.058983889383344,0.0825221175510128
B0005,610,impedance,24,[2008.       5.      27.       0.      27.      55.562],851.2304275430721,311.679587472951,2.807343993397193,0.2276330902037099,0.0578237493933031,0.0897568704647984
B0005,614,impedance,24,[2008.      5.     27.     21.     34.     28.64],839.1988516521187,324.0596561447456,2.665704397353284,0.211310041767393,0.0500357319580317,0.0747923461368755
B0006,40,impedance,24,[2008.       4.      18.      20.      55.      29.859],812.3086227702124,353.12168210448,2.402107242381217,0.1908407684884916,0.0612335902100034,0.0785415394665875
B0006,42,impedance,24,[2008.       4.      18.      22.      39.      16.312],801.706706275004,334.6524509002458,2.5098831596055438,0.2519174811524204,0.0656168494638861,0.0886832084583472
B0006,44,impedance,24,[2.0080e+03 4.0000e+00 1.9000e+01 2.0000e+00 1.4000e+01 2.7015e+01],811.4134324587261,353.8960720322957,2.3915241300711423,0.1877622570442385,0.06062991544979,0.0780240937829042
B0006,46,impedance,24,[2008.       4.      19.       3.      57.      24.187],801.9864924586585,339.2171846099181,2.427829999782482,0.2031242953577847,0.0626250732462495,0.0853372553147085
B0006,48,impedance,24,[2008.       4.      19.       7.      32.      33.656],812.663549041367,352.8994306413474,2.398016714393308,0.1844623487324668,0.0608598716542857,0.078402402030253
B0006,50,impedance,24,[2008.       4.      19.       9.      15.      10.453],811.412491854171,351.94216100305977,2.4137376208223973,0.2086697163497482,0.0622495710823437,0.0844084966382038
B0006,52,impedance,24,[2.008e+03 4.000e+00 1.900e+01 1.200e+01 4.700e+01 4.210e-01],812.0985491797657,353.68246887751457,2.396848800721194,0.1847668560618844,0.0600645081818017,0.0780709338220486
B0006,54,impedance,24,[2008.       4.      19.      14.      28.      58.984],817.298393963341,348.3643331262302,2.437596306386974,0.1902927201434127,0.0622010238603739,0.0843708463839711
B0006,56,impedance,24,[2008.       4.      19.      18.      12.      47.531],814.8629258571015,351.049369148136,2.4100160583875208,0.1860019261505243,0.0591313085340746,0.0779557075787303
B0006,58,impedance,24,[2008.       4.      19.      19.      55.       5.296],799.443405246926,341.833876422573,2.4021223665045075,0.2025182886320466,0.0620735017548995,0.0838418603746595
B0006,60,impedance,24,[2008.       4.      19.      23.      27.      13.343],812.9835567386826,352.46979323428286,2.406168388382972,0.185674261240904,0.0605969875451187,0.0793818256613338
B0006,62,impedance,24,[2.0080e+03 4.0000e+00 2.0000e+01 1.0000e+00 8.0000e+00 1.1406e+01],799.0217281210512,341.9691503510798,2.4037057835424425,0.2034512562353429,0.0620059553592676,0.0824334688248624
B0006,64,impedance,24,[2008.       4.      20.       4.      39.      59.296],811.8614492361856,353.7497888721885,2.3945229390446325,0.1933030683838691,0.0604355089729667,0.0794940929426612
B0006,66,impedance,24,[2008.       4.      20.       6.      20.      57.125],800.79056983382,340.6048739606919,2.413115770575317,0.2033812141389831,0.0625181731066187,0.0841379066387299
B0006,68,impedance,24,[2.0080e+03 4.0000e+00 2.0000e+01 1.0000e+01 1.0000e+00 4.6156e+01],812.501811190312,353.3008265415704,2.3969089912436656,0.185192457844118,0.0598822703747387,0.0787121835729847
B0006,70,impedance,24,[2008.       4.      20.      11.      42.      26.062],797.961309611405,343.15748163686726,2.390828070276736,0.2017958053067345,0.0609532705328723,0.082692886038967
B0006,72,impedance,24,[2008.      4.     20.     15.     22.     22.64],813.2577981827327,352.3351644429633,2.405767307364981,0.1869842615377275,0.0605872148226689,0.0798953392291199
B0006,74,impedance,24,[2.008e+03 4.000e+00 2.000e+01 1.700e+01 3.000e+00 1.140e+00],799.8468858133501,341.2860453060369,2.4106353289594566,0.2044068339245492,0.0623656407181244,0.0838905459318235
B0006,76,impedance,24,[2008.       4.      20.      20.      35.      56.187],812.4086745692163,352.8454997508011,2.4053294674871597,0.1957966846496366,0.0609083651903455,0.0797490751361702
B0006,78,impedance,24,[2008.       4.      20.      22.      16.      35.078],799.7936174248957,341.44634527068894,2.4086315763960577,0.2038393006444811,0.0623876560738503,0.0842744747657226
B0006,80,impedance,24,[2.0080e+03 4.0000e+00 2.1000e+01 2.0000e+00 0.0000e+00 1.9968e+01],816.2935208552684,349.2084021440605,2.428410585238329,0.1903727044918495,0.0603691524730691,0.0801450681587133
B0006,82,impedance,24,[2008.       4.      21.       3.      26.      58.453],816.5817355749692,347.4097759171091,2.450626894570785,0.1859029532770391,0.0620914468566786,0.0816430296477719
B0006,86,impedance,24,[2008.       4.      22.      16.      33.       3.953],817.8283597384919,348.0486866311203,2.4440304631890264,0.192133995852693,0.063565361566046,0.0815083438568061
B0006,88,impedance,24,[2008.       4.      22.      19.      54.      32.265],817.2833066349552,348.4996554141488,2.4354953381901265,0.1912010401198778,0.0623200318333744,0.0802116916237253
B0006,90,impedance,24,[2008.       4.      22.      21.      24.      34.484],817.6671767687167,348.2254469194229,2.439762861853803,0.191734137008321,0.0629416819377525,0.0819917256267003
B0006,92,impedance,24,[2008.       4.      23.       0.      46.      24.921],817.4555687023912,348.23066923147303,2.436756210363667,0.1914598842961709,0.0618912233003596,0.0812080578761546
B0006,94,impedance,24,[2.008e+03 4.000e+00 2.300e+01 2.000e+00 1.600e+01 8.578e+00],817.3484300334093,348.295077139204,2.4412890756720995,0.1917715674301273,0.0628654066217946,0.0814468267605238
B0006,96,impedance,24,[2008.      4.     23.      5.     46.     32.89],818.0882950824088,347.83238343404463,2.442180264051586,0.1921505594172846,0.0617164212906492,0.0815016521658017
B0006,98,impedance,24,[2008.       4.      23.       7.      16.       7.671],818.3586593436252,347.5808211169494,2.4459481208546165,0.1925090401881402,0.0629152463770514,0.0827711664214759
B0006,100,impedance,24,[2008.       4.      23.      10.      36.      13.156],817.8353068449511,347.6848414890549,2.444679811955444,0.1922860692695388,0.0619987848117648,0.0813876104403678
B0006,102,impedance,24,[2008.       4.      23.      12.       5.      30.437],818.477724887733,347.69253761997294,2.4439139236391783,0.1923700078390965,0.063077623330134,0.0828714690508149
B0006,104,impedance,24,[2008.       4.      23.      15.      34.      37.843],818.4314505116948,347.2950083495241,2.445719039774327,0.1926136002397865,0.0625040605488016,0.0816912469233858
B0006,106,impedance,24,[2008.       4.      23.      17.       3.      55.484],818.4830805943884,347.58049365521856,2.447536780841701,0.1927134901982563,0.0627995855607608,0.0818468337271938
B0006,108,impedance,24,[2008.      4.     23.     20.     31.     10.75],817.9025751563727,347.9090018345803,2.439979449135073,0.1918844603673439,0.0620138868647238,0.0813161008134317
B0006,110,impedance,24,[2008.       4.      23.      22.       0.      19.218],818.4554705094948,347.4277416931174,2.447188127878292,0.1926960390144702,0.0630836006264319,0.0826425768350357
B0006,112,impedance,24,[2.0080e+03 4.0000e+00 2.4000e+01 1.0000e+00 1.9000e+01 4.6171e+01],817.9461607323298,347.9923846312942,2.4375396111369128,0.1916626415746456,0.0618301921741058,0.0812043516055386
B0006,114,impedance,24,[2.0080e+03 4.0000e+00 2.4000e+01 2.0000e+00 4.8000e+01 3.5687e+01],819.0186440464487,346.6689794845513,2.4569798950963766,0.193787586568572,0.0631329064136287,0.0837217579093773
B0006,116,impedance,24,[2008.       4.      24.       6.      18.      12.171],819.8340152667597,345.6357892652257,2.4619179363098342,0.1946705585542207,0.0628269465788076,0.0834715784465107
B0006,118,impedance,24,[2008.       4.      24.       7.      46.      53.906],819.074106121894,346.8280535610429,2.4508561537407547,0.1932790139832021,0.0633635242133612,0.0837975537463188
B0006,120,impedance,24,[2008.       4.      24.      11.      17.      36.359],820.4715163906112,345.31035895381774,2.4625700376100474,0.194909545350221,0.0634981757133398,0.0838548867166324
B0006,122,impedance,24,[2008.       4.      24.      12.      46.       8.171],819.0433776370443,346.9069738272107,2.4503305172093426,0.1932366069367772,0.0626407868157124,0.0829902829233761
B0006,124,impedance,24,[2008.       4.      24.      16.      14.       7.906],818.9212412368621,347.1244085255307,2.449411947813217,0.1930443199547279,0.0609451399361485,0.082015904986437
B0006,126,impedance,24,[2008.       4.      24.      17.      42.      40.796],819.3729980073986,346.0229614445954,2.4589773131234445,0.1942046958557908,0.0639508532502377,0.0832684036551876
B0006,128,impedance,24,[2008.       4.      24.      21.       6.      22.828],819.9338337187055,345.374943482459,2.4643303705037294,0.1949344957541466,0.0639175801612165,0.0821657170874893
B0006,130,impedance,24,[2008.       4.      24.      22.      34.      45.921],818.6940962714048,347.0559511572925,2.4506574858187498,0.1931688798495908,0.0619144429844288,0.0827944269463386
B0006,132,impedance,24,[2.008e+03 4.000e+00 2.500e+01 1.000e+00 5.700e+01 7.593e+00],818.9444213764546,346.7900777773268,2.454033524232426,0.1935096888702104,0.0622366404518175,0.0822751953989806
B0006,136,impedance,24,[2008.       4.      25.      21.       0.      31.421],819.8889431655367,345.9417119487369,2.46172169708682,0.1945780064500178,0.0636858903222563,0.0841098026120309
B0006,138,impedance,24,[2008.       4.      26.       0.      32.      46.968],819.3446203699779,346.3004974157628,2.4520780565939453,0.193548696349198,0.062031064463088,0.0831917770388853
B0006,140,impedance,24,[2.0080e+03 4.0000e+00 2.6000e+01 2.0000e+00 0.0000e+00 5.2359e+01],819.8272430678495,345.91460711758964,2.463116273386482,0.1946560075276997,0.063941395310383,0.08439590554803
B0006,142,impedance,24,[2008.       4.      26.       5.      25.      46.234],820.0556133925725,345.56553264879017,2.4604259692473107,0.1945643004920173,0.0625064903803401,0.0842684807349334
B0006,144,impedance,24,[2008.       4.      26.       6.      53.      34.171],820.1118997419907,346.0249369234141,2.457368160460977,0.1942308590116521,0.0633407484183548,0.0844332596021156
B0006,146,impedance,24,[2008.       4.      26.      10.      26.      36.718],820.0109496741092,345.67731760493734,2.461912856113228,0.1946569615032932,0.0626153327274759,0.0839721783477321
B0006,150,impedance,24,[2008.       4.      29.      13.      12.      54.375],818.9975583911249,345.78044389717,2.461633013129592,0.1944407402243081,0.0659851482712769,0.0820590843305826
B0006,152,impedance,24,[2008.       4.      29.      16.      33.      38.281],818.1083148077413,346.8666743433344,2.4506153833055286,0.193046048453182,0.0645724621588098,0.0803422930093306
B0006,154,impedance,24,[2.0080e+03 4.0000e+00 2.9000e+01 1.8000e+01 2.0000e+00 2.1296e+01],819.5635945532407,345.4084089359347,2.4663667433390195,0.1950197258234751,0.0658426536732281,0.0822846789859381
B0006,156,impedance,24,[2008.      4.     29.     21.     28.     15.14],819.1793158385262,346.0724783995069,2.4575695213571094,0.1940268765335697,0.063686158466937,0.0823636397717541
B0006,158,impedance,24,[2008.       4.      29.      22.      56.      30.656],820.7823945030004,344.41652429726673,2.476568084232818,0.1963253317314484,0.0658629947584042,0.0840481638480718
B0006,160,impedance,24,[2.008e+03 4.000e+00 3.000e+01 2.000e+00 1.200e+01 5.609e+00],819.145623623291,346.1481009511245,2.454610825141064,0.1937919811167266,0.062912097899097,0.0821410228199839
B0006,162,impedance,24,[2008.      4.     30.      3.     40.      3.39],819.6253155499713,345.46734138035737,2.465492533612844,0.1949310138391528,0.0644544628956928,0.0837272924737259
B0006,164,impedance,24,[2008.       4.      30.       7.       9.      52.656],819.4773985187089,345.7864782825952,2.457562325425546,0.1941850667988167,0.0636674117210705,0.0829695672555505
B0006,166,impedance,24,[2008.       4.      30.       8.      37.      42.406],819.8470036567778,345.2166948635577,2.4672773918238424,0.1952168460589814,0.0644997102472261,0.0843911606093064
B0006,168,impedance,24,[2008.       4.      30.      11.      56.      59.203],820.1222467416643,344.8437392697183,2.4660251840221314,0.1952804073926847,0.0645458692805633,0.083905581872106
B0006,170,impedance,24,[2008.       4.      30.      13.      24.      39.734],819.8838065008025,345.16833564051785,2.4667417751790226,0.1951907053456878,0.0646222207759994,0.0834787426128951
B0006,172,impedance,24,[2008.       4.      30.      16.      48.      25.875],820.2707629385949,344.7098546506168,2.469977736000736,0.1956071838308396,0.0644173077672933,0.0833208029616876
B0006,174,impedance,24,[2008.      4.     30.     18.     16.      7.25],820.3895432339592,344.92224169463674,2.469265889021869,0.1955662651864058,0.0653574463361542,0.0837228477832113
B0006,176,impedance,24,[2008.       4.      30.      21.      43.       3.656],822.0191332078247,343.1867763852909,2.4854307689269546,0.1976191019045967,0.0651736293468639,0.0847815533935232
B0006,178,impedance,24,[2008.       4.      30.      23.      10.      36.859],821.5742740920776,343.4746513719356,2.4844623031906807,0.1974335236940196,0.0657374096950185,0.0864008185462407
B0006,180,impedance,24,[2.0080e+03 5.0000e+00 1.0000e+00 2.0000e+00 4.3000e+01 4.2562e+01],820.7783959033583,344.60556967980045,2.468342114839217,0.1956323098323857,0.0635951595633681,0.0841849219613237
B0006,182,impedance,24,[2.008e+03 5.000e+00 1.000e+00 4.000e+00 1.100e+01 7.078e+00],821.7067851502889,343.4100094397633,2.4852115102231687,0.1974641409320799,0.0656955104222323,0.0852841542441549
B0006,184,impedance,24,[2.0080e+03 5.0000e+00 1.0000e+00 7.0000e+00 4.4000e+01 1.2656e+01],822.5414209367927,342.80981694490083,2.4851719821772926,0.1978190367032042,0.0652854750072916,0.0860504140343909
B0006,186,impedance,24,[2.0080e+03 5.0000e+00 1.0000e+00 9.0000e+00 1.1000e+01 2.7593e+01],822.872970765255,342.4248705960624,2.494749408532752,0.198750518008994,0.0660885800140736,0.0869738162685485
B0006,188,impedance,24,[2.0080e+03 5.0000e+00 1.0000e+00 1.2000e+01 4.2000e+01 3.4015e+01],822.9677116231882,342.07275934035823,2.49594856355703,0.1989215049120329,0.0665339625700584,0.0867482199337119
B0006,190,impedance,24,[2.008e+03 5.000e+00 1.000e+00 1.400e+01 9.000e+00 5.064e+01],822.9931153117308,341.6620455736827,2.499712382350017,0.1993753616657065,0.0673918549622027,0.0861118887620564
B0006,192,impedance,24,[2.0080e+03 5.0000e+00 1.0000e+00 1.7000e+01 3.9000e+01 2.0015e+01],823.2781864409534,341.2422124438884,2.5017635224558163,0.1997713478243442,0.0663411253427209,0.087205582998911
B0006,194,impedance,24,[2.0080e+03 5.0000e+00 1.0000e+00 1.9000e+01 6.0000e+00 2.6859e+01],822.9363139824915,342.3766662743333,2.4937158371545114,0.1986556252577938,0.0671457542138853,0.0863277074981156
B0006,196,impedance,24,[2.0080e+03 5.0000e+00 1.0000e+00 2.2000e+01 3.8000e+01 2.4062e+01],823.8924859548597,341.0832032188155,2.5021600256758734,0.1999021876799498,0.0659099619111797,0.0871283409737494
B0006,198,impedance,24,[2.0080e+03 5.0000e+00 2.0000e+00 0.0000e+00 5.0000e+00 3.1015e+01],823.6437154202089,341.672027151357,2.501011418847187,0.1996220838929497,0.0665621840704668,0.0876302548566821
B0006,200,impedance,24,[2.0080e+03 5.0000e+00 2.0000e+00 3.0000e+00 2.1000e+01 4.3218e+01],823.7483187028516,341.0343856415198,2.5057615580938664,0.2001946532974853,0.0660562362669296,0.0875628563316522
B0006,202,impedance,24,[2.0080e+03 5.0000e+00 2.0000e+00 4.0000e+00 4.8000e+01 3.3343e+01],823.6718096903992,341.40111317910845,2.5031369803876973,0.1998214731162179,0.066830417933657,0.0881304972895854
B0006,204,impedance,24,[2.0080e+03 5.0000e+00 2.0000e+00 8.0000e+00 1.2000e+01 4.9328e+01],824.188978990957,340.80855572823083,2.50711106740086,0.2004434815470705,0.0659027425638274,0.0882085911331916
B0006,206,impedance,24,[2.0080e+03 5.0000e+00 2.0000e+00 9.0000e+00 3.9000e+01 4.0343e+01],824.4252508423075,340.8237383276093,2.5074760490874244,0.2004808539292177,0.0671228648017542,0.0895248137871643
B0006,208,impedance,24,[2.0080e+03 5.0000e+00 2.0000e+00 1.3000e+01 1.1000e+01 1.3468e+01],825.2698063995705,339.7394795951472,2.51892192426635,0.2018385956768431,0.0679117207009261,0.0883150961530336
B0006,210,impedance,24,[2.0080e+03 5.0000e+00 2.0000e+00 1.4000e+01 3.7000e+01 5.5109e+01],824.340913569672,340.64233320047214,2.5103506427260207,0.2007716138472469,0.0680476796349815,0.0881891857440451
B0006,212,impedance,24,[2.008e+03 5.000e+00 2.000e+00 1.800e+01 1.100e+01 3.593e+00],824.6573829759018,340.2428931162015,2.5118911254738587,0.2010717439366226,0.0667437733378423,0.0885796818139071
B0006,216,impedance,24,[2008.       5.       3.       0.      18.      59.734],825.2671461097497,339.9996716728374,2.5181914736290865,0.2017120397355973,0.0678737147942735,0.0893489116976705
B0006,218,impedance,24,[2008.       5.       3.       3.      41.      16.453],825.5043668990257,339.687530492494,2.521159983156392,0.202039523237046,0.0664129751061175,0.0895032370200492
B0006,220,impedance,24,[2008.       5.       3.       5.       7.      41.812],826.1272772134198,338.9840814579836,2.5303503822860107,0.2031090459881425,0.0684237861207192,0.0901555365219136
B0006,222,impedance,24,[2008.       5.       3.       8.      38.      27.484],826.0685559412527,339.40120303331383,2.5196408939188903,0.2021277846201369,0.066868684715673,0.089810213906633
B0006,224,impedance,24,[2008.       5.       3.      10.       4.      43.296],825.9349055252314,339.3990479539755,2.522653369270713,0.2023375749786402,0.0682641731226593,0.0904077093440823
B0006,226,impedance,24,[2008.       5.       3.      13.      32.      41.671],826.9507011875768,338.147128625316,2.535503730448133,0.2039055697272102,0.0675638979208385,0.0909328266072082
B0006,228,impedance,24,[2008.       5.       3.      14.      58.      49.093],825.227470531691,340.0415981096583,2.518498426865119,0.2017234704884822,0.0677470394389744,0.0901563443871731
B0006,230,impedance,24,[2008.       5.       3.      18.      26.      20.765],827.1927180936251,338.0379104671508,2.5348445127536525,0.2039207184663568,0.0676791663350139,0.0909751873219429
B0006,232,impedance,24,[2008.       5.       3.      19.      52.      28.578],826.8514980660284,338.57397170678496,2.531185211319829,0.2034495156821817,0.068609345882388,0.090686873742984
B0006,234,impedance,24,[2008.      5.      3.     23.     10.     37.25],827.8127009387689,337.3466786541433,2.5425595149311597,0.2048589797015749,0.0679726933427561,0.0923241095524087
B0006,236,impedance,24,[2008.       5.       4.       0.      36.      36.703],826.2015454745207,339.35601191673294,2.521643636837138,0.2023129035856766,0.0685662825765851,0.0902801709337061
B0006,238,impedance,24,[2008.       5.       4.       4.       9.      47.078],827.9508925617225,337.34688962756496,2.5397884828811037,0.2046244039347765,0.0683335474188773,0.092016689540834
B0006,240,impedance,24,[2008.       5.       4.       5.      35.      36.578],826.8827780323696,338.5753362689873,2.5296301096071105,0.2032555161726093,0.0683816561849608,0.0909711378859918
B0006,242,impedance,24,[2008.       5.       4.       9.       8.      18.734],828.395708848008,336.72696526055574,2.5465917842848147,0.2054578119052342,0.0688513609338119,0.0925822548520223
B0006,244,impedance,24,[2008.       5.       4.      10.      34.       8.906],826.9613201078164,338.32923212198966,2.531916920325912,0.203558077455175,0.0693645520932601,0.0911130775161004
B0006,246,impedance,24,[2008.       5.       4.      14.       6.      20.031],829.1135305751833,335.9648690879741,2.5545404086817247,0.2063866166640207,0.069066469068733,0.0934909607320899
B0006,248,impedance,24,[2.008e+03 5.000e+00 4.000e+00 1.500e+01 3.200e+01 1.953e+00],827.6533756386816,337.6518263828953,2.539649971088384,0.2044838636599064,0.0698128402490029,0.0915432380660541
B0006,250,impedance,24,[2008.       5.       4.      19.       5.      14.343],829.5847202819687,335.6452550791533,2.5564141351831604,0.2067064233666675,0.068709147096015,0.0938773051851886
B0006,252,impedance,24,[2008.       5.       4.      20.      30.      47.687],827.8734358199708,337.18714797595976,2.545836262316276,0.2051646515175399,0.0697253483451405,0.0916156532837299
B0006,254,impedance,24,[2.008e+03 5.000e+00 5.000e+00 0.000e+00 4.000e+00 2.500e-01],829.6607482360627,335.8505384672072,2.55472825469998,0.2065051547163042,0.0695259556668078,0.0941862300129836
B0006,256,impedance,24,[2.0080e+03 5.0000e+00 5.0000e+00 1.0000e+00 2.9000e+01 2.4203e+01],827.7853007967343,337.5424991047496,2.5394457301548137,0.2045947339238344,0.0692302640154215,0.0923373810325198
B0006,258,impedance,24,[2008    5    5    4   56   20],828.5975457834651,336.43420426436256,2.552770421302545,0.2060176787682842,0.0682523146604836,0.093439801192804
B0006,260,impedance,24,[2008.       5.       5.       6.      21.      44.546],827.5481224208769,337.7419865619286,2.541099923558891,0.204542961393378,0.0689178611694737,0.0914935771909388
B0006,262,impedance,24,[2008.      5.      5.      9.     54.     58.25],830.6793349463575,334.3810023125073,2.573146857127373,0.2085571838797399,0.0696033038422311,0.0956134300233157
B0006,266,impedance,24,[2008.      5.      5.     21.     33.     38.39],828.4830761432253,336.42338976702945,2.550383763682293,0.2058802988622233,0.0705771452017754,0.0924269028093456
B0006,268,impedance,24,[2.0080e+03 5.0000e+00 6.0000e+00 1.0000e+00 6.0000e+00 5.2015e+01],830.0058155482161,334.9198412662813,2.56511046327723,0.2076731567960871,0.0694438396726104,0.0950867440401892
B0006,270,impedance,24,[2.0080e+03 5.0000e+00 6.0000e+00 2.0000e+00 3.1000e+01 5.9093e+01],828.1080874887069,336.9531519425338,2.5492318385776938,0.2054643253715202,0.0698359549702635,0.0924856514858521
B0006,272,impedance,24,[2008.       5.       6.       6.       5.      11.921],830.1867089559204,334.801409376582,2.5649957316622998,0.2075855167222502,0.0692409257238966,0.0954114747516299
B0006,274,impedance,24,[2008.       5.       6.       7.      30.      10.578],828.9387817006588,336.3420672181068,2.550082257782513,0.2059666525970327,0.0699001348633568,0.0934356534819829
B0006,276,impedance,24,[2008.       5.       6.      10.      53.      26.531],830.6637195843342,334.3513068191778,2.572609727728076,0.2085437067470787,0.0701802370421173,0.0958005363424977
B0006,278,impedance,24,[2008.       5.       6.      12.      18.      26.171],829.4725702376328,335.2924753644948,2.564215226304915,0.2074414120750249,0.0707377314965858,0.0945206654318868
B0006,280,impedance,24,[2008.       5.       6.      15.      51.      41.546],830.5465346641191,333.978134258108,2.5744080636473314,0.2087441466350927,0.0703211250156869,0.0953017663720588
B0006,282,impedance,24,[2008.       5.       6.      17.      16.      40.109],829.0316122956516,335.6829258750677,2.55980617493534,0.206928027954787,0.0708418282518299,0.0937922653680306
B0006,284,impedance,24,[2008.       5.       6.      20.      49.      54.421],829.9294997782499,334.92084247744583,2.567336664277517,0.2078263421579023,0.069307809818978,0.0945481312063891
B0006,286,impedance,24,[2008.       5.       6.      22.      14.      45.453],829.5098315590741,335.4378241758205,2.564514463424126,0.2073321220632308,0.0717789447534914,0.0923393376586207
B0006,288,impedance,24,[2.0080e+03 5.0000e+00 7.0000e+00 1.0000e+00 4.5000e+01 3.0125e+01],831.0716146943987,333.60458504799675,2.5809001808224097,0.2094046609273539,0.0706601248975322,0.0955803390819771
B0006,290,impedance,24,[2008.       5.       7.       3.      10.      20.671],829.082911778872,335.6247700649178,2.55771920959264,0.2067930081968133,0.0709072969687332,0.0926979751716576
B0006,292,impedance,24,[2008.       5.       7.       6.      32.       6.906],831.2048637398103,333.4393139850226,2.5799814665521787,0.2093939058505587,0.0704879656326833,0.0963748469082876
B0006,294,impedance,24,[2008.      5.      7.      7.     56.     39.25],828.8101875745546,336.22683747075945,2.5519274736580653,0.2060371067316445,0.070184639415032,0.0935113969318329
B0006,296,impedance,24,[2008.       5.       7.      11.      29.      54.546],832.3857928296802,332.4166077526452,2.5905414350172715,0.2107082914227125,0.071253157527167,0.0969330859249994
B0006,298,impedance,24,[2008.      5.      7.     12.     54.     18.25],830.5224688039829,334.4243090600838,2.570304394576208,0.2083392613967367,0.0718674398360799,0.0946515981230252
B0006,300,impedance,24,[2008.       5.       7.      16.      27.      34.437],832.5094154937797,331.6564251582557,2.5962022449293336,0.2114733211400657,0.0729088165680429,0.0968587759009549
B0006,302,impedance,24,[2008.       5.       7.      17.      51.      59.125],830.4867461272029,334.4594763842578,2.572177828035094,0.208392993953947,0.0718202032701715,0.0940628962937008
B0006,304,impedance,24,[2008    5    7   21   24   14],832.4030544502638,332.22439446596394,2.59216679480223,0.2109560900261686,0.0725103674563298,0.0966015913982298
B0006,306,impedance,24,[2008.      5.      7.     22.     48.     38.75],830.4900962947067,334.3611276951212,2.5709069524390027,0.2084294290319598,0.0717747804961757,0.0953200348808454
B0006,308,impedance,24,[2.0080e+03 5.0000e+00 8.0000e+00 2.0000e+00 2.1000e+01 5.4109e+01],832.0589367630514,332.856325270728,2.5848329445787983,0.2101853626224161,0.0708879401072962,0.0974074142043939
B0006,310,impedance,24,[2008.       5.       8.       3.      46.       9.968],829.3173153853253,335.43056505635144,2.560494951237604,0.2070518524006948,0.0703683696883365,0.0927433028364427
B0006,311,impedance,24,[2008.       5.       9.      11.      53.      10.593],831.2545993818444,333.2588127689103,2.5827528968098936,0.2097527626167619,0.0714147323806646,0.0961492059978541
B0006,313,impedance,24,[2008.       5.       9.      13.      19.      35.703],827.6581628232615,337.2105335899752,2.5459035997016746,0.2051631018650087,0.0707515280509764,0.0904819625026011
B0006,316,impedance,24,[2008.       5.       9.      21.      21.       3.765],827.6643525642406,336.93428642187536,2.547430497148924,0.2053210172523255,0.0708315047902602,0.0906660407568975
B0006,318,impedance,24,[2008.       5.      10.       0.      49.      59.984],829.1713239761679,335.65989295291007,2.560046755713984,0.2068859649905251,0.0703041387332805,0.0930529362512398
B0006,320,impedance,24,[2.0080e+03 5.0000e+00 1.0000e+01 2.0000e+00 1.4000e+01 4.2109e+01],828.6323571573997,336.1474689899282,2.558185620889592,0.2065945914360669,0.0711836201544164,0.0928235588614077
B0006,322,impedance,24,[2008.       5.      10.       5.      46.      15.296],830.4756667928264,334.326649013941,2.570799265711637,0.2083615522830963,0.0715667181492847,0.0936702392745788
B0006,324,impedance,24,[2008.       5.      10.       7.      10.      49.593],828.6983292312756,336.1739775550206,2.553209217444508,0.2062765602487127,0.0713158696740844,0.0926307033789582
B0006,326,impedance,24,[2008.       5.      10.      10.      44.       7.859],830.9823346548219,333.89922112108235,2.573738688352129,0.2088048912476872,0.072350575651046,0.0944034597636557
B0006,328,impedance,24,[2008.       5.      10.      12.       8.      32.875],828.8853455550758,335.9664929644743,2.5597910733345635,0.2067919667001742,0.0708269947693153,0.0924913512132
B0006,330,impedance,24,[2008.      5.     10.     15.     39.     59.14],830.2603167496476,334.48705063119115,2.57132891093454,0.2082960077090359,0.0703378826342638,0.0950709227361693
B0006,332,impedance,24,[2008.       5.      10.      17.       4.      16.015],828.9426488074196,335.77551196526457,2.559478542950324,0.2068471593165405,0.0712990567757895,0.0930649883383346
B0006,334,impedance,24,[2008.       5.      10.      20.      35.      57.437],831.5695910132044,333.30548160119633,2.5803103247510006,0.2096023611345243,0.0714831606385723,0.0954683161052524
B0006,336,impedance,24,[2008.       5.      10.      22.       0.       5.781],829.817335194634,335.11945872351737,2.565300217468301,0.2076409891911616,0.0715317804940431,0.0939554165759076
B0006,338,impedance,24,[2.0080e+03 5.0000e+00 1.1000e+01 1.0000e+00 3.3000e+01 2.4437e+01],831.9912073329891,332.61041063612834,2.5916391030736023,0.2107823639189828,0.0717787817997134,0.0967891593710254
B0006,340,impedance,24,[2.0080e+03 5.0000e+00 1.1000e+01 2.0000e+00 5.7000e+01 3.2984e+01],829.9787981272667,334.7460039676796,2.569328937249617,0.20814369179371,0.0721047013169228,0.0942690372890176
B0006,342,impedance,24,[2008.      5.     11.      6.     23.     30.25],832.4821497257202,332.0892047246284,2.5932045746428942,0.2111111792089945,0.0721765905201237,0.0973154810605629
B0006,344,impedance,24,[2008.       5.      11.       7.      47.      30.468],830.3739957495696,334.48338629592854,2.5713341917846244,0.208385019821531,0.0725404689198672,0.0951162567795242
B0006,346,impedance,24,[2008.       5.      11.      11.      20.      49.578],832.7937420345296,331.9185345695217,2.596216584055881,0.2113966831809632,0.0727577393214578,0.097423700411414
B0006,348,impedance,24,[2008.       5.      11.      12.      44.      40.703],830.1346294917545,334.7130433727341,2.569454972891436,0.208119263265578,0.0724242004946315,0.0941982109589944
B0006,350,impedance,24,[2.008e+03 5.000e+00 1.100e+01 1.600e+01 1.800e+01 8.120e-01],831.5882566249992,333.2087401089857,2.582455265084666,0.2097324360560356,0.0716119669647763,0.0961826751217128
B0006,352,impedance,24,[2008.       5.      11.      17.      41.      53.265],829.9530472810537,334.607086289292,2.571816067976686,0.2083208443306005,0.0717727489764272,0.0943126932432507
B0006,354,impedance,24,[2008.       5.      11.      21.      15.      14.843],833.2487057296876,331.3381228288919,2.604511463615661,0.2122065762917942,0.0723628565579787,0.0980060822404009
B0006,356,impedance,24,[2008.       5.      11.      22.      38.      57.843],830.2167323616777,334.8730099340558,2.567633122315761,0.207947836993146,0.0719732503194285,0.0940399475348193
B0006,358,impedance,24,[2.008e+03 5.000e+00 1.200e+01 2.000e+00 5.000e+00 7.030e-01],832.3822721129469,332.2734613530116,2.595225768536136,0.2111154754635642,0.0721718794658254,0.0975442065322093
B0006,360,impedance,24,[2008.       5.      12.       3.      28.      34.484],830.787696330964,334.1135396974526,2.5741547051136457,0.2087612309291517,0.0721849603656966,0.0943643236831194
B0006,362,impedance,24,[2008.       5.      12.      12.      24.      36.453],833.4974650512619,330.955026006614,2.6064322289901,0.2126036935981321,0.0732751410566286,0.098167563773746
B0006,364,impedance,24,[2008.      5.     12.     13.     48.     19.89],830.3303013774163,334.42177383172293,2.574067153738253,0.2086466492061582,0.0725534440098424,0.0940003961459088
B0006,367,impedance,24,[2008.       5.      12.      19.      51.      52.953],830.2448313430035,334.3811983782976,2.574747651403778,0.2087055455992724,0.0727989845338102,0.0935192293551594
B0006,369,impedance,24,[2008.       5.      12.      23.      21.      19.078],833.0835253552782,331.6122419449201,2.5995436393652382,0.2118378656913908,0.0737422116355231,0.0968201170137169
B0006,371,impedance,24,[2008.      5.     13.      0.     44.     53.25],830.1327669823622,334.6602350183651,2.572987512222168,0.2084484579010697,0.0723062641496464,0.0937331836899134
B0006,373,impedance,24,[2008.      5.     13.      4.      3.     26.64],833.3936862473378,331.13739855542354,2.605458080796159,0.2125170506610469,0.0735118189600125,0.0978484060677772
B0006,375,impedance,24,[2008.       5.      13.       5.      26.      51.781],830.6370316577433,334.2076543410892,2.5743373118170214,0.2087281889090956,0.0731481609531371,0.0945011708875192
B0006,377,impedance,24,[2008.      5.     13.      8.     52.      5.89],833.6084677013788,330.77369312521404,2.611184296907336,0.2130434870111692,0.0736309507218721,0.0987207477814379
B0006,379,impedance,24,[2008.       5.      13.      10.      15.       2.906],830.2593136010729,334.64304452622383,2.568088553958604,0.2081064770711388,0.0725869885678824,0.0942767204381327
B0006,381,impedance,24,[2008.       5.      13.      13.      48.      25.875],834.1880990677151,330.1651061269456,2.615742166216782,0.2135997603748826,0.0748372029552812,0.098555954977838
B0006,383,impedance,24,[2008.       5.      13.      15.      11.      42.234],830.355787896939,334.2693686881576,2.57519603040916,0.2087887391849718,0.072310626531037,0.0943737869483911
B0006,385,impedance,24,[2008.       5.      13.      18.      32.      21.281],833.8174973737508,330.85510794362204,2.60831271103428,0.2127903424691151,0.0742288068586881,0.0979458341330775
B0006,387,impedance,24,[2008.       5.      13.      19.      55.      29.859],829.9704511702024,334.50862229469016,2.573398480001716,0.2085116154465847,0.071856607129425,0.0937632344019343
B0006,389,impedance,24,[2008.       5.      13.      23.      27.      26.625],833.7520347505738,330.70200983072965,2.6081192683225165,0.2127572205339314,0.0735926288328927,0.0979426342024937
B0006,391,impedance,24,[2008.      5.     14.      0.     50.     35.39],831.3342288799355,333.4072248472989,2.5843577040549914,0.2098769710527356,0.073555303387968,0.0948149354989371
B0006,393,impedance,24,[2008.       5.      14.       4.      23.      57.968],834.1355790938338,330.3785587854896,2.6122045503097056,0.2132358216234456,0.074289615413661,0.0978280397199374
B0006,395,impedance,24,[2008.       5.      14.       5.      46.      58.078],831.6718124533281,332.86561050230347,2.590335338632386,0.2105652014838992,0.073777422338843,0.0955076196879902
B0006,397,impedance,24,[2008    5   14    9   20   22],835.1445368979579,329.3571916477101,2.622446961494408,0.2145193065129788,0.0743624728927986,0.100297485432866
B0006,399,impedance,24,[2008.       5.      14.      10.      43.      12.953],831.1187962845919,333.5817847112788,2.581458219537495,0.2095108210171896,0.0728089366752745,0.0946682535351397
B0006,401,impedance,24,[2008.      5.     14.     14.      3.     22.75],834.9095260101436,329.25277752387933,2.624294811305702,0.2146373164018207,0.0730881915550062,0.1002855268895236
B0006,403,impedance,24,[2008.       5.      14.      15.      26.      13.546],831.2390306657462,333.38887932753033,2.584382732407069,0.2098481091023245,0.0742398839736073,0.0945585184436065
B0006,405,impedance,24,[2008.      5.     14.     18.     59.     38.89],834.8956948069631,329.6337512539487,2.619061073327513,0.2141498296113131,0.0739056595619962,0.1003482635430065
B0006,407,impedance,24,[2008.      5.     14.     20.     22.     30.64],831.1894349682804,333.47427237722815,2.5830692779072093,0.2098004277449861,0.0735125105338888,0.0945592832874169
B0006,409,impedance,24,[2008.       5.      14.      23.      55.      55.406],834.5126459041248,330.1916358096482,2.6130520509532835,0.2135848932833843,0.0740648635028462,0.0990365839748105
B0006,411,impedance,24,[2.008e+03 5.000e+00 1.500e+01 1.000e+00 1.800e+01 3.789e+01],830.7838304183455,333.869760824547,2.580649941242104,0.2094032830209244,0.0729076777814342,0.095001668805066
B0006,413,impedance,24,[2008.       5.      15.       4.      52.       4.609],835.3277837439313,329.32824771384225,2.622795980078449,0.214595435974484,0.0743406664800701,0.1006790823074739
B0006,415,impedance,24,[2008.       5.      15.       6.      14.      38.093],831.1255654089406,333.2860552334359,2.5859149265159704,0.2100301492987818,0.072763514419845,0.0952721862664049
B0006,417,impedance,24,[2008.       5.      15.       9.      48.       3.453],835.1363963957447,329.32365440341,2.622613238451963,0.2145912532087474,0.0749835856113319,0.1003809603504959
B0006,419,impedance,24,[2008.       5.      15.      11.      10.      28.328],831.1963323544693,333.61290207149415,2.5817595976108088,0.2095594767035587,0.0728090445805321,0.0941746989624938
B0006,421,impedance,24,[2008.       5.      15.      14.      38.      58.781],834.9868013041804,329.5660305256137,2.6214698985107567,0.2142218235649407,0.0736342258024834,0.1003434135011964
B0006,423,impedance,24,[2.008e+03 5.000e+00 1.500e+01 1.600e+01 1.000e+00 2.339e+01],830.7729848006287,333.7988963149758,2.5797818900745244,0.2092941032741536,0.0736621678183104,0.0940125272990389
B0006,425,impedance,24,[2008.       5.      15.      19.      24.      46.593],834.9145170327089,329.3469811834513,2.622777039902996,0.2145276918387771,0.074956546385791,0.0986748779007716
B0006,427,impedance,24,[2008.       5.      15.      20.      47.      12.406],830.9528051215256,333.5718969333923,2.582073590498281,0.2095980890019646,0.0730047321568974,0.0948841918356507
B0006,429,impedance,24,[2008.       5.      16.       0.       9.      33.937],835.5133768410042,329.24172738608144,2.623782455979398,0.2147149280449574,0.075132937700244,0.0998851845039756
B0006,433,impedance,24,[2008.       5.      16.      22.      28.      31.078],831.6068523450073,333.0268329751419,2.5883915256924106,0.2103698596515984,0.074564153588004,0.0946551303824129
B0006,435,impedance,24,[2.0080e+03 5.0000e+00 1.7000e+01 2.0000e+00 0.0000e+00 1.2656e+01],835.9022061130569,328.40246442398615,2.635334183779732,0.2158678449620975,0.07592804413673,0.100329706643873
B0006,437,impedance,24,[2008.       5.      17.       3.      22.      47.796],831.3372960711271,333.37217870585573,2.582737968249706,0.2097648233558421,0.0734330736723255,0.0949646124876326
B0006,439,impedance,24,[2008.       5.      17.       6.      53.      18.328],835.8468893421128,328.5309372232587,2.635388830228218,0.2159239577261887,0.0755087178512928,0.1011607325689791
B0006,441,impedance,24,[2008.       5.      17.       8.      15.      45.265],831.7778894664883,332.7491582511273,2.591915964353316,0.2107305421061815,0.0740168369586819,0.0959851488317173
B0006,443,impedance,24,[2008.       5.      17.      11.      49.      14.296],835.3908085310665,328.9207940373228,2.6288220373674185,0.2152008750206826,0.074609599632536,0.1014589241819508
B0006,445,impedance,24,[2008.       5.      17.      13.      11.      30.687],832.12482948867,332.1042375640538,2.598737429388441,0.2115434805167497,0.0739246206061328,0.095969907601378
B0006,447,impedance,24,[2008.       5.      17.      16.      43.      35.437],835.6861761127005,328.6803667024107,2.629271298984252,0.2153950611175784,0.0748796033565115,0.100603352458913
B0006,449,impedance,24,[2008.       5.      17.      18.       5.      53.796],831.80987205893,332.8906306052604,2.589915857180004,0.2104768622369867,0.0735043961241255,0.0961201525757358
B0006,451,impedance,24,[2008.       5.      17.      21.      38.      49.296],836.0226192891411,328.3293828820911,2.632442893467751,0.2157768094436621,0.0752806088000432,0.1025451876366216
B0006,453,impedance,24,[2008.       5.      17.      23.       0.      48.453],830.6596605156578,333.94759728928346,2.579884257138131,0.2092895224827831,0.0726420827635309,0.0953411328199204
B0006,455,impedance,24,[2.0080e+03 5.0000e+00 1.8000e+01 2.0000e+00 3.3000e+01 1.7109e+01],835.9697034741557,328.4997672932644,2.634117706482023,0.2157785070215253,0.0749955637416601,0.1013873791642721
B0006,457,impedance,24,[2008.       5.      18.       3.      55.      17.546],831.1170364001783,333.2738731756386,2.583356291563841,0.2099254738482607,0.0731199997766419,0.0959231175033457
B0006,459,impedance,24,[2008    5   18    7   28   48],836.7555982651529,327.9021631997662,2.6406419236245884,0.216509916337364,0.076358571154978,0.1014317733775896
B0006,461,impedance,24,[2008.       5.      18.       8.      50.      48.718],832.5139943483136,332.0146588981315,2.6001360087514502,0.2117009354312967,0.0735277342781379,0.0972297114773837
B0006,463,impedance,24,[2008    5   18   12   12   46],836.2270331340793,328.3523184785748,2.631442631822276,0.2157078159159185,0.0747768653278466,0.1028088756204259
B0006,465,impedance,24,[2008.       5.      18.      13.      34.      37.281],831.9559363120785,332.6906008232545,2.590563031862005,0.2107083865351239,0.0736522136634432,0.096239490466013
B0006,467,impedance,24,[2008.       5.      18.      17.       4.      27.234],837.1113968926975,327.6910233300941,2.6428229632984226,0.2167060756457999,0.0760112912097401,0.1020749534936402
B0006,469,impedance,24,[2008.       5.      18.      18.      26.      10.015],832.3954749382623,332.1933768398671,2.594794182916644,0.211149919793112,0.0738708282490051,0.096423110089212
B0006,471,impedance,24,[2008.       5.      18.      21.      59.      40.796],836.9826266916189,327.5165690690626,2.6428450785509066,0.216927276173371,0.0763233749345986,0.1024320211016061
B0006,473,impedance,24,[2008.       5.      18.      23.      21.      28.437],832.5751568383192,332.11049835482885,2.594900991248971,0.211283651037753,0.0735718190242976,0.0975905935155193
B0006,475,impedance,24,[2.008e+03 5.000e+00 1.900e+01 2.000e+00 5.500e+01 2.843e+00],836.3862466661398,328.2230462975809,2.6334788130829345,0.2158364163081041,0.0749954456773232,0.10259630569279
B0006,477,impedance,24,[2008.       5.      19.       4.      16.      50.453],833.591010308627,330.9285887362774,2.6112796083362704,0.2131084007587053,0.0745769219953742,0.098332863281485
B0006,479,impedance,24,[2008.       5.      19.       7.      49.      12.843],837.4396438681571,327.1369103204684,2.648192058161621,0.2174839010417347,0.0765591070024926,0.1030180047578761
B0006,485,impedance,24,[2.0080e+03 5.0000e+00 2.0000e+01 2.0000e+00 6.0000e+00 3.2234e+01],831.9340581193492,332.40854391255954,2.5923848800534244,0.2109244127645421,0.0734853424457562,0.0972150788155859
B0006,487,impedance,24,[2008    5   20    5   40    3],836.8278544364152,327.34181873965787,2.642035098309947,0.2168441736326103,0.0762781646871569,0.102092852503947
B0006,489,impedance,24,[2.008e+03 5.000e+00 2.000e+01 7.000e+00 1.000e+00 4.739e+01],830.3443966356668,334.3447837451181,2.5706234739263487,0.2083229339844158,0.0720079823151196,0.0946722162175674
B0006,491,impedance,24,[2008.       5.      20.      10.      35.      19.875],836.2315057410475,328.2840539646193,2.635145817051709,0.2158981620332927,0.0762810507777764,0.1012304992482019
B0006,493,impedance,24,[2008.       5.      20.      11.      56.      55.343],831.5473121554027,332.88845395031785,2.5877445636149585,0.2103304197580774,0.0734085380163821,0.0964681790406408
B0006,495,impedance,24,[2008.       5.      20.      15.      25.      23.625],836.0782625537205,328.008749094148,2.6359464244296054,0.2160444464832871,0.0755914955823986,0.1017004816081313
B0006,497,impedance,24,[2008.       5.      20.      16.      46.      59.765],831.511806789742,332.73045736357875,2.588521389659515,0.2104382809799879,0.0736897562967922,0.0970367848374556
B0006,499,impedance,24,[2008.       5.      20.      20.      18.      35.187],836.5753564343531,327.8880724547202,2.638548673319689,0.2163575119658398,0.0743692695675501,0.1019511695754428
B0006,501,impedance,24,[2008.       5.      20.      21.      40.      11.843],831.3342635058365,333.44080542592417,2.5825630645693605,0.209734590883658,0.0725182411846504,0.0946559117906342
B0006,503,impedance,24,[2.008e+03 5.000e+00 2.100e+01 1.000e+00 7.000e+00 3.514e+01],836.6050403609792,327.5859655311037,2.641660255730667,0.2166827846877647,0.0755494638326417,0.1033905552179119
B0006,505,impedance,24,[2.008e+03 5.000e+00 2.100e+01 2.000e+00 2.900e+01 2.656e+00],832.3865148685913,331.73669814311774,2.600400724900464,0.2118159344665467,0.0738301476282366,0.0977088268934775
B0006,507,impedance,24,[2008    5   21    5   52   23],836.2868133137426,328.079324226036,2.633991784656145,0.2158969835536871,0.0754378091325998,0.1019022250061564
B0006,509,impedance,24,[2008.      5.     21.      7.     13.     41.25],832.2679489152256,332.34774645935846,2.5906747999956314,0.2108388297142756,0.0732956202125307,0.0970109750712344
B0006,511,impedance,24,[2.008e+03 5.000e+00 2.100e+01 1.000e+01 4.600e+01 1.953e+00],837.0513088776307,327.3016713939816,2.6452155934560966,0.2170615118635067,0.0752830478385875,0.1021279987143925
B0006,513,impedance,24,[2008.       5.      21.      12.       7.      20.984],833.0110924883811,331.727384548544,2.600580115969488,0.211921478181698,0.073587004234361,0.0984700686918705
B0006,515,impedance,24,[2008.       5.      21.      15.      38.      16.546],836.0229021464066,328.09607055223074,2.6363820828605613,0.2159570376111552,0.0750426584630513,0.1023480972991154
B0006,517,impedance,24,[2008.      5.     21.     16.     59.     36.14],831.5068093239073,332.98265060588164,2.58734446701004,0.2102070362082464,0.0729983024606451,0.0967480458839989
B0006,519,impedance,24,[2008.       5.      21.      20.      30.       5.343],835.770931496861,328.7013863572104,2.6301514408011872,0.2153516338983208,0.0749308327002681,0.103165304469953
B0006,521,impedance,24,[2008.       5.      21.      21.      51.      16.781],832.0848441244516,332.3574879329146,2.5925901629773374,0.210922335927974,0.0731767144876588,0.0978900633513116
B0006,523,impedance,24,[2.0080e+03 5.0000e+00 2.2000e+01 1.0000e+00 1.0000e+01 5.4593e+01],836.4911257785915,328.0959989424866,2.6337207405536343,0.2157771855265478,0.0755591813837829,0.1017155778229261
B0006,525,impedance,24,[2.008e+03 5.000e+00 2.200e+01 2.000e+00 3.200e+01 6.250e+00],832.1496631837921,332.16486697765964,2.591653239530202,0.2108850509187021,0.0733067175756631,0.098672037003231
B0006,527,impedance,24,[2008.       5.      22.       6.       0.      35.953],836.7656797459557,327.65677398092174,2.6407093695753496,0.2166985644886319,0.07529135855581,0.1039905059221312
B0006,529,impedance,24,[2008.       5.      22.       7.      21.      37.921],833.2178038404132,331.22847178220826,2.6009632492193435,0.2121185433365635,0.0738149744632619,0.0996671713392194
B0006,531,impedance,24,[2008.       5.      22.      10.      51.      17.265],837.6820531531881,326.77873936507905,2.648522625668277,0.2175565857834021,0.0769588874531759,0.1027814179991246
B0006,533,impedance,24,[2008.       5.      22.      12.      12.      19.453],833.020348599009,331.22933007632486,2.604194835225838,0.2124034864482196,0.0749168340838373,0.0974091312159428
B0006,535,impedance,24,[2008.       5.      22.      15.      45.      53.515],836.9836072264985,327.17625899190585,2.645040187795059,0.2170450870093321,0.0758245422515517,0.1041063706998522
B0006,537,impedance,24,[2008.       5.      22.      17.       6.      57.515],832.4926041851801,331.862098917322,2.5984681952520505,0.2115985484094959,0.0731973306789386,0.0986378767270153
B0006,539,impedance,24,[2008.       5.      22.      20.      27.      44.765],838.1914884570311,325.80806050956915,2.659722535756716,0.2189482678947022,0.0759119158447739,0.1049438515440013
B0006,541,impedance,24,[2008.       5.      22.      21.      48.      39.015],833.1118825604655,331.18235111381824,2.6048719812920904,0.2122840919131595,0.0741238796957194,0.0984676098870169
B0006,543,impedance,24,[2008.       5.      23.      11.      41.      10.187],837.8570155672693,326.08792561024205,2.6575470215318813,0.2183930196645284,0.0762929715531933,0.1064712631533319
B0006,545,impedance,24,[2.0080e+03 5.0000e+00 2.3000e+01 1.3000e+01 2.0000e+00 1.5484e+01],833.0726000091951,331.14343481442484,2.6057848821320317,0.2124659242294405,0.0744494476629702,0.0976349035137695
B0006,548,impedance,24,[2008.       5.      23.      21.       3.      54.921],832.3174669795972,332.10137516544387,2.596609933150173,0.2113605662094153,0.0742980197609937,0.0972724969962096
B0006,550,impedance,24,[2008.       5.      24.       0.      37.      15.656],835.3564107469598,328.7188942704334,2.6288986292180234,0.2151534879147203,0.0752876188558989,0.1013128184675522
B0006,552,impedance,24,[2.0080e+03 5.0000e+00 2.4000e+01 1.0000e+00 5.8000e+01 2.8718e+01],831.419511588426,333.29809327447566,2.5830799462131897,0.2098303583053963,0.0732641449429155,0.0948578803057855
B0006,554,impedance,24,[2008.       5.      24.       5.      28.      14.078],836.05557505937,328.2455941148966,2.6362105410684915,0.2158301861844234,0.0752509146509656,0.1026311415061905
B0006,556,impedance,24,[2008.       5.      24.       6.      49.      19.062],831.9354655255676,332.7148906193456,2.5908091571140086,0.2106204043198233,0.0729533859483913,0.0970917153562493
B0006,558,impedance,24,[2008.       5.      24.      10.      10.      44.312],837.1039986610921,327.1839849327344,2.6450782585004333,0.2170640945685812,0.0757955584221838,0.1033762243070195
B0006,560,impedance,24,[2008.       5.      24.      11.      31.      49.718],831.4318999222364,333.124002921193,2.5829812364423628,0.2097454005727188,0.0722998993167301,0.0972685161715672
B0006,562,impedance,24,[2008.       5.      24.      14.      59.       4.171],837.8778590198802,326.2438661906749,2.6579473122574373,0.2184132879158145,0.0763431463339071,0.104593793917714
B0006,564,impedance,24,[2.008e+03 5.000e+00 2.400e+01 1.600e+01 2.000e+01 1.515e+00],831.9006665793463,332.2481069869986,2.5953131623900285,0.2110594781342217,0.0720819344505843,0.0963275273086972
B0006,566,impedance,24,[2008.       5.      24.      19.      49.       7.109],837.1909632665619,327.03315226647857,2.648585332323126,0.2173908826782663,0.0754857475272783,0.1041567019889631
B0006,568,impedance,24,[2008.       5.      24.      21.      10.       4.265],833.3354663991125,331.296249232883,2.603007792412035,0.2121992106785516,0.074020498261262,0.0992152943663302
B0006,570,impedance,24,[2008.      5.     25.      0.     34.     43.14],837.5660588791064,326.71123281623915,2.6524707095287305,0.2177522026267011,0.075678173941146,0.1049894160585908
B0006,572,impedance,24,[2.0080e+03 5.0000e+00 2.5000e+01 1.0000e+00 5.5000e+01 3.0531e+01],832.8544063407352,331.7062684262464,2.600348172554732,0.2118882826146821,0.074519020704208,0.097222414755428
B0006,574,impedance,24,[2008.       5.      25.       5.      25.      11.093],838.3046981716257,325.9080591751435,2.6585066877592607,0.218415760883519,0.0763973061822181,0.1062555849514584
B0006,576,impedance,24,[2008.       5.      25.       6.      45.      59.203],832.7543862288784,331.4783398655599,2.598859995599053,0.2117788903712497,0.0742401898235231,0.0980457597288729
B0006,578,impedance,24,[2008.       5.      25.      10.      19.      30.093],837.5142043698761,326.78112169224306,2.647974221204528,0.2173482718253816,0.0755408955239052,0.1032519942992523
B0006,580,impedance,24,[2008.       5.      25.      11.      40.       9.609],833.2498669221004,331.2608416023847,2.6045348042034995,0.2122491793157534,0.0751269930267548,0.0976015207267083
B0006,582,impedance,24,[2.008e+03 5.000e+00 2.500e+01 1.500e+01 5.000e+00 1.687e+00],838.7058210821075,325.61252429332234,2.663267228387985,0.2190763299506798,0.0775855591124683,0.1047311376075346
B0006,584,impedance,24,[2008.      5.     25.     16.     25.     42.25],833.6664619584395,330.8894362171352,2.607207631648571,0.2127091043756275,0.0730030471857442,0.0998612145340232
B0006,586,impedance,24,[2008.       5.      25.      19.      50.      54.953],839.1037039963313,324.9238631335276,2.6703727578457905,0.2198406327354977,0.0791409953998212,0.1041059746959914
B0006,588,impedance,24,[2008.       5.      25.      21.      11.      31.515],833.5638078615474,331.0172284502574,2.606150255680649,0.2124254790474781,0.0733791162898153,0.1001243987004642
B0006,590,impedance,24,[2008.       5.      26.       0.      40.      52.859],837.6987916352605,326.5501673960634,2.6507419003261963,0.2176992557995498,0.0770348037702638,0.1043025357256912
B0006,592,impedance,24,[2.0080e+03 5.0000e+00 2.6000e+01 2.0000e+00 1.0000e+00 2.9328e+01],833.7134547511641,330.5703306286437,2.614171202058451,0.2133755678255774,0.0740063873774855,0.10058214210272
B0006,594,impedance,24,[2008.       5.      26.       5.      28.      58.109],837.9957473561198,326.4685786711962,2.650929306643957,0.2178718273052249,0.0755865731223018,0.1054502286771071
B0006,596,impedance,24,[2008.       5.      26.       6.      49.      35.046],833.013558037234,331.58072728130145,2.603477931358838,0.2121323448465994,0.0744573130487284,0.0977176529227598
B0006,598,impedance,24,[2008.       5.      26.      10.      12.      28.125],838.1844240788969,325.89071416570954,2.6605553359045127,0.2186095117938144,0.0768002402725307,0.1050583889524579
B0006,600,impedance,24,[2008.       5.      26.      11.      32.      56.968],833.7051166168118,330.9547829361384,2.608568742711083,0.212707108844231,0.0740496189576683,0.100042653155579
B0006,602,impedance,24,[2008.       5.      26.      14.      58.      33.218],838.1812453398767,325.9333494991206,2.6571082012837457,0.2184103809298437,0.0777337947396853,0.1055258410926404
B0006,604,impedance,24,[2008.       5.      26.      16.      19.       2.828],833.1005270081884,331.41772841132826,2.603175490676348,0.2120758047045299,0.0734535667268147,0.0995843341983424
B0006,606,impedance,24,[2008.       5.      26.      19.      48.      54.421],838.839532075871,325.3784145415221,2.665137996110375,0.2192459601730079,0.0764975846096731,0.1066836025369429
B0006,608,impedance,24,[2008.      5.     26.     21.      9.     22.89],834.1335482156854,330.1457716166089,2.616800923137796,0.2136854378597403,0.0742918120791737,0.1014577067356365
B0006,610,impedance,24,[2008.       5.      27.       0.      27.      55.562],838.4220905228931,325.9360791133947,2.6611001626943813,0.2188609736742594,0.076934450861607,0.1058981228130979
B0006,614,impedance,24,[2008.      5.     27.     21.     34.     28.64],833.402875749444,330.84325695353874,2.606882259102596,0.2126365665774363,0.0735893678798284,0.0999947402618141
B0007,40,impedance,24,[2008.       4.      18.      20.      55.      29.859],804.3879881079342,335.71052886799856,2.446360050483571,0.185892775508637,0.0381681360994608,0.0615809457422944
B0007,42,impedance,24,[2008.       4.      18.      22.      39.      16.312],811.1556122746427,326.03659796086043,2.567574910537856,0.2064277717327566,0.0423522002551147,0.0794620574429885
B0007,44,impedance,24,[2.0080e+03 4.0000e+00 1.9000e+01 2.0000e+00 1.4000e+01 2.7015e+01],805.2766402880911,334.83489232180506,2.45272479698129,0.1871532014090177,0.0397131229201359,0.0618065433968296
B0007,46,impedance,24,[2008.       4.      19.       3.      57.      24.187],808.4255693284287,324.24915094897574,2.6819370715894446,0.3895638179592664,0.0417192823930559,0.080850992535227
B0007,48,impedance,24,[2008.       4.      19.       7.      32.      33.656],804.2843810436507,336.0957675447977,2.440787034338394,0.1856281472742525,0.0384014639910651,0.0610013038468072
B0007,50,impedance,24,[2008.       4.      19.       9.      15.      10.453],805.2060025316931,327.447301900886,2.620768149503568,0.3140328379581643,0.0417255432887453,0.0732425237282777
B0007,52,impedance,24,[2.008e+03 4.000e+00 1.900e+01 1.200e+01 4.700e+01 4.210e-01],803.3401713094164,337.2291269726925,2.433417968521647,0.1847594654870423,0.0371051772037323,0.0600756510818989
B0007,54,impedance,24,[2008.       4.      19.      14.      28.      58.984],805.4924438135473,326.2836739806992,2.685690769883017,0.4548327737152365,0.0399295235052935,0.0775254899698734
B0007,56,impedance,24,[2008.       4.      19.      18.      12.      47.531],822.4445874536982,341.4120323796764,2.49145364411137,0.1785051818480623,0.0378339460339389,0.061293760421866
B0007,58,impedance,24,[2008.       4.      19.      19.      55.       5.296],805.2824638557919,326.59447087474746,2.596893281906727,0.2555885000966424,0.0408682807687173,0.0768386955289876
B0007,60,impedance,24,[2008.       4.      19.      23.      27.      13.343],803.5268717000154,336.5254029089654,2.439602789873128,0.185351203470184,0.0375204254053658,0.0600731341862481
B0007,62,impedance,24,[2.0080e+03 4.0000e+00 2.0000e+01 1.0000e+00 8.0000e+00 1.1406e+01],804.5997791534097,326.9668958794306,2.6744266925413123,0.4380723185730322,0.0416986565608095,0.0720729677827527
B0007,64,impedance,24,[2008.       4.      20.       4.      39.      59.296],803.910001320858,336.39446875363,2.441837620814423,0.1857713691800285,0.0373972713715067,0.0612330724542185
B0007,66,impedance,24,[2008.       4.      20.       6.      20.      57.125],804.6085690054615,327.32007701246056,2.637179321838589,0.3485055059335486,0.03998676920342,0.073636743638268
B0007,68,impedance,24,[2.0080e+03 4.0000e+00 2.0000e+01 1.0000e+01 1.0000e+00 4.6156e+01],802.8226153057623,337.4807030925962,2.4284714815360764,0.1841957130036084,0.0359196800988642,0.0605706911170167
B0007,70,impedance,24,[2008.       4.      20.      11.      42.      26.062],803.3693824827301,328.32750960147683,2.706515003691212,0.6036212287817738,0.0414682491473606,0.0695430380174996
B0007,72,impedance,24,[2008.      4.     20.     15.     22.     22.64],803.9259518382805,336.2948457214368,2.438402058281561,0.1854142673832579,0.0373857989211497,0.0613173760292053
B0007,74,impedance,24,[2.008e+03 4.000e+00 2.000e+01 1.700e+01 3.000e+00 1.140e+00],803.3170237978849,328.5242414754403,2.6844541928665,0.5207890375751096,0.0409105369508414,0.0697381318114343
B0007,76,impedance,24,[2008.       4.      20.      20.      35.      56.187],803.261563878846,337.28617402335374,2.4302061260798413,0.1845926010517463,0.0378905884196738,0.06032875855026
B0007,78,impedance,24,[2008.       4.      20.      22.      16.      35.078],803.5162723705022,328.0911844537354,2.626794779902893,0.3416667216559411,0.0400972488595749,0.0728814519781134
B0007,80,impedance,24,[2.0080e+03 4.0000e+00 2.1000e+01 2.0000e+00 0.0000e+00 1.9968e+01],822.0433225279315,340.4710248598764,2.5019298450221634,0.1768778887174952,0.0371572295753325,0.061034792696747
B0007,82,impedance,24,[2008.       4.      21.       3.      26.      58.453],803.3317873819028,329.9283083211665,2.6012228643080006,0.3153554723191011,0.0411920195586732,0.0684835665334699
B0007,86,impedance,24,[2008.       4.      22.      16.      33.       3.953],826.441690044897,338.2187424107323,2.522410744405404,0.1873943061500618,0.0410566964664513,0.070659971332503
B0007,88,impedance,24,[2008.       4.      22.      19.      54.      32.265],825.8386825634658,338.62511440953614,2.5187926166821826,0.1868608760491029,0.0417594054145559,0.0644560882097745
B0007,90,impedance,24,[2008.       4.      22.      21.      24.      34.484],826.4239460791545,338.28044964823533,2.522006211413379,0.1873290332660118,0.0411945977368719,0.0702209554283169
B0007,92,impedance,24,[2008.       4.      23.       0.      46.      24.921],826.4854665870645,338.12466239712006,2.521917102234879,0.1873848698328278,0.0423270479862688,0.0641415094761317
B0007,94,impedance,24,[2.008e+03 4.000e+00 2.300e+01 2.000e+00 1.600e+01 8.578e+00],825.1225938318081,339.6522832604498,2.5074395952687123,0.1856069821184999,0.0399687402296661,0.0681247411969717
B0007,96,impedance,24,[2008.      4.     23.      5.     46.     32.89],824.9240501444419,340.27836868436503,2.499596852014442,0.1847244828907759,0.0396728639829912,0.0633375503455221
B0007,98,impedance,24,[2008.       4.      23.       7.      16.       7.671],825.0300578034452,339.8350995238427,2.507115461337037,0.1854918515925803,0.0397941078897817,0.0687794553615811
B0007,100,impedance,24,[2008.       4.      23.      10.      36.      13.156],825.1919932049095,339.43504333121456,2.5121416513717048,0.1859853871044883,0.0404653672528573,0.0639722520595072
B0007,102,impedance,24,[2008.       4.      23.      12.       5.      30.437],825.2229110833581,339.761435229896,2.506231817575556,0.1854683408169481,0.0409390182419528,0.066752230847743
B0007,104,impedance,24,[2008.       4.      23.      15.      34.      37.843],825.1574072853227,339.5641256161401,2.5083545901708715,0.1856589963520731,0.0408309954459878,0.0629222353152032
B0007,106,impedance,24,[2008.       4.      23.      17.       3.      55.484],825.1125738209524,339.61808442597135,2.5089297233476877,0.185707396829922,0.0410673635657293,0.0662850303940424
B0007,108,impedance,24,[2008.      4.     23.     20.     31.     10.75],825.1367780397082,339.45418044118713,2.5108978925832406,0.1858435273683433,0.0407870122998766,0.0633885849281959
B0007,110,impedance,24,[2008.       4.      23.      22.       0.      19.218],826.7859051969026,338.046130599685,2.524136998115968,0.1876370225037466,0.0416617088948181,0.0681635775867941
B0007,112,impedance,24,[2.0080e+03 4.0000e+00 2.4000e+01 1.0000e+00 1.9000e+01 4.6171e+01],825.6122870137893,339.2861759257933,2.508894230882236,0.1858603971146629,0.0398173593963539,0.0644668961248353
B0007,114,impedance,24,[2.0080e+03 4.0000e+00 2.4000e+01 2.0000e+00 4.8000e+01 3.5687e+01],824.4187529662971,340.77599153054206,2.495782784039871,0.1841976021699131,0.040333531003242,0.0655202226224431
B0007,116,impedance,24,[2008.       4.      24.       6.      18.      12.171],824.0887708025856,340.83732517402376,2.4964144163315507,0.1841200635038497,0.0387909877017732,0.0628098792567102
B0007,118,impedance,24,[2008.       4.      24.       7.      46.      53.906],824.3748797199838,340.23992283468584,2.505018321476829,0.1851033295447065,0.0398003209462579,0.0650132948726055
B0007,120,impedance,24,[2008.       4.      24.      11.      17.      36.359],825.6997996497403,339.11315843684986,2.5110852171067446,0.1861113028421207,0.0413584990216644,0.0640930962913017
B0007,122,impedance,24,[2008.       4.      24.      12.      46.       8.171],825.5106432074864,339.03563253503256,2.51486608701056,0.1863553944863124,0.0406816138028831,0.0648020284566245
B0007,124,impedance,24,[2008.       4.      24.      16.      14.       7.906],825.4962542927951,339.06156804330425,2.5127367727803107,0.1862244909995446,0.0419881321640878,0.0629074367397784
B0007,126,impedance,24,[2008.       4.      24.      17.      42.      40.796],824.3692499437271,340.4823083373968,2.5003819072477045,0.1846516740041743,0.0406917627667531,0.0640322479984789
B0007,128,impedance,24,[2008.       4.      24.      21.       6.      22.828],824.5489479891488,339.9350769759911,2.5053386801654454,0.1851348913518109,0.0410635565050997,0.0618301881415941
B0007,130,impedance,24,[2008.       4.      24.      22.      34.      45.921],823.9677138220969,340.8531662762257,2.4985111950840047,0.1842666700470243,0.0403611204287398,0.0635918173001047
B0007,132,impedance,24,[2.008e+03 4.000e+00 2.500e+01 1.000e+00 5.700e+01 7.593e+00],824.1916247947597,340.57318791500444,2.4983263230712,0.1843890895384908,0.0397095688006817,0.0630831687308314
B0007,136,impedance,24,[2008.       4.      25.      21.       0.      31.421],832.3334128600167,332.1241440403719,2.58847433585316,0.1952675459745421,0.0472502048042168,0.0727258609104947
B0007,138,impedance,24,[2008.       4.      26.       0.      32.      46.968],831.2110044241794,332.7772457602095,2.576230340677327,0.1940052117949335,0.0465886984598843,0.0693869640088942
B0007,140,impedance,24,[2.0080e+03 4.0000e+00 2.6000e+01 2.0000e+00 0.0000e+00 5.2359e+01],831.1732841381557,333.05118057744704,2.5759068566233894,0.1938692572293139,0.0461653517460827,0.0714051625047609
B0007,142,impedance,24,[2008.       4.      26.       5.      25.      46.234],831.2319990100763,333.39930231916264,2.5725979699592383,0.1934833487555992,0.0450589668472443,0.0692805173920436
B0007,144,impedance,24,[2008.       4.      26.       6.      53.      34.171],830.1936536453126,334.3162044813964,2.5610242132852785,0.1921850388945143,0.0458839732229062,0.0692600719668959
B0007,146,impedance,24,[2008.       4.      26.      10.      26.      36.718],831.5866513868405,332.8960566027645,2.57308265543043,0.1937985600819336,0.0458138476522787,0.0696653302556868
B0007,150,impedance,24,[2008.       4.      29.      13.      12.      54.375],832.5815732255847,331.1935215854107,2.5952382437898,0.1961507457439032,0.0492214577894399,0.0713426382157518
B0007,152,impedance,24,[2008.       4.      29.      16.      33.      38.281],832.2030691167707,331.36049349942846,2.592036258992579,0.1957811783153172,0.0488865538215203,0.0696851437062246
B0007,154,impedance,24,[2.0080e+03 4.0000e+00 2.9000e+01 1.8000e+01 2.0000e+00 2.1296e+01],831.6916987659991,332.0865438906059,2.584873536070131,0.1949653335729853,0.0483951365393567,0.0713515950419545
B0007,156,impedance,24,[2008.      4.     29.     21.     28.     15.14],831.9379445489946,331.83796343924126,2.586172154613861,0.1952243435899732,0.0480552218263486,0.0698864194438785
B0007,158,impedance,24,[2008.       4.      29.      22.      56.      30.656],832.1558561063229,331.89900026434367,2.587410202762439,0.1952730345114207,0.0488006065070867,0.0705515825581293
B0007,160,impedance,24,[2.008e+03 4.000e+00 3.000e+01 2.000e+00 1.200e+01 5.609e+00],832.2612289552426,331.6074728471851,2.58901179327858,0.1955279411455256,0.047509200748586,0.0703725401221073
B0007,162,impedance,24,[2008.      4.     30.      3.     40.      3.39],831.5128671409906,332.667423557405,2.5785752077256343,0.1942870059462358,0.0477710078046238,0.0707118257849502
B0007,164,impedance,24,[2008.       4.      30.       7.       9.      52.656],832.4775471496232,331.1427978644909,2.5918874471487143,0.1959391973460289,0.0481799142983664,0.0704800798689803
B0007,166,impedance,24,[2008.       4.      30.       8.      37.      42.406],832.2010942771705,331.78383464295774,2.589247219145023,0.1954666936432064,0.0480709471642284,0.0716849617062179
B0007,168,impedance,24,[2008.       4.      30.      11.      56.      59.203],833.1365266993233,330.7035963801595,2.598046142333766,0.196644087494804,0.0485324073582465,0.0703495236965677
B0007,170,impedance,24,[2008.       4.      30.      13.      24.      39.734],832.0692339877129,331.96520012426726,2.58680042255123,0.1952044227933224,0.0481292571231776,0.071036228996812
B0007,172,impedance,24,[2008.       4.      30.      16.      48.      25.875],834.0019623740915,330.090633927183,2.606848962185493,0.1976258052888496,0.0497462553640585,0.0709596027580753
B0007,174,impedance,24,[2008.      4.     30.     18.     16.      7.25],832.4224862868068,331.43728967825933,2.591260162755358,0.1957808330668792,0.0490535009286065,0.0716505512430741
B0007,176,impedance,24,[2008.       4.      30.      21.      43.       3.656],833.6290921147335,330.23366651739326,2.6050145242815943,0.197386417950802,0.0498936282124914,0.0698875047977575
B0007,178,impedance,24,[2008.       4.      30.      23.      10.      36.859],831.8794668661398,332.2183283756203,2.583133951665632,0.194842597826651,0.0477138508673141,0.0710486101468807
B0007,180,impedance,24,[2.0080e+03 5.0000e+00 1.0000e+00 2.0000e+00 4.3000e+01 4.2562e+01],832.609767675592,331.2368462648442,2.593980547123813,0.1960364639768396,0.0476209330618886,0.0695963747092475
B0007,182,impedance,24,[2.008e+03 5.000e+00 1.000e+00 4.000e+00 1.100e+01 7.078e+00],832.7672552724388,331.34670006252645,2.592344068738887,0.1959716725372703,0.0479939825459855,0.0715534002029716
B0007,184,impedance,24,[2.0080e+03 5.0000e+00 1.0000e+00 7.0000e+00 4.4000e+01 1.2656e+01],833.1178224830898,330.74814418373995,2.601004357844,0.196825792745762,0.0464799621281034,0.0710980516940997
B0007,186,impedance,24,[2.0080e+03 5.0000e+00 1.0000e+00 9.0000e+00 1.1000e+01 2.7593e+01],831.6063864977731,332.2684172850785,2.5841230957977817,0.1948287812582995,0.047438380107813,0.0701160181523954
B0007,188,impedance,24,[2.0080e+03 5.0000e+00 1.0000e+00 1.2000e+01 4.2000e+01 3.4015e+01],833.2149045508313,330.65006470406934,2.5993422067155287,0.196756101580858,0.047969250311316,0.0708925113800405
B0007,190,impedance,24,[2.008e+03 5.000e+00 1.000e+00 1.400e+01 9.000e+00 5.064e+01],832.4545378861336,331.4902515632612,2.591188898303377,0.1957401681346073,0.0489922206676411,0.0704081490005847
B0007,192,impedance,24,[2.0080e+03 5.0000e+00 1.0000e+00 1.7000e+01 3.9000e+01 2.0015e+01],832.7848281722991,331.084788000847,2.595299837118826,0.1962351357448375,0.048225418155885,0.0709769157630702
B0007,194,impedance,24,[2.0080e+03 5.0000e+00 1.0000e+00 1.9000e+01 6.0000e+00 2.6859e+01],831.5517134029393,332.236504979196,2.583564504526759,0.1948004477578779,0.048214700566631,0.0696168720375489
B0007,196,impedance,24,[2.0080e+03 5.0000e+00 1.0000e+00 2.2000e+01 3.8000e+01 2.4062e+01],833.1384006487064,330.9071683795852,2.595368663976681,0.1963713952704456,0.0490895503628693,0.0702287371303744
B0007,198,impedance,24,[2.0080e+03 5.0000e+00 2.0000e+00 0.0000e+00 5.0000e+00 3.1015e+01],831.4651455318117,332.63537812708205,2.5791512874960967,0.1943425727394132,0.0479129725184779,0.0694812017142837
B0007,200,impedance,24,[2.0080e+03 5.0000e+00 2.0000e+00 3.0000e+00 2.1000e+01 4.3218e+01],833.3791938093277,330.3134669171393,2.6023230279215244,0.1971356331046735,0.0488174139240195,0.0718940740392593
B0007,202,impedance,24,[2.0080e+03 5.0000e+00 2.0000e+00 4.0000e+00 4.8000e+01 3.3343e+01],831.070790667561,332.61698727306884,2.5797038787543154,0.1943018685363379,0.0476104078872702,0.0703612147830665
B0007,204,impedance,24,[2.0080e+03 5.0000e+00 2.0000e+00 8.0000e+00 1.2000e+01 4.9328e+01],833.0292681645725,331.02809045552993,2.5928623342116435,0.1961330733867838,0.0488921950725171,0.0701260512880205
B0007,206,impedance,24,[2.0080e+03 5.0000e+00 2.0000e+00 9.0000e+00 3.9000e+01 4.0343e+01],832.1266354502404,331.7313017540267,2.588875957383929,0.1954161064929443,0.0483472377139637,0.0702995301403617
B0007,208,impedance,24,[2.0080e+03 5.0000e+00 2.0000e+00 1.3000e+01 1.1000e+01 1.3468e+01],832.488256019012,331.15263828683493,2.593774896588911,0.1961170895690272,0.0474232187307728,0.0690776187517649
B0007,210,impedance,24,[2.0080e+03 5.0000e+00 2.0000e+00 1.4000e+01 3.7000e+01 5.5109e+01],832.2788271145652,331.3078200759452,2.5932172890761493,0.1959554991061385,0.050111225517516,0.0696007325489996
B0007,212,impedance,24,[2.008e+03 5.000e+00 2.000e+00 1.800e+01 1.100e+01 3.593e+00],833.256207763477,330.40605584089707,2.6006207482392827,0.1969658238060525,0.0484604377549353,0.0708375336017697
B0007,216,impedance,24,[2008.       5.       3.       0.      18.      59.734],833.0677437515383,330.8404515179386,2.598518649966387,0.1966095870206672,0.0487452841684927,0.0724894748097682
B0007,218,impedance,24,[2008.       5.       3.       3.      41.      16.453],833.9857960389569,330.1220233757272,2.6020909838448025,0.19728418374803,0.0489092204596219,0.0722437532116874
B0007,220,impedance,24,[2008.       5.       3.       5.       7.      41.812],831.9796394044437,332.4479108652196,2.5818939373236502,0.1946586681538722,0.0483480142935397,0.0700722799185243
B0007,222,impedance,24,[2008.       5.       3.       8.      38.      27.484],834.4397067861458,329.747026116428,2.607281952599695,0.1978453350875026,0.0504934152804281,0.0714779278737494
B0007,224,impedance,24,[2008.       5.       3.      10.       4.      43.296],832.3663973225715,331.84826940757745,2.588023679085779,0.1954002384909578,0.047906145513856,0.0707665668724531
B0007,226,impedance,24,[2008.       5.       3.      13.      32.      41.671],834.6847134895578,329.3611743049576,2.612371124306599,0.198402813734333,0.049653807534869,0.0728151127537102
B0007,228,impedance,24,[2008.       5.       3.      14.      58.      49.093],832.3363234726725,331.709453427899,2.5889835158848773,0.1955159410756587,0.0481563125260732,0.0703148767120616
B0007,230,impedance,24,[2008.       5.       3.      18.      26.      20.765],834.6696471870309,329.3920504627331,2.613312733519811,0.1984288018519466,0.0498046985694802,0.0718369324871002
B0007,232,impedance,24,[2008.       5.       3.      19.      52.      28.578],833.0102676203454,331.4279853983409,2.591626325132717,0.1959093960825188,0.0487186652725049,0.0707311077896032
B0007,234,impedance,24,[2008.      5.      3.     23.     10.     37.25],834.5543053765265,329.6904464418779,2.6095960883873155,0.1980751370349672,0.0496014214354859,0.0721211408379768
B0007,236,impedance,24,[2008.       5.       4.       0.      36.      36.703],832.4418852356001,331.7783739889416,2.588052517367942,0.1954250470246411,0.048309781824428,0.0706408498653417
B0007,238,impedance,24,[2008.       5.       4.       4.       9.      47.078],834.7647102848033,329.35455497650804,2.6124700915080035,0.198387306783596,0.0493328695126367,0.0726378441172666
B0007,240,impedance,24,[2008.       5.       4.       5.      35.      36.578],832.4859374814201,331.53701760042946,2.5912248606202506,0.1957660397017506,0.0480220070348009,0.0710763415101089
B0007,242,impedance,24,[2008.       5.       4.       9.       8.      18.734],833.8100288892061,330.26222967703256,2.604632540201664,0.1973664751672939,0.0482451502855609,0.0734441725850627
B0007,244,impedance,24,[2008.       5.       4.      10.      34.       8.906],832.3789659259373,331.5789508458783,2.5922636413634423,0.1957928965188287,0.048878563968151,0.0706797960562365
B0007,246,impedance,24,[2008.       5.       4.      14.       6.      20.031],835.0759853995723,329.10425857610613,2.6149065386264536,0.1987457273763083,0.0500151286165607,0.0738193663609285
B0007,248,impedance,24,[2.008e+03 5.000e+00 4.000e+00 1.500e+01 3.200e+01 1.953e+00],832.0202566399524,332.25413118409784,2.583884782025653,0.1948837749799243,0.0491244370606033,0.070042530900151
B0007,250,impedance,24,[2008.       5.       4.      19.       5.      14.343],833.7960551637074,330.73307789679285,2.598086065289916,0.196748570025161,0.047456705587096,0.0725560099161744
B0007,252,impedance,24,[2008.       5.       4.      20.      30.      47.687],833.2345286770606,330.90517572120297,2.5962972516922345,0.1964685668584775,0.0489371333036464,0.071098768091492
B0007,254,impedance,24,[2.008e+03 5.000e+00 5.000e+00 0.000e+00 4.000e+00 2.500e-01],834.3955009539463,329.5460238361135,2.6113436406643884,0.1982216892672842,0.048886406569936,0.0728986838603586
B0007,256,impedance,24,[2.0080e+03 5.0000e+00 5.0000e+00 1.0000e+00 2.9000e+01 2.4203e+01],833.4934407939203,330.70692891664527,2.598912674937345,0.1967685926425253,0.0491110387604941,0.0714756017400644
B0007,258,impedance,24,[2008    5    5    4   56   20],834.3520011651011,329.7960122396509,2.610191866329296,0.1979877768546254,0.0490424047891537,0.072023713051489
B0007,260,impedance,24,[2008.       5.       5.       6.      21.      44.546],834.5307011249246,329.4436796900883,2.609813472480301,0.1982112845404494,0.0503015132204269,0.0738201172845798
B0007,262,impedance,24,[2008.      5.      5.      9.     54.     58.25],834.2048708751457,330.0038220621188,2.6067246631162804,0.1976903967632145,0.0486198173689242,0.0722347055628345
B0007,266,impedance,24,[2008.      5.      5.     21.     33.     38.39],832.8052767228231,331.1064302108165,2.59646376515082,0.1963101697719068,0.0485859081670254,0.0722341242162264
B0007,268,impedance,24,[2.0080e+03 5.0000e+00 6.0000e+00 1.0000e+00 6.0000e+00 5.2015e+01],834.4059530022511,329.3683162416963,2.614616746803487,0.1985287089944859,0.0483073918075697,0.0744961098767474
B0007,270,impedance,24,[2.0080e+03 5.0000e+00 6.0000e+00 2.0000e+00 3.1000e+01 5.9093e+01],832.3442536386859,331.5804726680815,2.588249117982905,0.1954943230050313,0.0487685878222628,0.0706456754383079
B0007,272,impedance,24,[2008.       5.       6.       6.       5.      11.921],834.6708869614508,329.53882339382125,2.6080896390988886,0.198033050542031,0.0480771408936205,0.0740377027178474
B0007,274,impedance,24,[2008.       5.       6.       7.      30.      10.578],832.5617499453714,331.44345239789897,2.588834903450806,0.1956472854657442,0.0481241927986344,0.0721894922275553
B0007,276,impedance,24,[2008.       5.       6.      10.      53.      26.531],834.2076948172315,329.8160834894723,2.6068481464292783,0.1977284407703794,0.0488972024305583,0.0719367446163898
B0007,278,impedance,24,[2008.       5.       6.      12.      18.      26.171],832.2988480709973,331.5581925556611,2.589490043357999,0.1956134682074281,0.0482876877255574,0.0711931915352938
B0007,280,impedance,24,[2008.       5.       6.      15.      51.      41.546],835.8294256426766,327.92473673977616,2.627973098591822,0.20023888341401,0.0506051927379808,0.0740047112077274
B0007,282,impedance,24,[2008.       5.       6.      17.      16.      40.109],835.3300316860958,328.5317248395472,2.622001386090585,0.1995351343417685,0.0518898593763007,0.0733796878512872
B0007,284,impedance,24,[2008.       5.       6.      20.      49.      54.421],838.10899418251,325.56670984112674,2.654607500027897,0.2033721540978108,0.0551322750889738,0.074631884295366
B0007,286,impedance,24,[2008.       5.       6.      22.      14.      45.453],835.9755844861733,327.5998685115003,2.633893743229148,0.2008205668579303,0.0531481076550764,0.0741978591919722
B0007,288,impedance,24,[2.0080e+03 5.0000e+00 7.0000e+00 1.0000e+00 4.5000e+01 3.0125e+01],837.5080132671146,326.4416802164821,2.641831092936748,0.2020665945407842,0.0521223870633006,0.0753033577103886
B0007,290,impedance,24,[2008.       5.       7.       3.      10.      20.671],835.5085311305087,328.14127891078937,2.6284197035372694,0.2001365826993104,0.0518867434757277,0.0733168121551398
B0007,292,impedance,24,[2008.       5.       7.       6.      32.       6.906],836.8598126936562,326.96028640657335,2.6406417323116425,0.20163306628146,0.0507757180756749,0.0749637852079893
B0007,294,impedance,24,[2008.      5.      7.      7.     56.     39.25],835.488610106699,328.08502130068035,2.62990572528696,0.200265863950339,0.0512788002028633,0.0741340462939485
B0007,296,impedance,24,[2008.       5.       7.      11.      29.      54.546],836.9455779441923,326.92132157302854,2.6363311204406625,0.2013977800679338,0.0512672493033793,0.07541159661766
B0007,298,impedance,24,[2008.      5.      7.     12.     54.     18.25],836.238991020435,327.41645486122144,2.6336025182879665,0.2008754571224853,0.0516207478491927,0.0745676068670433
B0007,300,impedance,24,[2008.       5.       7.      16.      27.      34.437],836.6749017714616,326.9161170054683,2.637702237160689,0.2014536167273583,0.0513556785028954,0.0749649652243977
B0007,302,impedance,24,[2008.       5.       7.      17.      51.      59.125],836.0041933138606,327.7691368900117,2.6315433758276163,0.2006211969871966,0.0521877395575844,0.0730264613396324
B0007,304,impedance,24,[2008    5    7   21   24   14],836.931144112781,326.6959921105534,2.639980150803669,0.2017091977000821,0.0519489574586029,0.0746990678040035
B0007,306,impedance,24,[2008.      5.      7.     22.     48.     38.75],835.3384009376081,328.34607526940107,2.6245085924309097,0.1997849688586759,0.0513235461920233,0.073940565074064
B0007,308,impedance,24,[2.0080e+03 5.0000e+00 8.0000e+00 2.0000e+00 2.1000e+01 5.4109e+01],836.7157000585704,327.4141568364044,2.6319665390056493,0.200869309921715,0.0512866747765454,0.0753948401341443
B0007,310,impedance,24,[2008.       5.       8.       3.      46.       9.968],836.1768360014385,327.60866761055604,2.6315112426809137,0.2006640438007557,0.0528418570265627,0.0738580654603152
B0007,311,impedance,24,[2008.       5.       9.      11.      53.      10.593],839.7862179335885,323.84541380832303,2.6716836463852225,0.2054670090818885,0.0550281379445186,0.0770592019906943
B0007,313,impedance,24,[2008.       5.       9.      13.      19.      35.703],839.1203879056455,324.4885601730337,2.6667000733851,0.2048070856491155,0.0552726615718286,0.0766648164177507
B0007,316,impedance,24,[2008.       5.       9.      21.      21.       3.765],837.9564727793359,325.26918933369626,2.6554348975197204,0.20355676212808,0.0537841305082546,0.0763070468277562
B0007,318,impedance,24,[2008.       5.      10.       0.      49.      59.984],838.3319493591165,325.4721282114629,2.653400625313554,0.2033826949541321,0.0532410231168491,0.0755833501431638
B0007,320,impedance,24,[2.0080e+03 5.0000e+00 1.0000e+01 2.0000e+00 1.4000e+01 4.2109e+01],838.5276571997938,325.0686887268294,2.6603351387945886,0.2040204930420548,0.054786505076222,0.0774319117266334
B0007,322,impedance,24,[2008.       5.      10.       5.      46.      15.296],837.8792389555188,325.82406647058536,2.6478474884035546,0.2027541163508998,0.0527346999149458,0.0757426277404382
B0007,324,impedance,24,[2008.       5.      10.       7.      10.      49.593],837.8959169368591,326.3332661921408,2.646528891516335,0.2025384957317521,0.0542768997747927,0.0751712563710375
B0007,326,impedance,24,[2008.       5.      10.      10.      44.       7.859],839.0987835627426,324.5856429625905,2.6638345867483686,0.2044996785332857,0.0541016697661152,0.0760586204874903
B0007,328,impedance,24,[2008.       5.      10.      12.       8.      32.875],837.730592682274,326.1550360392264,2.64690662983514,0.2025912916800294,0.0533555509438558,0.0762419970182761
B0007,330,impedance,24,[2008.      5.     10.     15.     39.     59.14],838.9992112569762,324.7315966730817,2.662260560637165,0.204383399029602,0.0533794376190377,0.0768769249386572
B0007,332,impedance,24,[2008.       5.      10.      17.       4.      16.015],838.7059133579825,324.8370354150891,2.661065142069715,0.2042270260383233,0.0551851247135877,0.0767334331584221
B0007,334,impedance,24,[2008.       5.      10.      20.      35.      57.437],840.1949541802645,323.181092298495,2.676915670185417,0.2061559954552055,0.0552376704500517,0.078843810663738
B0007,336,impedance,24,[2008.       5.      10.      22.       0.       5.781],838.525469366438,324.9123310267888,2.6627501831974847,0.2042699675756159,0.053994133680981,0.077739885630552
B0007,338,impedance,24,[2.0080e+03 5.0000e+00 1.1000e+01 1.0000e+00 3.3000e+01 2.4437e+01],839.7752132430719,323.71541924574285,2.675911941952286,0.2058495773465017,0.0544393382809305,0.0778542051961001
B0007,340,impedance,24,[2.0080e+03 5.0000e+00 1.1000e+01 2.0000e+00 5.7000e+01 3.2984e+01],838.620436088298,324.9276715838943,2.662281398297671,0.2042359833178265,0.0551093773472507,0.0762306983262205
B0007,342,impedance,24,[2008.      5.     11.      6.     23.     30.25],839.4354199234531,324.0845886365925,2.666530246686595,0.2050018847245326,0.0540548756909633,0.0782110561479581
B0007,344,impedance,24,[2008.       5.      11.       7.      47.      30.468],838.8218403654264,324.7696949494061,2.662692444983547,0.2043527967465959,0.0547907019243256,0.0771316593546729
B0007,346,impedance,24,[2008.       5.      11.      11.      20.      49.578],839.2617862837154,324.3889397627579,2.668060136799301,0.2049306417708996,0.0533532265941854,0.0781986731221035
B0007,348,impedance,24,[2008.       5.      11.      12.      44.      40.703],837.5924774751375,325.89766096641944,2.6512098585406805,0.2029348500106829,0.0537285030197626,0.0761267460464507
B0007,350,impedance,24,[2.008e+03 5.000e+00 1.100e+01 1.600e+01 1.800e+01 8.120e-01],839.3073425757308,324.2630028640728,2.664745640527148,0.2048017864436382,0.0535477968915447,0.0779984052656677
B0007,352,impedance,24,[2008.       5.      11.      17.      41.      53.265],837.1734115700887,326.729014077385,2.641559389999512,0.2018907642615817,0.053428804378186,0.0747539658712587
B0007,354,impedance,24,[2008.       5.      11.      21.      15.      14.843],839.5123124171641,324.1468682233476,2.666655237091133,0.2049793765182888,0.0542963108919572,0.0775560564519399
B0007,356,impedance,24,[2008.       5.      11.      22.      38.      57.843],839.3981878436049,324.2483016413017,2.6674704176424697,0.2050115941349355,0.0546618423629141,0.0784601585037002
B0007,358,impedance,24,[2.008e+03 5.000e+00 1.200e+01 2.000e+00 5.000e+00 7.030e-01],839.8891345785173,323.7035262750909,2.675026930783941,0.2056940631861045,0.0541405078463834,0.0784910399188112
B0007,360,impedance,24,[2008.       5.      12.       3.      28.      34.484],838.4531327100291,325.2326195132121,2.6595455873367206,0.2039080466676993,0.0538824016389402,0.0774785569851945
B0007,362,impedance,24,[2008.       5.      12.      12.      24.      36.453],839.9231125427326,323.37652788260834,2.676945205964008,0.2060879968660434,0.0549773618536978,0.0786387336039181
B0007,364,impedance,24,[2008.      5.     12.     13.     48.     19.89],837.605049904601,325.9654365646092,2.6498448105392143,0.2027958218163706,0.0542761639397116,0.0753777591799645
B0007,367,impedance,24,[2008.       5.      12.      19.      51.      52.953],837.9631786112451,325.7752511758716,2.654144234334157,0.2032623777534041,0.0537747496386631,0.0761630925523921
B0007,369,impedance,24,[2008.       5.      12.      23.      21.      19.078],839.8887019629025,323.49426972707835,2.6744811803520463,0.205823993901114,0.0545239781573175,0.0781727897082057
B0007,371,impedance,24,[2008.      5.     13.      0.     44.     53.25],837.712037243713,325.8081387836316,2.651896859777119,0.2030963484768372,0.0531805398246686,0.0754621409490807
B0007,373,impedance,24,[2008.      5.     13.      4.      3.     26.64],839.61376471712,323.70852535650454,2.6708339074162986,0.2054443541436309,0.054412387703306,0.07816806645061
B0007,375,impedance,24,[2008.       5.      13.       5.      26.      51.781],838.251475375056,325.310332600088,2.6573577187948283,0.2037061016985117,0.0540951897193372,0.0768436319617484
B0007,377,impedance,24,[2008.      5.     13.      8.     52.      5.89],839.0586536744987,324.3287449603765,2.6666510066813323,0.2048172760776979,0.0545121920585528,0.0765105461461317
B0007,379,impedance,24,[2008.       5.      13.      10.      15.       2.906],839.6674915613148,323.7345613132163,2.6729268914883733,0.2056245077106338,0.056164422063534,0.0776993246313987
B0007,381,impedance,24,[2008.       5.      13.      13.      48.      25.875],838.520454411732,324.749201233903,2.66014165147237,0.2040590302875418,0.0523519115520944,0.0772564945442686
B0007,383,impedance,24,[2008.       5.      13.      15.      11.      42.234],838.6606775406658,324.594691191307,2.664273876557911,0.2045214197717325,0.0556167229549265,0.0757081604993204
B0007,385,impedance,24,[2008.       5.      13.      18.      32.      21.281],839.5097281189164,324.1597243443932,2.6701931389457627,0.2052717987624025,0.0555827698471621,0.0772347715207363
B0007,387,impedance,24,[2008.       5.      13.      19.      55.      29.859],839.4186379888612,323.7899934595495,2.674634493082344,0.2056831445453538,0.0548933155784267,0.0784417847890159
B0007,389,impedance,24,[2008.       5.      13.      23.      27.      26.625],839.9481080327178,323.6138225457621,2.67544623099581,0.2058951895309261,0.0547408930047106,0.0790184155558609
B0007,391,impedance,24,[2008.      5.     14.      0.     50.     35.39],838.7785825750581,324.71793550022784,2.663819346200342,0.2044701036967871,0.0555997570416181,0.0762345379961697
B0007,393,impedance,24,[2008.       5.      14.       4.      23.      57.968],840.757115098265,322.539456349692,2.6852959825347846,0.2071250177029419,0.0552372334380582,0.0799393133533925
B0007,395,impedance,24,[2008.       5.      14.       5.      46.      58.078],838.9050381910005,324.71916246339816,2.661713596681276,0.2043344025564096,0.0539627424356097,0.0786888902895457
B0007,397,impedance,24,[2008    5   14    9   20   22],841.5107684615341,322.0782750655618,2.6933878692652944,0.2079782290294138,0.0572653476857599,0.0794231222611038
B0007,399,impedance,24,[2008.       5.      14.      10.      43.      12.953],837.960135577127,325.48333621905715,2.654400572489345,0.2033771042031038,0.0541146320474673,0.0761296091760724
B0007,401,impedance,24,[2008.      5.     14.     14.      3.     22.75],839.3570478018055,324.0686762155281,2.6695295260655647,0.2051961075237267,0.0510706479505143,0.0787648472687548
B0007,403,impedance,24,[2008.       5.      14.      15.      26.      13.546],838.8087150628543,324.82426997542933,2.6635849961467706,0.2044206137024942,0.0524530525571906,0.0783688834242764
B0007,405,impedance,24,[2008.      5.     14.     18.     59.     38.89],840.2000079863063,323.2639958348731,2.677997055777942,0.2062362169481553,0.0550885787313233,0.0780670117184084
B0007,407,impedance,24,[2008.      5.     14.     20.     22.     30.64],838.6314061042099,324.7521146937201,2.662788138770693,0.204349772917897,0.0532910297992707,0.0777418007833103
B0007,409,impedance,24,[2008.       5.      14.      23.      55.      55.406],840.7105282190254,323.0808319143491,2.680902511527407,0.2065461883968855,0.0557785741854704,0.0782426980033324
B0007,411,impedance,24,[2.008e+03 5.000e+00 1.500e+01 1.000e+00 1.800e+01 3.789e+01],839.1170633866626,324.7907071488384,2.6627008879998386,0.2044311325562719,0.0537426795031457,0.0776703060033402
B0007,413,impedance,24,[2008.       5.      15.       4.      52.       4.609],841.9158197942979,321.58974896571914,2.697599013689412,0.208463061098802,0.0584547930925319,0.0780883773855803
B0007,415,impedance,24,[2008.       5.      15.       6.      14.      38.093],839.5692647335967,324.32335284552227,2.665576874555748,0.2048747172399189,0.0546448939422686,0.0782004939640973
B0007,417,impedance,24,[2008.       5.      15.       9.      48.       3.453],841.1036663236428,322.3263453165901,2.68765836622307,0.2074209709886662,0.0548728983507364,0.0811431379239443
B0007,419,impedance,24,[2008.       5.      15.      11.      10.      28.328],841.2165509374196,322.00224567369213,2.6930244546136906,0.2079456517346959,0.0582841929872629,0.0784462296244575
B0007,421,impedance,24,[2008.       5.      15.      14.      38.      58.781],840.9337776638073,322.40616860591507,2.6874403346367863,0.2072478412662117,0.0568991758337347,0.0788722076648629
B0007,423,impedance,24,[2.008e+03 5.000e+00 1.500e+01 1.600e+01 1.000e+00 2.339e+01],838.824233641119,324.4586996282813,2.666783830872442,0.204774387636367,0.0542898771209998,0.077971810269146
B0007,425,impedance,24,[2008.       5.      15.      19.      24.      46.593],841.461514838153,321.72375211865585,2.694868251396308,0.2081824823621773,0.0557428509591016,0.0800568561357903
B0007,427,impedance,24,[2008.       5.      15.      20.      47.      12.406],840.0450322452419,323.20803294445017,2.6800378580531654,0.2064070209566312,0.0567656318329072,0.0783665633777987
B0007,429,impedance,24,[2008.       5.      16.       0.       9.      33.937],839.9556897733519,323.6211491742077,2.675945673751177,0.2058389227045212,0.0544643480227725,0.0779198353747232
B0007,433,impedance,24,[2008.       5.      16.      22.      28.      31.078],842.4601634018181,320.6403524823773,2.708507807169458,0.2097595942317785,0.0596812082051438,0.0795149362821227
B0007,435,impedance,24,[2.0080e+03 5.0000e+00 1.7000e+01 2.0000e+00 0.0000e+00 1.2656e+01],841.4630336588592,322.0426876900119,2.6901759355401667,0.2077720546535268,0.0560425836713211,0.0799132720597221
B0007,437,impedance,24,[2008.       5.      17.       3.      22.      47.796],842.0951137412994,321.3940275027132,2.7006865427392377,0.2088549197196607,0.057541452922451,0.0814912780220327
B0007,439,impedance,24,[2008.       5.      17.       6.      53.      18.328],842.4303310868908,320.7675652167552,2.7047034358538973,0.2094133478353877,0.0571969796717012,0.0818531945758062
B0007,441,impedance,24,[2008.       5.      17.       8.      15.      45.265],841.6269306267583,322.04573738000335,2.6927676350297904,0.2079275736123284,0.0569068249592496,0.0800043038139232
B0007,443,impedance,24,[2008.       5.      17.      11.      49.      14.296],841.6003397360379,321.66775611456296,2.693604877837837,0.2080970072888821,0.0553395402900145,0.0808666905560647
B0007,445,impedance,24,[2008.       5.      17.      13.      11.      30.687],841.7574386374298,321.4356869362867,2.6987500707191945,0.2086492484953651,0.0567026821439164,0.0812775892034121
B0007,447,impedance,24,[2008.       5.      17.      16.      43.      35.437],842.4934048854653,320.7954614989883,2.706097652369573,0.2094684606910255,0.057050602535577,0.081538403561654
B0007,449,impedance,24,[2008.       5.      17.      18.       5.      53.796],840.1530720145256,323.3083983764507,2.678548373279351,0.2061860392466731,0.0575350540153687,0.0771307754242999
B0007,451,impedance,24,[2008.       5.      17.      21.      38.      49.296],842.9249351553517,320.47531240398973,2.708661478922624,0.2098474737472224,0.0577616170406075,0.0820660023586674
B0007,453,impedance,24,[2008.       5.      17.      23.       0.      48.453],841.8839399033383,321.9771477396704,2.694328474033908,0.2081171429342413,0.0576869489078101,0.0802208836257335
B0007,455,impedance,24,[2.0080e+03 5.0000e+00 1.8000e+01 2.0000e+00 3.3000e+01 1.7109e+01],843.0431923876332,320.08816863188366,2.7136843708490943,0.2103771547719423,0.0575854885358439,0.0829334777035948
B0007,457,impedance,24,[2008.       5.      18.       3.      55.      17.546],841.7643312724846,321.5180195002,2.6964407067239,0.2084665788256149,0.0577034778846689,0.0812692583488516
B0007,459,impedance,24,[2008    5   18    7   28   48],843.139437862474,320.17804205005206,2.71427366249198,0.2103133547108684,0.0567066634864918,0.0826880652178822
B0007,461,impedance,24,[2008.       5.      18.       8.      50.      48.718],842.8364281483836,320.707750345125,2.706281262562585,0.2095683868744673,0.0572315559529829,0.0826950250965445
B0007,463,impedance,24,[2008    5   18   12   12   46],844.2229007283095,319.2840366542691,2.722732057781979,0.2114571651603482,0.0587157190858806,0.0829417400304377
B0007,465,impedance,24,[2008.       5.      18.      13.      34.      37.281],842.088850093421,321.417045553232,2.700146702219804,0.2087803273412576,0.0578608501326491,0.0807956240841583
B0007,467,impedance,24,[2008.       5.      18.      17.       4.      27.234],842.989317841902,320.4205687122729,2.707042231076015,0.2097180697725479,0.0571097513991468,0.0823903452866173
B0007,469,impedance,24,[2008.       5.      18.      18.      26.      10.015],841.9401277786175,321.3159005422212,2.699869647279732,0.2087826265165255,0.0575111401549391,0.0818285540818517
B0007,471,impedance,24,[2008.       5.      18.      21.      59.      40.796],842.3903359312786,321.26253879522505,2.700883079938021,0.2089417207855097,0.057017768907922,0.0816566640960627
B0007,473,impedance,24,[2008.       5.      18.      23.      21.      28.437],842.8997218448354,320.3440940847332,2.711666293089113,0.2101631481584098,0.0581808102875489,0.0824870608893921
B0007,475,impedance,24,[2.008e+03 5.000e+00 1.900e+01 2.000e+00 5.500e+01 2.843e+00],843.9267861543266,319.34359768644816,2.7189016670127177,0.2111420902380268,0.0577146867420723,0.0839742832388461
B0007,477,impedance,24,[2008.       5.      19.       4.      16.      50.453],842.3668138093566,321.37283527109935,2.700061086199637,0.2087639054307299,0.0575543418900088,0.0821982911537954
B0007,479,impedance,24,[2008.       5.      19.       7.      49.      12.843],844.0203367537525,319.4342587511298,2.719986743751863,0.2111898533379486,0.0568683507839505,0.083735413702951
B0007,485,impedance,24,[2.0080e+03 5.0000e+00 2.0000e+01 2.0000e+00 6.0000e+00 3.2234e+01],842.2536353876134,320.63447980359143,2.707496977762748,0.2095952060812254,0.0600951025245409,0.0795802594270129
B0007,487,impedance,24,[2008    5   20    5   40    3],841.5573699880755,321.5177175139864,2.6971944074005325,0.2083991170657352,0.0546567857524269,0.0819690564666934
B0007,489,impedance,24,[2.008e+03 5.000e+00 2.000e+01 7.000e+00 1.000e+00 4.739e+01],841.8040124208304,321.8714396687131,2.693453572054485,0.2080763348741096,0.0560093930698341,0.0823836843859126
B0007,491,impedance,24,[2008.       5.      20.      10.      35.      19.875],843.3844496579122,319.6388711953518,2.7167469053017617,0.2107956568138258,0.0585539628869158,0.0817127037862085
B0007,493,impedance,24,[2008.       5.      20.      11.      56.      55.343],842.1331142263192,320.9363155352057,2.704312719388449,0.2092379354119173,0.0571692714551721,0.0822038369997168
B0007,495,impedance,24,[2008.       5.      20.      15.      25.      23.625],843.3790448710882,319.53256611477406,2.7188261560072795,0.2109483615480542,0.0582798533828209,0.0828220199551595
B0007,497,impedance,24,[2008.       5.      20.      16.      46.      59.765],848.2186125769646,314.7563009317619,2.774930329747736,0.2174954983367288,0.0639148743907351,0.0873043067219208
B0007,499,impedance,24,[2008.       5.      20.      20.      18.      35.187],850.1870370981354,312.81890826075124,2.79740827661051,0.2200413535020341,0.0655433340131684,0.0871263036916229
B0007,501,impedance,24,[2008.       5.      20.      21.      40.      11.843],846.9281149669869,316.0909824914601,2.7604697187914056,0.2158293745892611,0.0630590914927044,0.0857356197510925
B0007,503,impedance,24,[2.008e+03 5.000e+00 2.100e+01 1.000e+00 7.000e+00 3.514e+01],850.031123995168,313.10284015041253,2.7943682557560128,0.2196935072940019,0.0634370910506511,0.0896123973508008
B0007,505,impedance,24,[2.008e+03 5.000e+00 2.100e+01 2.000e+00 2.900e+01 2.656e+00],849.4607067344946,313.8854655566101,2.785557835727943,0.218901299610677,0.0646492476769399,0.0895618336923886
B0007,507,impedance,24,[2008    5   21    5   52   23],850.0721840989714,312.77785061374897,2.796461351449439,0.2200199655816767,0.064090710272644,0.0892312868292601
B0007,509,impedance,24,[2008.      5.     21.      7.     13.     41.25],847.8967077417155,315.1097550998738,2.7715770016965617,0.2170969892097613,0.0634189750998401,0.0879807057378254
B0007,511,impedance,24,[2.008e+03 5.000e+00 2.100e+01 1.000e+01 4.600e+01 1.953e+00],849.8705675600645,312.97030885566073,2.7953391105349703,0.2197446769048021,0.0649449108692077,0.0882787478820197
B0007,513,impedance,24,[2008.       5.      21.      12.       7.      20.984],849.5005283108612,313.4180663803409,2.7905112068283127,0.219262201921972,0.0640465949912654,0.0896925559905326
B0007,515,impedance,24,[2008.       5.      21.      15.      38.      16.546],850.3670285135854,312.50431583932664,2.8001405069001355,0.2204140554481606,0.0630912231503855,0.0906646821085215
B0007,517,impedance,24,[2008.      5.     21.     16.     59.     36.14],848.3078848164774,314.5488437144988,2.776583152219292,0.2177570729314445,0.0643512757333224,0.0873367323213312
B0007,519,impedance,24,[2008.       5.      21.      20.      30.       5.343],849.6104678079431,313.1480446987128,2.791977836761127,0.2193864508381127,0.0635675339735441,0.0903675648803086
B0007,521,impedance,24,[2008.       5.      21.      21.      51.      16.781],850.0528367395194,312.71730687755786,2.800276482280639,0.2203784663202956,0.065919483828726,0.0885064843178298
B0007,523,impedance,24,[2.0080e+03 5.0000e+00 2.2000e+01 1.0000e+00 1.0000e+01 5.4593e+01],850.5616625635843,312.44776814638925,2.8013936736242706,0.2203018832297087,0.0635429724086598,0.0899370098322776
B0007,525,impedance,24,[2.008e+03 5.000e+00 2.200e+01 2.000e+00 3.200e+01 6.250e+00],849.7332296368227,313.0346528477778,2.794680411118984,0.2198244226022826,0.0649977419450826,0.0891883981719938
B0007,527,impedance,24,[2008.       5.      22.       6.       0.      35.953],851.3101229968278,311.6405048150128,2.8097062870552563,0.2215631557169814,0.0636275782678698,0.0924495924555913
B0007,529,impedance,24,[2008.       5.      22.       7.      21.      37.921],849.7831865650955,313.08133554806835,2.791986017133708,0.2195778704482424,0.0659153562053605,0.0888195991992062
B0007,531,impedance,24,[2008.       5.      22.      10.      51.      17.265],851.0455624894603,311.6260575350189,2.810084017742684,0.2214067287708827,0.0659014874038333,0.090032670921428
B0007,533,impedance,24,[2008.       5.      22.      12.      12.      19.453],849.7747966960452,313.1595612899837,2.794211537599594,0.219707258745283,0.0651426704589082,0.0899984549872605
B0007,535,impedance,24,[2008.       5.      22.      15.      45.      53.515],851.6234693829514,311.278096138247,2.815044966658635,0.2220994308728099,0.0643487177606421,0.092833768730939
B0007,537,impedance,24,[2008.       5.      22.      17.       6.      57.515],850.2376407495913,312.7186382355929,2.799571257601754,0.2202742117326299,0.0651818373818034,0.0908390534676064
B0007,539,impedance,24,[2008.       5.      22.      20.      27.      44.765],851.0133795523775,311.7709154407298,2.8083535225155907,0.221283054049175,0.0647690231569202,0.0912199045869158
B0007,541,impedance,24,[2008.       5.      22.      21.      48.      39.015],848.7913385540737,314.3582756574943,2.7801701557813185,0.2181502820266069,0.063543167392366,0.0885277806882068
B0007,543,impedance,24,[2008.       5.      23.      11.      41.      10.187],850.2899495714114,312.3267151885518,2.800836982164636,0.220395435312106,0.0635306909323588,0.0911672550374616
B0007,545,impedance,24,[2.0080e+03 5.0000e+00 2.3000e+01 1.3000e+01 2.0000e+00 1.5484e+01],848.2226597786666,314.4580832737568,2.7770432150103344,0.2177660548866307,0.0642248117674788,0.087404820535234
B0007,548,impedance,24,[2008.       5.      23.      21.       3.      54.921],849.5961330794868,313.2945992149246,2.791487717453061,0.2193251576766446,0.064159122570079,0.0903288384983189
B0007,550,impedance,24,[2008.       5.      24.       0.      37.      15.656],849.7713112788489,312.93281007340926,2.793073982262003,0.2196720531186096,0.0664364247968927,0.0867162456940854
B0007,552,impedance,24,[2.0080e+03 5.0000e+00 2.4000e+01 1.0000e+00 5.8000e+01 2.8718e+01],847.7268071294142,315.22758747537506,2.770878656814848,0.2168937420019382,0.0634542700643541,0.0876873614624684
B0007,554,impedance,24,[2008.       5.      24.       5.      28.      14.078],848.7660084325238,313.9146651203117,2.7849821288783403,0.2185643859649624,0.0632981159900529,0.0883740485896972
B0007,556,impedance,24,[2008.       5.      24.       6.      49.      19.062],847.7072193030705,315.39078708443986,2.7684636678150447,0.216693167094164,0.0629193439633048,0.0858239497689485
B0007,558,impedance,24,[2008.       5.      24.      10.      10.      44.312],849.1525689271656,313.6532262332198,2.787227878615329,0.218841150863014,0.0614560121489692,0.0888955702865366
B0007,560,impedance,24,[2008.       5.      24.      11.      31.      49.718],848.5387746805051,314.6297445860607,2.7761217934276843,0.2176574641974306,0.0623784921316839,0.0872119186682282
B0007,562,impedance,24,[2008.       5.      24.      14.      59.       4.171],850.3066927059969,312.4117801012607,2.801947684664047,0.2205207566467157,0.0638237541245271,0.0901737804549904
B0007,564,impedance,24,[2.008e+03 5.000e+00 2.400e+01 1.600e+01 2.000e+01 1.515e+00],849.0041604740603,313.9265309538977,2.7830087557459278,0.2184966796921335,0.0627573323918359,0.0897460999423513
B0007,566,impedance,24,[2008.       5.      24.      19.      49.       7.109],850.2514439522653,312.5140781221922,2.79906137460369,0.2201564520655315,0.0645467994623144,0.090247979907766
B0007,568,impedance,24,[2008.       5.      24.      21.      10.       4.265],848.614545959976,314.3631587253062,2.7801003472407104,0.2179812414722096,0.0639348747828076,0.0889222460552442
B0007,570,impedance,24,[2008.      5.     25.      0.     34.     43.14],850.4842995074736,312.57046908831177,2.797736702440247,0.2201158151793756,0.062496919860526,0.0911554578467061
B0007,572,impedance,24,[2.0080e+03 5.0000e+00 2.5000e+01 1.0000e+00 5.5000e+01 3.0531e+01],848.1113672747878,315.2015857231757,2.772091035672163,0.2171830040561169,0.062650916165869,0.0880368886324022
B0007,574,impedance,24,[2008.       5.      25.       5.      25.      11.093],850.7786281959173,312.09212472879886,2.801591523978772,0.2206305117714031,0.0633478734450752,0.0917263788119531
B0007,576,impedance,24,[2008.       5.      25.       6.      45.      59.203],850.4683641664724,312.18883977302244,2.8048735603912136,0.2208873520844776,0.0657930247569073,0.0902509933428324
B0007,578,impedance,24,[2008.       5.      25.      10.      19.      30.093],850.933393007891,311.97461145994833,2.8049759200128648,0.2209977055126489,0.0672937953995353,0.0887764223987608
B0007,580,impedance,24,[2008.       5.      25.      11.      40.       9.609],849.9740904993987,313.04254154410654,2.793178074092483,0.2197050267627598,0.0643096731968704,0.0909389277271506
B0007,582,impedance,24,[2.008e+03 5.000e+00 2.500e+01 1.500e+01 5.000e+00 1.687e+00],850.0730572783896,312.72030673192506,2.7976319822607665,0.2200168937214508,0.0657954604671003,0.0891371873470344
B0007,584,impedance,24,[2008.      5.     25.     16.     25.     42.25],849.1449819754853,313.7234593345636,2.785089145394932,0.2186868287027571,0.0643176054267762,0.0896505163929506
B0007,586,impedance,24,[2008.       5.      25.      19.      50.      54.953],851.3333951521668,311.44847433796343,2.813187534100513,0.2217389256751992,0.067069037133108,0.0893174652975898
B0007,588,impedance,24,[2008.       5.      25.      21.      11.      31.515],848.9085613038291,313.8513656074575,2.7836775837906798,0.2185181910519078,0.0626477557652421,0.0906276403375599
B0007,590,impedance,24,[2008.       5.      26.       0.      40.      52.859],851.2474006696715,311.542170526156,2.8109783650382987,0.2215940124109697,0.0649094288936879,0.0907572748025285
B0007,592,impedance,24,[2.0080e+03 5.0000e+00 2.6000e+01 2.0000e+00 1.0000e+00 2.9328e+01],849.883398882684,312.95329745062946,2.797127841830733,0.2199661724684096,0.0640990437553907,0.0904889207507275
B0007,594,impedance,24,[2008.       5.      26.       5.      28.      58.109],851.1751417300735,311.9926764675444,2.804632306567717,0.220963984937643,0.0646846710686828,0.0912602372721357
B0007,596,impedance,24,[2008.       5.      26.       6.      49.      35.046],848.415169880799,314.5595284266929,2.776918715471842,0.2176733306382749,0.0626376818009436,0.0889708433613751
B0007,598,impedance,24,[2008.       5.      26.      10.      12.      28.125],852.5847288681534,310.57163215360305,2.824003096805616,0.2231380900501762,0.0647660744068118,0.0933150676288513
B0007,600,impedance,24,[2008.       5.      26.      11.      32.      56.968],849.3367647425126,313.34346571226666,2.790554008995752,0.2192822187104658,0.0646107559934845,0.0901946599299206
B0007,602,impedance,24,[2008.       5.      26.      14.      58.      33.218],851.9297226718278,310.8094467115598,2.81854993872496,0.2225387700516686,0.064686462874031,0.0935717748030131
B0007,604,impedance,24,[2008.       5.      26.      16.      19.       2.828],849.4660652769977,313.1068011425673,2.7936644918436606,0.2195330611906722,0.0649206676495124,0.0895549602057438
B0007,606,impedance,24,[2008.       5.      26.      19.      48.      54.421],851.8179586527152,311.1918617398812,2.813193184659068,0.2219582430386091,0.0649252658383731,0.0913267326241943
B0007,608,impedance,24,[2008.      5.     26.     21.      9.     22.89],849.7655357146128,312.8638158676439,2.7953187672216964,0.2198959356370798,0.0646635360383694,0.0919880772013069
B0007,610,impedance,24,[2008.       5.      27.       0.      27.      55.562],849.573985918306,313.4570000959421,2.788170085369283,0.2189926483680991,0.0624252821602371,0.0898121432394471
B0007,614,impedance,24,[2008.      5.     27.     21.     34.     28.64],852.6475868334273,310.092213637754,2.8304451110438733,0.2237225919676897,0.0671426900201505,0.0933135093128193
B0018,1,impedance,24,[2008.       7.       7.      14.      43.      14.625],827.4792379451645,336.9586371403571,2.5244994484576893,0.203413169383076,0.0651581515845521,0.09555369570022
B0018,3,impedance,24,[2008.       7.       7.      16.      14.       5.328],825.3834204967393,339.1550430311775,2.505456453580497,0.2008006766545413,0.0631981237670715,0.102295112756276
B0018,5,impedance,24,[2008.       7.       7.      21.      21.      23.062],823.973097607906,340.8143865005557,2.4879482170176392,0.1988641700833121,0.0626964471850834,0.0916190292546578
B0018,7,impedance,24,[2008.       7.       7.      22.      51.      31.375],822.8382681191915,342.4311620181513,2.475478568043324,0.1971724134869498,0.0626070139256824,0.0946846935443713
B0018,9,impedance,24,[2.0080e+03 7.0000e+00 8.0000e+00 2.0000e+00 2.4000e+01 2.5109e+01],823.6906843481014,341.0108330793164,2.4850266586539025,0.1985521140510355,0.0613784305860476,0.0918828824623866
B0018,11,impedance,24,[2008.       7.       8.       3.      54.      18.812],822.6272031697698,342.38283833366296,2.474956321905538,0.1971016485776477,0.0619988241836867,0.0960700817119328
B0018,13,impedance,24,[2008.       7.       8.       7.      27.      12.593],823.8627826916185,341.09612880990045,2.4853699277083963,0.1985635491799644,0.0613372486144971,0.0914120280962234
B0018,15,impedance,24,[2008    7    8    8   57    1],821.2138026717251,343.98364416266463,2.460783403884653,0.1952886213474272,0.0614340330056652,0.0920187644768557
B0018,25,impedance,24,[2008.       7.       9.      10.      54.      57.765],822.1295756904493,342.7900553524421,2.468884452898146,0.1964739555881894,0.062464075366672,0.0878449584531599
B0018,27,impedance,24,[2008.       7.       9.      12.      24.      23.859],819.4949742162913,345.6075542142832,2.444117524816418,0.1932376236991735,0.0591122614191441,0.0898982221526576
B0018,37,impedance,24,[2008.       7.      11.       8.      27.      23.859],821.4961908845135,343.2180306590288,2.4664566907365573,0.1960153745016331,0.0610548889224548,0.0879548425080303
B0018,39,impedance,24,[2008.      7.     11.      9.     56.     29.14],819.2872483456739,345.6762669582733,2.446169404574789,0.193334784950971,0.0610092981213067,0.0871066350454787
B0018,49,impedance,24,[2008.       7.      12.       6.      13.      58.531],820.7662195831005,344.0944577064567,2.4574027900895064,0.1949402392734245,0.0606490457336047,0.0875492997393303
B0018,51,impedance,24,[2008.       7.      12.       7.      42.      35.203],819.4939879820535,345.6694704186457,2.4443879308503744,0.1932011950878206,0.0621948186826762,0.085709711905584
B0018,61,impedance,24,[2.0080e+03 7.0000e+00 1.3000e+01 2.0000e+00 4.7000e+01 1.9937e+01],822.2090154607898,343.3425815584751,2.467528056571838,0.1962115079255081,0.0610647915313547,0.088484820718071
B0018,63,impedance,24,[2008.       7.      13.       4.      15.      14.203],818.5166608110202,346.569943348391,2.434560275657397,0.1919946189437261,0.0595969662678692,0.0868405589019254
B0018,73,impedance,24,[2.008e+03 7.000e+00 1.500e+01 4.000e+00 4.300e+01 9.680e-01],820.1946481720379,344.7462571608755,2.451253173437403,0.1941354926489948,0.0628710617847731,0.0850061597091283
B0018,75,impedance,24,[2008.       7.      15.       6.      11.       8.359],818.0958005836983,346.8669418548941,2.4310788605217004,0.1915411762404294,0.0609507504152175,0.0854432604918211
B0018,85,impedance,24,[2.0080e+03 7.0000e+00 1.6000e+01 1.0000e+00 1.3000e+01 2.6609e+01],820.6805341501446,344.5457075293053,2.4532762623943296,0.1944459906940277,0.0627903797735489,0.0861108271576963
B0018,87,impedance,24,[2.0080e+03 7.0000e+00 1.6000e+01 2.0000e+00 4.0000e+01 5.8796e+01],818.3217485145345,346.7545987454343,2.4335612761188554,0.1918358212876406,0.0620543276699188,0.0841039159798283
B0018,97,impedance,24,[2008.       7.      16.      21.      42.       9.968],820.73683547329,344.2375589684826,2.4564136673811205,0.1948061588611727,0.0612687404694232,0.0871128650055224
B0018,99,impedance,24,[2008.       7.      16.      23.       9.       6.296],818.869370900292,346.2927582173357,2.4392182597171206,0.1924906665299158,0.0627057717757101,0.0838112972640761
B0018,109,impedance,24,[2008.       7.      19.       8.      53.      42.015],821.9501863941929,342.8533731033924,2.4725470565677825,0.1967040447690791,0.0602301101735637,0.0877848925885978
B0018,111,impedance,24,[2008.       7.      19.      10.      20.      17.109],818.6662641100035,346.0624929187211,2.4411652018208936,0.1927371911818039,0.0618017944104421,0.0851627893757878
B0018,125,impedance,24,[2008.       7.      30.      10.      47.      40.421],819.428556194709,345.1654609878655,2.4506734956607885,0.1938362067122502,0.0633599857416457,0.0860082471809912
B0018,136,impedance,24,[2008.       7.      31.      11.       4.      34.796],818.9776101484864,345.4726351647936,2.4462227592738413,0.1933535960568021,0.0625497108858106,0.0843178209735426
B0018,138,impedance,24,[2.0080e+03 7.0000e+00 3.1000e+01 2.3000e+01 2.0000e+00 5.4953e+01],818.5364117200734,345.6409768828959,2.441136122613761,0.192805853817146,0.0608839675600462,0.0852251201269989
B0018,148,impedance,24,[2.008e+03 8.000e+00 2.000e+00 8.000e+00 5.500e+01 3.281e+00],820.1469415840428,344.0612223832824,2.4572384548108204,0.1948378333893966,0.0623189427460542,0.0859882467642574
B0018,150,impedance,24,[2.0080e+03 8.0000e+00 2.0000e+00 1.0000e+01 2.4000e+01 3.1984e+01],818.2875170905894,345.9339481593268,2.44282035277444,0.192862543849552,0.0619094323498869,0.084880750149247
B0018,160,impedance,24,[2008.       8.       3.       5.       7.      23.546],822.1260082297658,341.93148591558065,2.479970549357077,0.1976263137027318,0.0632884153578242,0.0884732058328667
B0018,162,impedance,24,[2008.       8.       3.       6.      35.      43.796],819.4200331033917,344.79779951738647,2.452739711637863,0.1941390432081505,0.0624424564129125,0.085530754144125
B0018,172,impedance,24,[2.0080e+03 8.0000e+00 4.0000e+00 1.0000e+00 1.6000e+01 5.2796e+01],823.0073315353711,340.98313157172373,2.484793906765476,0.1984011215468778,0.0627245995271744,0.090046169627389
B0018,174,impedance,24,[2.0080e+03 8.0000e+00 4.0000e+00 2.0000e+00 4.4000e+01 1.6218e+01],820.2666039664879,343.58587633000235,2.4624828845858606,0.1954226163193179,0.0631972345620259,0.0872013762847039
B0018,185,impedance,24,[2008.       8.       5.       9.      19.       2.828],820.8970633758717,343.42749948279817,2.4670932830598087,0.1959616155083699,0.0633286451454753,0.0879797666852718
B0018,195,impedance,24,[2008.       8.       6.       3.      56.       3.328],824.3488074569326,340.31997404695,2.4928892067259234,0.1994591841826828,0.0643827606982796,0.0910814973658125
B0018,197,impedance,24,[2008.       8.       6.       5.      22.       8.593],821.4685667411271,342.9424456846148,2.4694191201762488,0.1963608334748938,0.0632262185222777,0.0876297004096254
B0018,207,impedance,24,[2008.       8.       6.      23.      55.      49.046],824.5027497755837,339.89529764380706,2.500134944434405,0.2001761459525462,0.0627596460234384,0.0922488167541978
B0018,209,impedance,24,[2.0080e+03 8.0000e+00 7.0000e+00 1.0000e+00 2.1000e+01 1.8375e+01],821.5649484442241,342.8786979708372,2.4722893808895634,0.1966504882631684,0.0630642320115214,0.0887875504657166
B0018,220,impedance,24,[2008.     8.     8.    11.     8.    17.5],823.0081855456414,341.9454351989952,2.481481522743815,0.19784802660744,0.0654312939216661,0.0884263275530729
B0018,230,impedance,24,[2008.       8.       9.      11.       5.       3.671],824.7500956642571,340.1307833700779,2.4958797477030323,0.1998059753925899,0.0640350502034096,0.0916416933004205
B0018,232,impedance,24,[2008.       8.       9.      12.      29.      58.343],822.3624450386909,342.25849238236816,2.478689989505265,0.1974517470063851,0.0643168361931131,0.0868069025668704
B0018,242,impedance,24,[2008.       8.      10.       6.      47.      17.265],826.3582935124901,338.68496774893146,2.5114756788111925,0.2016949017091056,0.0654644342393943,0.0925002319045349
B0018,244,impedance,24,[2008.       8.      10.       8.      11.      28.671],823.4341026164603,341.18775313172364,2.4867928462073574,0.1985493814169306,0.0654529706546391,0.0888408418585299
B0018,254,impedance,24,[2.0080e+03 8.0000e+00 1.1000e+01 2.0000e+00 2.1000e+01 2.8359e+01],825.9705568831399,338.6333777552679,2.5110507535011224,0.2016626863178937,0.0660567598197252,0.0902436427818111
B0018,256,impedance,24,[2008.       8.      11.       3.      45.      14.421],823.9506963501922,341.0383948920957,2.491306667512361,0.1990771370388366,0.0655091497890936,0.089572346161732
B0018,267,impedance,24,[2008.       8.      15.       4.      52.      13.984],823.4854775302341,341.50883320874027,2.4879618714138423,0.1985605596388957,0.0660246141591635,0.0893968694708912
B0018,277,impedance,24,[2008.       8.      15.      22.      55.      12.296],825.1594617640752,339.24752642019206,2.5080869963621715,0.201048790068814,0.0652892568851771,0.0913916544478255
B0018,279,impedance,24,[2008.       8.      16.       0.      19.      33.375],822.0144440001513,342.914171870217,2.4718355446018574,0.1966323764298592,0.0629732782106259,0.0879110001707879
B0018,289,impedance,24,[2008.       8.      16.      18.      43.      57.156],827.0522715734332,337.6593874410335,2.5220398435181166,0.2029213604010936,0.0651685236241181,0.0957073119737363
B0018,291,impedance,24,[2008.       8.      16.      20.       7.      19.218],823.7550989716746,341.4440177957092,2.48705177145618,0.1985948803574388,0.0637387678424481,0.0911517651919058
B0018,302,impedance,24,[2008.       8.      19.       6.       9.      14.562],823.6996393818431,341.4595300975887,2.4887309974403826,0.1986886680689193,0.0652185637943141,0.0903487114950748
B0018,312,impedance,24,[2008.       8.      20.       0.      11.      12.234],825.8449221834979,338.94440592432574,2.508327476827597,0.2012842766889938,0.0659045596348677,0.0920096535708447
B0018,314,impedance,24,[2.0080e+03 8.0000e+00 2.0000e+01 1.0000e+00 3.4000e+01 4.4437e+01],823.5327785241819,341.32906880467857,2.487148068568525,0.1985550381018003,0.0660685027151648,0.0889588507439178
